2026-04-01 18:48:19 [background-preinit] INFO  org.hibernate.validator.internal.util.Version - HV000001: Hibernate Validator 8.0.1.Final
2026-04-01 18:48:19 [restartedMain] INFO  com.gyan.GyanApplication - Starting GyanApplication using Java 21.0.8 with PID 3608 (C:\Users\manjk\OneDrive\Desktop\Discipline\gyan\backend\target\classes started by manjk in C:\Users\manjk\OneDrive\Desktop\Discipline\gyan\backend)
2026-04-01 18:48:19 [restartedMain] INFO  com.gyan.GyanApplication - No active profile set, falling back to 1 default profile: "default"
2026-04-01 18:48:19 [restartedMain] INFO  org.springframework.boot.devtools.env.DevToolsPropertyDefaultsPostProcessor - Devtools property defaults active! Set 'spring.devtools.add-properties' to 'false' to disable
2026-04-01 18:48:19 [restartedMain] INFO  org.springframework.boot.devtools.env.DevToolsPropertyDefaultsPostProcessor - For additional web related logging consider setting the 'logging.level.web' property to 'DEBUG'
2026-04-01 18:48:22 [restartedMain] INFO  org.springframework.data.repository.config.RepositoryConfigurationDelegate - Multiple Spring Data modules found, entering strict repository configuration mode
2026-04-01 18:48:22 [restartedMain] INFO  org.springframework.data.repository.config.RepositoryConfigurationDelegate - Bootstrapping Spring Data Elasticsearch repositories in DEFAULT mode.
2026-04-01 18:48:22 [restartedMain] INFO  org.springframework.data.repository.config.RepositoryConfigurationExtensionSupport - Spring Data Elasticsearch - Could not safely identify store assignment for repository candidate interface com.gyan.repository.DocumentChunkRepository; If you want this repository to be a Elasticsearch repository, consider annotating your entities with one of these annotations: org.springframework.data.elasticsearch.annotations.Document (preferred), or consider extending one of the following types with your repository: org.springframework.data.elasticsearch.repository.ElasticsearchRepository
2026-04-01 18:48:22 [restartedMain] INFO  org.springframework.data.repository.config.RepositoryConfigurationExtensionSupport - Spring Data Elasticsearch - Could not safely identify store assignment for repository candidate interface com.gyan.repository.DocumentRepository; If you want this repository to be a Elasticsearch repository, consider annotating your entities with one of these annotations: org.springframework.data.elasticsearch.annotations.Document (preferred), or consider extending one of the following types with your repository: org.springframework.data.elasticsearch.repository.ElasticsearchRepository
2026-04-01 18:48:22 [restartedMain] INFO  org.springframework.data.repository.config.RepositoryConfigurationExtensionSupport - Spring Data Elasticsearch - Could not safely identify store assignment for repository candidate interface com.gyan.repository.UserRepository; If you want this repository to be a Elasticsearch repository, consider annotating your entities with one of these annotations: org.springframework.data.elasticsearch.annotations.Document (preferred), or consider extending one of the following types with your repository: org.springframework.data.elasticsearch.repository.ElasticsearchRepository
2026-04-01 18:48:22 [restartedMain] INFO  org.springframework.data.repository.config.RepositoryConfigurationDelegate - Finished Spring Data repository scanning in 135 ms. Found 1 Elasticsearch repository interface.
2026-04-01 18:48:22 [restartedMain] INFO  org.springframework.data.repository.config.RepositoryConfigurationDelegate - Multiple Spring Data modules found, entering strict repository configuration mode
2026-04-01 18:48:22 [restartedMain] INFO  org.springframework.data.repository.config.RepositoryConfigurationDelegate - Bootstrapping Spring Data JPA repositories in DEFAULT mode.
2026-04-01 18:48:22 [restartedMain] INFO  org.springframework.data.repository.config.RepositoryConfigurationExtensionSupport - Spring Data JPA - Could not safely identify store assignment for repository candidate interface com.gyan.repository.DocumentSearchRepository; If you want this repository to be a JPA repository, consider annotating your entities with one of these annotations: jakarta.persistence.Entity, jakarta.persistence.MappedSuperclass (preferred), or consider extending one of the following types with your repository: org.springframework.data.jpa.repository.JpaRepository
2026-04-01 18:48:22 [restartedMain] INFO  org.springframework.data.repository.config.RepositoryConfigurationDelegate - Finished Spring Data repository scanning in 58 ms. Found 3 JPA repository interfaces.
2026-04-01 18:48:24 [restartedMain] INFO  org.springframework.boot.web.embedded.tomcat.TomcatWebServer - Tomcat initialized with port 8080 (http)
2026-04-01 18:48:24 [restartedMain] INFO  org.apache.coyote.http11.Http11NioProtocol - Initializing ProtocolHandler ["http-nio-8080"]
2026-04-01 18:48:24 [restartedMain] INFO  org.apache.catalina.core.StandardService - Starting service [Tomcat]
2026-04-01 18:48:24 [restartedMain] INFO  org.apache.catalina.core.StandardEngine - Starting Servlet engine: [Apache Tomcat/10.1.31]
2026-04-01 18:48:24 [restartedMain] INFO  org.apache.catalina.core.ContainerBase.[Tomcat].[localhost].[/] - Initializing Spring embedded WebApplicationContext
2026-04-01 18:48:24 [restartedMain] INFO  org.springframework.boot.web.servlet.context.ServletWebServerApplicationContext - Root WebApplicationContext: initialization completed in 5403 ms
2026-04-01 18:48:25 [restartedMain] INFO  org.hibernate.jpa.internal.util.LogHelper - HHH000204: Processing PersistenceUnitInfo [name: default]
2026-04-01 18:48:25 [restartedMain] INFO  org.hibernate.Version - HHH000412: Hibernate ORM core version 6.5.3.Final
2026-04-01 18:48:25 [restartedMain] INFO  org.hibernate.cache.internal.RegionFactoryInitiator - HHH000026: Second-level cache disabled
2026-04-01 18:48:26 [restartedMain] INFO  org.springframework.orm.jpa.persistenceunit.SpringPersistenceUnitInfo - No LoadTimeWeaver setup: ignoring JPA class transformer
2026-04-01 18:48:26 [restartedMain] INFO  com.zaxxer.hikari.HikariDataSource - HikariPool-1 - Starting...
2026-04-01 18:48:26 [restartedMain] INFO  com.zaxxer.hikari.pool.HikariPool - HikariPool-1 - Added connection org.postgresql.jdbc.PgConnection@774f4f2
2026-04-01 18:48:26 [restartedMain] INFO  com.zaxxer.hikari.HikariDataSource - HikariPool-1 - Start completed.
2026-04-01 18:48:27 [restartedMain] WARN  org.hibernate.orm.deprecation - HHH90000025: PostgreSQLDialect does not need to be specified explicitly using 'hibernate.dialect' (remove the property setting and it will be selected by default)
2026-04-01 18:48:29 [restartedMain] INFO  org.hibernate.engine.transaction.jta.platform.internal.JtaPlatformInitiator - HHH000489: No JTA platform available (set 'hibernate.transaction.jta.platform' to enable JTA platform integration)
2026-04-01 18:48:29 [restartedMain] INFO  org.springframework.orm.jpa.LocalContainerEntityManagerFactoryBean - Initialized JPA EntityManagerFactory for persistence unit 'default'
2026-04-01 18:48:31 [restartedMain] INFO  org.springframework.boot.devtools.autoconfigure.OptionalLiveReloadServer - LiveReload server is running on port 35729
2026-04-01 18:48:35 [restartedMain] WARN  org.springframework.boot.autoconfigure.orm.jpa.JpaBaseConfiguration$JpaWebConfiguration - spring.jpa.open-in-view is enabled by default. Therefore, database queries may be performed during view rendering. Explicitly configure spring.jpa.open-in-view to disable this warning
2026-04-01 18:48:35 [restartedMain] WARN  org.springframework.boot.autoconfigure.security.servlet.UserDetailsServiceAutoConfiguration - 

Using generated security password: 09fe50c2-afe0-41c3-a266-dc5f04f498fc

This generated password is for development use only. Your security configuration must be updated before running your application in production.

2026-04-01 18:48:35 [restartedMain] INFO  org.springframework.security.config.annotation.authentication.configuration.InitializeUserDetailsBeanManagerConfigurer$InitializeUserDetailsManagerConfigurer - Global AuthenticationManager configured with UserDetailsService bean with name inMemoryUserDetailsManager
2026-04-01 18:48:37 [restartedMain] INFO  org.apache.kafka.clients.admin.AdminClientConfig - AdminClientConfig values: 
	auto.include.jmx.reporter = true
	bootstrap.controllers = []
	bootstrap.servers = [localhost:9092]
	client.dns.lookup = use_all_dns_ips
	client.id = gyan-admin-0
	connections.max.idle.ms = 300000
	default.api.timeout.ms = 60000
	enable.metrics.push = true
	metadata.max.age.ms = 300000
	metric.reporters = []
	metrics.num.samples = 2
	metrics.recording.level = INFO
	metrics.sample.window.ms = 30000
	receive.buffer.bytes = 65536
	reconnect.backoff.max.ms = 1000
	reconnect.backoff.ms = 50
	request.timeout.ms = 30000
	retries = 2147483647
	retry.backoff.max.ms = 1000
	retry.backoff.ms = 100
	sasl.client.callback.handler.class = null
	sasl.jaas.config = null
	sasl.kerberos.kinit.cmd = /usr/bin/kinit
	sasl.kerberos.min.time.before.relogin = 60000
	sasl.kerberos.service.name = null
	sasl.kerberos.ticket.renew.jitter = 0.05
	sasl.kerberos.ticket.renew.window.factor = 0.8
	sasl.login.callback.handler.class = null
	sasl.login.class = null
	sasl.login.connect.timeout.ms = null
	sasl.login.read.timeout.ms = null
	sasl.login.refresh.buffer.seconds = 300
	sasl.login.refresh.min.period.seconds = 60
	sasl.login.refresh.window.factor = 0.8
	sasl.login.refresh.window.jitter = 0.05
	sasl.login.retry.backoff.max.ms = 10000
	sasl.login.retry.backoff.ms = 100
	sasl.mechanism = GSSAPI
	sasl.oauthbearer.clock.skew.seconds = 30
	sasl.oauthbearer.expected.audience = null
	sasl.oauthbearer.expected.issuer = null
	sasl.oauthbearer.jwks.endpoint.refresh.ms = 3600000
	sasl.oauthbearer.jwks.endpoint.retry.backoff.max.ms = 10000
	sasl.oauthbearer.jwks.endpoint.retry.backoff.ms = 100
	sasl.oauthbearer.jwks.endpoint.url = null
	sasl.oauthbearer.scope.claim.name = scope
	sasl.oauthbearer.sub.claim.name = sub
	sasl.oauthbearer.token.endpoint.url = null
	security.protocol = PLAINTEXT
	security.providers = null
	send.buffer.bytes = 131072
	socket.connection.setup.timeout.max.ms = 30000
	socket.connection.setup.timeout.ms = 10000
	ssl.cipher.suites = null
	ssl.enabled.protocols = [TLSv1.2, TLSv1.3]
	ssl.endpoint.identification.algorithm = https
	ssl.engine.factory.class = null
	ssl.key.password = null
	ssl.keymanager.algorithm = SunX509
	ssl.keystore.certificate.chain = null
	ssl.keystore.key = null
	ssl.keystore.location = null
	ssl.keystore.password = null
	ssl.keystore.type = JKS
	ssl.protocol = TLSv1.3
	ssl.provider = null
	ssl.secure.random.implementation = null
	ssl.trustmanager.algorithm = PKIX
	ssl.truststore.certificates = null
	ssl.truststore.location = null
	ssl.truststore.password = null
	ssl.truststore.type = JKS

2026-04-01 18:48:38 [restartedMain] INFO  org.apache.kafka.common.utils.AppInfoParser - Kafka version: 3.7.1
2026-04-01 18:48:38 [restartedMain] INFO  org.apache.kafka.common.utils.AppInfoParser - Kafka commitId: e2494e6ffb89f828
2026-04-01 18:48:38 [restartedMain] INFO  org.apache.kafka.common.utils.AppInfoParser - Kafka startTimeMs: 1775049518176
2026-04-01 18:48:39 [kafka-admin-client-thread | gyan-admin-0] INFO  org.apache.kafka.common.utils.AppInfoParser - App info kafka.admin.client for gyan-admin-0 unregistered
2026-04-01 18:48:39 [kafka-admin-client-thread | gyan-admin-0] INFO  org.apache.kafka.common.metrics.Metrics - Metrics scheduler closed
2026-04-01 18:48:39 [kafka-admin-client-thread | gyan-admin-0] INFO  org.apache.kafka.common.metrics.Metrics - Closing reporter org.apache.kafka.common.metrics.JmxReporter
2026-04-01 18:48:39 [kafka-admin-client-thread | gyan-admin-0] INFO  org.apache.kafka.common.metrics.Metrics - Metrics reporters closed
2026-04-01 18:48:39 [restartedMain] INFO  org.apache.coyote.http11.Http11NioProtocol - Starting ProtocolHandler ["http-nio-8080"]
2026-04-01 18:48:39 [restartedMain] INFO  org.springframework.boot.web.embedded.tomcat.TomcatWebServer - Tomcat started on port 8080 (http) with context path '/'
2026-04-01 18:48:39 [restartedMain] INFO  org.apache.kafka.clients.consumer.ConsumerConfig - ConsumerConfig values: 
	allow.auto.create.topics = true
	auto.commit.interval.ms = 5000
	auto.include.jmx.reporter = true
	auto.offset.reset = earliest
	bootstrap.servers = [localhost:9092]
	check.crcs = true
	client.dns.lookup = use_all_dns_ips
	client.id = consumer-document-workers-1
	client.rack = 
	connections.max.idle.ms = 540000
	default.api.timeout.ms = 60000
	enable.auto.commit = false
	enable.metrics.push = true
	exclude.internal.topics = true
	fetch.max.bytes = 52428800
	fetch.max.wait.ms = 500
	fetch.min.bytes = 1
	group.id = document-workers
	group.instance.id = null
	group.protocol = classic
	group.remote.assignor = null
	heartbeat.interval.ms = 3000
	interceptor.classes = []
	internal.leave.group.on.close = true
	internal.throw.on.fetch.stable.offset.unsupported = false
	isolation.level = read_uncommitted
	key.deserializer = class org.apache.kafka.common.serialization.StringDeserializer
	max.partition.fetch.bytes = 1048576
	max.poll.interval.ms = 300000
	max.poll.records = 500
	metadata.max.age.ms = 300000
	metric.reporters = []
	metrics.num.samples = 2
	metrics.recording.level = INFO
	metrics.sample.window.ms = 30000
	partition.assignment.strategy = [class org.apache.kafka.clients.consumer.RangeAssignor, class org.apache.kafka.clients.consumer.CooperativeStickyAssignor]
	receive.buffer.bytes = 65536
	reconnect.backoff.max.ms = 1000
	reconnect.backoff.ms = 50
	request.timeout.ms = 30000
	retry.backoff.max.ms = 1000
	retry.backoff.ms = 100
	sasl.client.callback.handler.class = null
	sasl.jaas.config = null
	sasl.kerberos.kinit.cmd = /usr/bin/kinit
	sasl.kerberos.min.time.before.relogin = 60000
	sasl.kerberos.service.name = null
	sasl.kerberos.ticket.renew.jitter = 0.05
	sasl.kerberos.ticket.renew.window.factor = 0.8
	sasl.login.callback.handler.class = null
	sasl.login.class = null
	sasl.login.connect.timeout.ms = null
	sasl.login.read.timeout.ms = null
	sasl.login.refresh.buffer.seconds = 300
	sasl.login.refresh.min.period.seconds = 60
	sasl.login.refresh.window.factor = 0.8
	sasl.login.refresh.window.jitter = 0.05
	sasl.login.retry.backoff.max.ms = 10000
	sasl.login.retry.backoff.ms = 100
	sasl.mechanism = GSSAPI
	sasl.oauthbearer.clock.skew.seconds = 30
	sasl.oauthbearer.expected.audience = null
	sasl.oauthbearer.expected.issuer = null
	sasl.oauthbearer.jwks.endpoint.refresh.ms = 3600000
	sasl.oauthbearer.jwks.endpoint.retry.backoff.max.ms = 10000
	sasl.oauthbearer.jwks.endpoint.retry.backoff.ms = 100
	sasl.oauthbearer.jwks.endpoint.url = null
	sasl.oauthbearer.scope.claim.name = scope
	sasl.oauthbearer.sub.claim.name = sub
	sasl.oauthbearer.token.endpoint.url = null
	security.protocol = PLAINTEXT
	security.providers = null
	send.buffer.bytes = 131072
	session.timeout.ms = 45000
	socket.connection.setup.timeout.max.ms = 30000
	socket.connection.setup.timeout.ms = 10000
	ssl.cipher.suites = null
	ssl.enabled.protocols = [TLSv1.2, TLSv1.3]
	ssl.endpoint.identification.algorithm = https
	ssl.engine.factory.class = null
	ssl.key.password = null
	ssl.keymanager.algorithm = SunX509
	ssl.keystore.certificate.chain = null
	ssl.keystore.key = null
	ssl.keystore.location = null
	ssl.keystore.password = null
	ssl.keystore.type = JKS
	ssl.protocol = TLSv1.3
	ssl.provider = null
	ssl.secure.random.implementation = null
	ssl.trustmanager.algorithm = PKIX
	ssl.truststore.certificates = null
	ssl.truststore.location = null
	ssl.truststore.password = null
	ssl.truststore.type = JKS
	value.deserializer = class org.springframework.kafka.support.serializer.JsonDeserializer

2026-04-01 18:48:39 [restartedMain] INFO  org.apache.kafka.common.telemetry.internals.KafkaMetricsCollector - initializing Kafka metrics collector
2026-04-01 18:48:39 [restartedMain] INFO  org.apache.kafka.common.utils.AppInfoParser - Kafka version: 3.7.1
2026-04-01 18:48:39 [restartedMain] INFO  org.apache.kafka.common.utils.AppInfoParser - Kafka commitId: e2494e6ffb89f828
2026-04-01 18:48:39 [restartedMain] INFO  org.apache.kafka.common.utils.AppInfoParser - Kafka startTimeMs: 1775049519288
2026-04-01 18:48:39 [restartedMain] INFO  org.apache.kafka.clients.consumer.internals.LegacyKafkaConsumer - [Consumer clientId=consumer-document-workers-1, groupId=document-workers] Subscribed to topic(s): document-uploaded
2026-04-01 18:48:39 [restartedMain] INFO  com.gyan.GyanApplication - Started GyanApplication in 21.564 seconds (process running for 23.036)
2026-04-01 18:48:39 [org.springframework.kafka.KafkaListenerEndpointContainer#0-0-C-1] INFO  org.apache.kafka.clients.Metadata - [Consumer clientId=consumer-document-workers-1, groupId=document-workers] Cluster ID: phIC6OCuTGem87Ywbqq44Q
2026-04-01 18:48:39 [org.springframework.kafka.KafkaListenerEndpointContainer#0-0-C-1] INFO  org.apache.kafka.clients.consumer.internals.ConsumerCoordinator - [Consumer clientId=consumer-document-workers-1, groupId=document-workers] Discovered group coordinator localhost:9092 (id: 2147483646 rack: null)
2026-04-01 18:48:39 [org.springframework.kafka.KafkaListenerEndpointContainer#0-0-C-1] INFO  org.apache.kafka.clients.consumer.internals.ConsumerCoordinator - [Consumer clientId=consumer-document-workers-1, groupId=document-workers] (Re-)joining group
2026-04-01 18:48:39 [org.springframework.kafka.KafkaListenerEndpointContainer#0-0-C-1] INFO  org.apache.kafka.clients.consumer.internals.ConsumerCoordinator - [Consumer clientId=consumer-document-workers-1, groupId=document-workers] Request joining group due to: need to re-join with the given member-id: consumer-document-workers-1-62b383de-46a9-4210-a6d5-c3d9a7702165
2026-04-01 18:48:39 [org.springframework.kafka.KafkaListenerEndpointContainer#0-0-C-1] INFO  org.apache.kafka.clients.consumer.internals.ConsumerCoordinator - [Consumer clientId=consumer-document-workers-1, groupId=document-workers] (Re-)joining group
2026-04-01 18:58:31 [org.springframework.kafka.KafkaListenerEndpointContainer#0-0-C-1] INFO  org.apache.kafka.clients.NetworkClient - [Consumer clientId=consumer-document-workers-1, groupId=document-workers] Node -1 disconnected.
2026-04-01 18:58:31 [org.springframework.kafka.KafkaListenerEndpointContainer#0-0-C-1] INFO  org.apache.kafka.clients.NetworkClient - [Consumer clientId=consumer-document-workers-1, groupId=document-workers] Disconnecting from node 2147483646 due to request timeout.
2026-04-01 18:58:31 [org.springframework.kafka.KafkaListenerEndpointContainer#0-0-C-1] INFO  org.apache.kafka.clients.NetworkClient - [Consumer clientId=consumer-document-workers-1, groupId=document-workers] Cancelled in-flight JOIN_GROUP request with correlation id 6 due to node 2147483646 being disconnected (elapsed time since creation: 592124ms, elapsed time since send: 592125ms, request timeout: 305000ms)
2026-04-01 18:58:31 [org.springframework.kafka.KafkaListenerEndpointContainer#0-0-C-1] INFO  org.apache.kafka.clients.consumer.internals.ConsumerCoordinator - [Consumer clientId=consumer-document-workers-1, groupId=document-workers] Group coordinator localhost:9092 (id: 2147483646 rack: null) is unavailable or invalid due to cause: null. isDisconnected: true. Rediscovery will be attempted.
2026-04-01 18:58:33 [org.springframework.kafka.KafkaListenerEndpointContainer#0-0-C-1] INFO  org.apache.kafka.clients.consumer.internals.ConsumerCoordinator - [Consumer clientId=consumer-document-workers-1, groupId=document-workers] Discovered group coordinator localhost:9092 (id: 2147483646 rack: null)
2026-04-01 18:58:33 [org.springframework.kafka.KafkaListenerEndpointContainer#0-0-C-1] INFO  org.apache.kafka.clients.consumer.internals.ConsumerCoordinator - [Consumer clientId=consumer-document-workers-1, groupId=document-workers] Request joining group due to: rebalance failed due to 'null' (DisconnectException)
2026-04-01 18:58:33 [org.springframework.kafka.KafkaListenerEndpointContainer#0-0-C-1] INFO  org.apache.kafka.clients.consumer.internals.ConsumerCoordinator - [Consumer clientId=consumer-document-workers-1, groupId=document-workers] (Re-)joining group
2026-04-01 18:58:37 [HikariPool-1 housekeeper] WARN  com.zaxxer.hikari.pool.HikariPool - HikariPool-1 - Thread starvation or clock leap detected (housekeeper delta=10m13s601ms301µs200ns).
2026-04-01 18:58:48 [org.springframework.kafka.KafkaListenerEndpointContainer#0-0-C-1] INFO  org.apache.kafka.clients.consumer.internals.ConsumerCoordinator - [Consumer clientId=consumer-document-workers-1, groupId=document-workers] Successfully joined group with generation Generation{generationId=6, memberId='consumer-document-workers-1-62b383de-46a9-4210-a6d5-c3d9a7702165', protocol='range'}
2026-04-01 18:58:48 [org.springframework.kafka.KafkaListenerEndpointContainer#0-0-C-1] INFO  org.apache.kafka.clients.consumer.internals.ConsumerCoordinator - [Consumer clientId=consumer-document-workers-1, groupId=document-workers] Finished assignment for group at generation 6: {consumer-document-workers-1-62b383de-46a9-4210-a6d5-c3d9a7702165=Assignment(partitions=[document-uploaded-0, document-uploaded-1, document-uploaded-2])}
2026-04-01 18:58:48 [org.springframework.kafka.KafkaListenerEndpointContainer#0-0-C-1] INFO  org.apache.kafka.clients.consumer.internals.ConsumerCoordinator - [Consumer clientId=consumer-document-workers-1, groupId=document-workers] Successfully synced group in generation Generation{generationId=6, memberId='consumer-document-workers-1-62b383de-46a9-4210-a6d5-c3d9a7702165', protocol='range'}
2026-04-01 18:58:48 [org.springframework.kafka.KafkaListenerEndpointContainer#0-0-C-1] INFO  org.apache.kafka.clients.consumer.internals.ConsumerCoordinator - [Consumer clientId=consumer-document-workers-1, groupId=document-workers] Notifying assignor about the new Assignment(partitions=[document-uploaded-0, document-uploaded-1, document-uploaded-2])
2026-04-01 18:58:48 [org.springframework.kafka.KafkaListenerEndpointContainer#0-0-C-1] INFO  org.apache.kafka.clients.consumer.internals.ConsumerRebalanceListenerInvoker - [Consumer clientId=consumer-document-workers-1, groupId=document-workers] Adding newly assigned partitions: document-uploaded-0, document-uploaded-1, document-uploaded-2
2026-04-01 18:58:48 [org.springframework.kafka.KafkaListenerEndpointContainer#0-0-C-1] INFO  org.apache.kafka.clients.consumer.internals.ConsumerCoordinator - [Consumer clientId=consumer-document-workers-1, groupId=document-workers] Found no committed offset for partition document-uploaded-2
2026-04-01 18:58:48 [org.springframework.kafka.KafkaListenerEndpointContainer#0-0-C-1] INFO  org.apache.kafka.clients.consumer.internals.ConsumerCoordinator - [Consumer clientId=consumer-document-workers-1, groupId=document-workers] Found no committed offset for partition document-uploaded-1
2026-04-01 18:58:48 [org.springframework.kafka.KafkaListenerEndpointContainer#0-0-C-1] INFO  org.apache.kafka.clients.consumer.internals.ConsumerUtils - Setting offset for partition document-uploaded-0 to the committed offset FetchPosition{offset=2, offsetEpoch=Optional.empty, currentLeader=LeaderAndEpoch{leader=Optional[localhost:9092 (id: 1 rack: null)], epoch=0}}
2026-04-01 18:58:48 [org.springframework.kafka.KafkaListenerEndpointContainer#0-0-C-1] INFO  org.apache.kafka.clients.consumer.internals.SubscriptionState - [Consumer clientId=consumer-document-workers-1, groupId=document-workers] Resetting offset for partition document-uploaded-2 to position FetchPosition{offset=0, offsetEpoch=Optional.empty, currentLeader=LeaderAndEpoch{leader=Optional[localhost:9092 (id: 1 rack: null)], epoch=0}}.
2026-04-01 18:58:48 [org.springframework.kafka.KafkaListenerEndpointContainer#0-0-C-1] INFO  org.apache.kafka.clients.consumer.internals.SubscriptionState - [Consumer clientId=consumer-document-workers-1, groupId=document-workers] Resetting offset for partition document-uploaded-1 to position FetchPosition{offset=0, offsetEpoch=Optional.empty, currentLeader=LeaderAndEpoch{leader=Optional[localhost:9092 (id: 1 rack: null)], epoch=0}}.
2026-04-01 18:58:48 [org.springframework.kafka.KafkaListenerEndpointContainer#0-0-C-1] INFO  org.springframework.kafka.listener.KafkaMessageListenerContainer - document-workers: partitions assigned: [document-uploaded-0, document-uploaded-1, document-uploaded-2]
2026-04-01 18:59:19 [http-nio-8080-exec-1] INFO  org.apache.catalina.core.ContainerBase.[Tomcat].[localhost].[/] - Initializing Spring DispatcherServlet 'dispatcherServlet'
2026-04-01 18:59:19 [http-nio-8080-exec-1] INFO  org.springframework.web.servlet.DispatcherServlet - Initializing Servlet 'dispatcherServlet'
2026-04-01 18:59:19 [http-nio-8080-exec-1] INFO  org.springframework.web.servlet.DispatcherServlet - Completed initialization in 4 ms
2026-04-01 18:59:19 [http-nio-8080-exec-3] INFO  com.gyan.util.RequestLoggingFilter - Request 587d2f9a-e4dd-487e-8246-371566ca6660 started: POST /auth/login
2026-04-01 18:59:19 [http-nio-8080-exec-3] INFO  com.gyan.util.RequestLoggingFilter - Request 587d2f9a-e4dd-487e-8246-371566ca6660 completed with status 200
2026-04-01 18:59:34 [http-nio-8080-exec-4] INFO  com.gyan.util.RequestLoggingFilter - Request d0e6452b-d912-43cc-825c-8c32b11c4fcb started: POST /ai/ask
2026-04-01 18:59:34 [http-nio-8080-exec-4] INFO  com.gyan.service.QuestionAnswerService - Generating answers for : new ai
2026-04-01 18:59:35 [http-nio-8080-exec-4] INFO  com.gyan.util.RequestLoggingFilter - Request d0e6452b-d912-43cc-825c-8c32b11c4fcb completed with status 200
2026-04-01 18:59:49 [http-nio-8080-exec-6] INFO  com.gyan.util.RequestLoggingFilter - Request 63df5db9-d14f-4ffb-8222-edd685c39a06 started: POST /ai/ask
2026-04-01 18:59:49 [http-nio-8080-exec-6] INFO  com.gyan.service.QuestionAnswerService - Generating answers for : ai gaming laptop
2026-04-01 18:59:50 [http-nio-8080-exec-6] INFO  com.gyan.util.RequestLoggingFilter - Request 63df5db9-d14f-4ffb-8222-edd685c39a06 completed with status 200
2026-04-01 19:00:05 [http-nio-8080-exec-8] INFO  com.gyan.util.RequestLoggingFilter - Request 23ffeade-5fd7-4da6-bf28-72cb989630dc started: POST /ai/ask
2026-04-01 19:00:05 [http-nio-8080-exec-8] INFO  com.gyan.service.QuestionAnswerService - Generating answers for : explain what is kafka
2026-04-01 19:00:05 [http-nio-8080-exec-8] INFO  com.gyan.util.RequestLoggingFilter - Request 23ffeade-5fd7-4da6-bf28-72cb989630dc completed with status 200
2026-04-01 19:05:17 [http-nio-8080-exec-10] INFO  com.gyan.util.RequestLoggingFilter - Request 3e816612-c038-454d-84df-90376d083d18 started: POST /auth/login
2026-04-01 19:05:18 [http-nio-8080-exec-10] INFO  com.gyan.util.RequestLoggingFilter - Request 3e816612-c038-454d-84df-90376d083d18 completed with status 200
2026-04-01 19:05:18 [http-nio-8080-exec-1] INFO  com.gyan.util.RequestLoggingFilter - Request 61d9640c-ee4f-4cdb-83c8-b7f8dab8a0d5 started: GET /documents
2026-04-01 19:05:18 [http-nio-8080-exec-1] WARN  org.springframework.data.web.config.SpringDataJacksonConfiguration$PageModule$WarningLoggingModifier - Serializing PageImpl instances as-is is not supported, meaning that there is no guarantee about the stability of the resulting JSON structure!
	For a stable JSON structure, please use Spring Data's PagedModel (globally via @EnableSpringDataWebSupport(pageSerializationMode = VIA_DTO))
	or Spring HATEOAS and Spring Data's PagedResourcesAssembler as documented in https://docs.spring.io/spring-data/commons/reference/repositories/core-extensions.html#core.web.pageables.

2026-04-01 19:05:18 [http-nio-8080-exec-1] INFO  com.gyan.util.RequestLoggingFilter - Request 61d9640c-ee4f-4cdb-83c8-b7f8dab8a0d5 completed with status 200
2026-04-01 19:05:18 [http-nio-8080-exec-3] INFO  com.gyan.util.RequestLoggingFilter - Request f81672a9-de1b-4dc3-9223-4acec3a6221e started: GET /documents
2026-04-01 19:05:18 [http-nio-8080-exec-3] INFO  com.gyan.util.RequestLoggingFilter - Request f81672a9-de1b-4dc3-9223-4acec3a6221e completed with status 200
2026-04-01 19:11:06 [http-nio-8080-exec-2] INFO  com.gyan.util.RequestLoggingFilter - Request 2d826254-c7a1-4110-9bb9-3d624143cc7a started: POST /auth/register
2026-04-01 19:11:07 [http-nio-8080-exec-2] INFO  com.gyan.util.RequestLoggingFilter - Request 2d826254-c7a1-4110-9bb9-3d624143cc7a completed with status 200
2026-04-01 19:12:10 [http-nio-8080-exec-4] INFO  com.gyan.util.RequestLoggingFilter - Request 0b548300-3dab-442d-9b73-8b1493915790 started: POST /auth/login
2026-04-01 19:12:10 [http-nio-8080-exec-4] INFO  com.gyan.util.RequestLoggingFilter - Request 0b548300-3dab-442d-9b73-8b1493915790 completed with status 200
2026-04-01 19:12:10 [http-nio-8080-exec-5] INFO  com.gyan.util.RequestLoggingFilter - Request 8f1e66b5-63d7-406c-ae99-77e8c9716b68 started: GET /documents
2026-04-01 19:12:11 [http-nio-8080-exec-5] INFO  com.gyan.util.RequestLoggingFilter - Request 8f1e66b5-63d7-406c-ae99-77e8c9716b68 completed with status 200
2026-04-01 19:12:11 [http-nio-8080-exec-6] INFO  com.gyan.util.RequestLoggingFilter - Request a5e2db14-1fa8-429f-b81d-c0c6f85c8b4e started: GET /documents
2026-04-01 19:12:11 [http-nio-8080-exec-6] INFO  com.gyan.util.RequestLoggingFilter - Request a5e2db14-1fa8-429f-b81d-c0c6f85c8b4e completed with status 200
2026-04-01 19:12:45 [http-nio-8080-exec-9] INFO  com.gyan.util.RequestLoggingFilter - Request dc4c7468-e2bb-46ba-859e-12048df45bf8 started: GET /documents
2026-04-01 19:12:45 [http-nio-8080-exec-9] INFO  com.gyan.util.RequestLoggingFilter - Request dc4c7468-e2bb-46ba-859e-12048df45bf8 completed with status 200
2026-04-01 19:12:46 [http-nio-8080-exec-8] INFO  com.gyan.util.RequestLoggingFilter - Request 7043eb37-59e9-48fa-b52c-b248d493212b started: GET /documents
2026-04-01 19:12:46 [http-nio-8080-exec-8] INFO  com.gyan.util.RequestLoggingFilter - Request 7043eb37-59e9-48fa-b52c-b248d493212b completed with status 200
2026-04-01 19:13:00 [http-nio-8080-exec-7] INFO  com.gyan.util.RequestLoggingFilter - Request 399c1993-a252-4cc7-8be0-d986d6190cf2 started: POST /documents/upload
2026-04-01 19:13:00 [http-nio-8080-exec-7] INFO  org.apache.kafka.clients.producer.ProducerConfig - ProducerConfig values: 
	acks = -1
	auto.include.jmx.reporter = true
	batch.size = 16384
	bootstrap.servers = [localhost:9092]
	buffer.memory = 33554432
	client.dns.lookup = use_all_dns_ips
	client.id = gyan-producer-1
	compression.type = none
	connections.max.idle.ms = 540000
	delivery.timeout.ms = 120000
	enable.idempotence = true
	enable.metrics.push = true
	interceptor.classes = []
	key.serializer = class org.apache.kafka.common.serialization.StringSerializer
	linger.ms = 0
	max.block.ms = 60000
	max.in.flight.requests.per.connection = 5
	max.request.size = 1048576
	metadata.max.age.ms = 300000
	metadata.max.idle.ms = 300000
	metric.reporters = []
	metrics.num.samples = 2
	metrics.recording.level = INFO
	metrics.sample.window.ms = 30000
	partitioner.adaptive.partitioning.enable = true
	partitioner.availability.timeout.ms = 0
	partitioner.class = null
	partitioner.ignore.keys = false
	receive.buffer.bytes = 32768
	reconnect.backoff.max.ms = 1000
	reconnect.backoff.ms = 50
	request.timeout.ms = 30000
	retries = 2147483647
	retry.backoff.max.ms = 1000
	retry.backoff.ms = 100
	sasl.client.callback.handler.class = null
	sasl.jaas.config = null
	sasl.kerberos.kinit.cmd = /usr/bin/kinit
	sasl.kerberos.min.time.before.relogin = 60000
	sasl.kerberos.service.name = null
	sasl.kerberos.ticket.renew.jitter = 0.05
	sasl.kerberos.ticket.renew.window.factor = 0.8
	sasl.login.callback.handler.class = null
	sasl.login.class = null
	sasl.login.connect.timeout.ms = null
	sasl.login.read.timeout.ms = null
	sasl.login.refresh.buffer.seconds = 300
	sasl.login.refresh.min.period.seconds = 60
	sasl.login.refresh.window.factor = 0.8
	sasl.login.refresh.window.jitter = 0.05
	sasl.login.retry.backoff.max.ms = 10000
	sasl.login.retry.backoff.ms = 100
	sasl.mechanism = GSSAPI
	sasl.oauthbearer.clock.skew.seconds = 30
	sasl.oauthbearer.expected.audience = null
	sasl.oauthbearer.expected.issuer = null
	sasl.oauthbearer.jwks.endpoint.refresh.ms = 3600000
	sasl.oauthbearer.jwks.endpoint.retry.backoff.max.ms = 10000
	sasl.oauthbearer.jwks.endpoint.retry.backoff.ms = 100
	sasl.oauthbearer.jwks.endpoint.url = null
	sasl.oauthbearer.scope.claim.name = scope
	sasl.oauthbearer.sub.claim.name = sub
	sasl.oauthbearer.token.endpoint.url = null
	security.protocol = PLAINTEXT
	security.providers = null
	send.buffer.bytes = 131072
	socket.connection.setup.timeout.max.ms = 30000
	socket.connection.setup.timeout.ms = 10000
	ssl.cipher.suites = null
	ssl.enabled.protocols = [TLSv1.2, TLSv1.3]
	ssl.endpoint.identification.algorithm = https
	ssl.engine.factory.class = null
	ssl.key.password = null
	ssl.keymanager.algorithm = SunX509
	ssl.keystore.certificate.chain = null
	ssl.keystore.key = null
	ssl.keystore.location = null
	ssl.keystore.password = null
	ssl.keystore.type = JKS
	ssl.protocol = TLSv1.3
	ssl.provider = null
	ssl.secure.random.implementation = null
	ssl.trustmanager.algorithm = PKIX
	ssl.truststore.certificates = null
	ssl.truststore.location = null
	ssl.truststore.password = null
	ssl.truststore.type = JKS
	transaction.timeout.ms = 60000
	transactional.id = null
	value.serializer = class org.springframework.kafka.support.serializer.JsonSerializer

2026-04-01 19:13:00 [http-nio-8080-exec-7] INFO  org.apache.kafka.common.telemetry.internals.KafkaMetricsCollector - initializing Kafka metrics collector
2026-04-01 19:13:00 [http-nio-8080-exec-7] INFO  org.apache.kafka.clients.producer.KafkaProducer - [Producer clientId=gyan-producer-1] Instantiated an idempotent producer.
2026-04-01 19:13:00 [http-nio-8080-exec-7] INFO  org.apache.kafka.common.utils.AppInfoParser - Kafka version: 3.7.1
2026-04-01 19:13:00 [http-nio-8080-exec-7] INFO  org.apache.kafka.common.utils.AppInfoParser - Kafka commitId: e2494e6ffb89f828
2026-04-01 19:13:00 [http-nio-8080-exec-7] INFO  org.apache.kafka.common.utils.AppInfoParser - Kafka startTimeMs: 1775050980409
2026-04-01 19:13:00 [kafka-producer-network-thread | gyan-producer-1] INFO  org.apache.kafka.clients.Metadata - [Producer clientId=gyan-producer-1] Cluster ID: phIC6OCuTGem87Ywbqq44Q
2026-04-01 19:13:00 [http-nio-8080-exec-7] INFO  com.gyan.util.RequestLoggingFilter - Request 399c1993-a252-4cc7-8be0-d986d6190cf2 completed with status 200
2026-04-01 19:13:00 [http-nio-8080-exec-10] INFO  com.gyan.util.RequestLoggingFilter - Request 80d886f2-814c-45f4-b189-de8c052824f3 started: GET /documents
2026-04-01 19:13:00 [http-nio-8080-exec-10] INFO  com.gyan.util.RequestLoggingFilter - Request 80d886f2-814c-45f4-b189-de8c052824f3 completed with status 200
2026-04-01 19:13:00 [kafka-producer-network-thread | gyan-producer-1] INFO  org.apache.kafka.clients.producer.internals.TransactionManager - [Producer clientId=gyan-producer-1] ProducerId set to 1000 with epoch 0
2026-04-01 19:13:00 [org.springframework.kafka.KafkaListenerEndpointContainer#0-0-C-1] INFO  com.gyan.service.DocumentProcessingService - Processing document 71 of type application/pdf
2026-04-01 19:13:01 [org.springframework.kafka.KafkaListenerEndpointContainer#0-0-C-1] INFO  com.gyan.service.DocumentProcessingService - total chunks created : 5
2026-04-01 19:13:04 [org.springframework.kafka.KafkaListenerEndpointContainer#0-0-C-1] INFO  com.gyan.service.DocumentProcessingService - Index prepared for document 71
2026-04-01 19:13:22 [http-nio-8080-exec-1] INFO  com.gyan.util.RequestLoggingFilter - Request 8afc2667-a543-4973-8626-c517b8d50991 started: POST /ai/ask
2026-04-01 19:13:22 [http-nio-8080-exec-1] INFO  com.gyan.service.QuestionAnswerService - Generating answers for : summarise this document in 200 words
2026-04-01 19:13:23 [http-nio-8080-exec-1] INFO  com.gyan.util.RequestLoggingFilter - Request 8afc2667-a543-4973-8626-c517b8d50991 completed with status 200
2026-04-01 19:16:06 [http-nio-8080-exec-2] INFO  com.gyan.util.RequestLoggingFilter - Request 271f5f21-5e80-409a-854c-e12463d63e6c started: GET /documents
2026-04-01 19:16:06 [http-nio-8080-exec-2] INFO  com.gyan.util.RequestLoggingFilter - Request 271f5f21-5e80-409a-854c-e12463d63e6c completed with status 200
2026-04-01 19:16:06 [http-nio-8080-exec-4] INFO  com.gyan.util.RequestLoggingFilter - Request b825ce2d-a913-4936-ae18-936719b0b666 started: GET /documents
2026-04-01 19:16:06 [http-nio-8080-exec-4] INFO  com.gyan.util.RequestLoggingFilter - Request b825ce2d-a913-4936-ae18-936719b0b666 completed with status 200
2026-04-01 19:16:11 [http-nio-8080-exec-5] INFO  com.gyan.util.RequestLoggingFilter - Request 825dc5d8-5dc1-4c14-8ac3-88613f862314 started: GET /documents
2026-04-01 19:16:11 [http-nio-8080-exec-5] INFO  com.gyan.util.RequestLoggingFilter - Request 825dc5d8-5dc1-4c14-8ac3-88613f862314 completed with status 200
2026-04-01 19:17:09 [http-nio-8080-exec-6] INFO  com.gyan.util.RequestLoggingFilter - Request fe6eabee-b53c-4afa-bacf-593038a23581 started: GET /documents
2026-04-01 19:17:09 [http-nio-8080-exec-6] INFO  com.gyan.util.RequestLoggingFilter - Request fe6eabee-b53c-4afa-bacf-593038a23581 completed with status 200
2026-04-01 19:17:10 [http-nio-8080-exec-9] INFO  com.gyan.util.RequestLoggingFilter - Request 33ae8d6a-03f4-433b-80dc-0f03d32628b5 started: GET /documents
2026-04-01 19:17:10 [http-nio-8080-exec-9] INFO  com.gyan.util.RequestLoggingFilter - Request 33ae8d6a-03f4-433b-80dc-0f03d32628b5 completed with status 200
2026-04-01 19:17:17 [http-nio-8080-exec-8] INFO  com.gyan.util.RequestLoggingFilter - Request 5ed02c1a-d5fc-4405-b7d4-61b5bb928a23 started: GET /documents/71/download
2026-04-01 19:17:17 [http-nio-8080-exec-8] INFO  com.gyan.util.RequestLoggingFilter - Request 5ed02c1a-d5fc-4405-b7d4-61b5bb928a23 completed with status 200
2026-04-01 19:17:17 [http-nio-8080-exec-7] ERROR org.apache.catalina.core.ContainerBase.[Tomcat].[localhost].[/].[dispatcherServlet] - Servlet.service() for servlet [dispatcherServlet] threw exception
org.springframework.security.access.AccessDeniedException: Access Denied
	at org.springframework.security.web.access.intercept.AuthorizationFilter.doFilter(AuthorizationFilter.java:98)
	at org.springframework.security.web.FilterChainProxy$VirtualFilterChain.doFilter(FilterChainProxy.java:374)
	at org.springframework.security.web.access.ExceptionTranslationFilter.doFilter(ExceptionTranslationFilter.java:126)
	at org.springframework.security.web.access.ExceptionTranslationFilter.doFilter(ExceptionTranslationFilter.java:120)
	at org.springframework.security.web.FilterChainProxy$VirtualFilterChain.doFilter(FilterChainProxy.java:374)
	at org.springframework.security.web.authentication.AnonymousAuthenticationFilter.doFilter(AnonymousAuthenticationFilter.java:100)
	at org.springframework.security.web.FilterChainProxy$VirtualFilterChain.doFilter(FilterChainProxy.java:374)
	at org.springframework.security.web.servletapi.SecurityContextHolderAwareRequestFilter.doFilter(SecurityContextHolderAwareRequestFilter.java:179)
	at org.springframework.security.web.FilterChainProxy$VirtualFilterChain.doFilter(FilterChainProxy.java:374)
	at org.springframework.security.web.savedrequest.RequestCacheAwareFilter.doFilter(RequestCacheAwareFilter.java:63)
	at org.springframework.security.web.FilterChainProxy$VirtualFilterChain.doFilter(FilterChainProxy.java:374)
	at org.springframework.web.filter.OncePerRequestFilter.doFilter(OncePerRequestFilter.java:101)
	at org.springframework.security.web.FilterChainProxy$VirtualFilterChain.doFilter(FilterChainProxy.java:374)
	at org.springframework.security.web.authentication.logout.LogoutFilter.doFilter(LogoutFilter.java:107)
	at org.springframework.security.web.authentication.logout.LogoutFilter.doFilter(LogoutFilter.java:93)
	at org.springframework.security.web.FilterChainProxy$VirtualFilterChain.doFilter(FilterChainProxy.java:374)
	at org.springframework.web.filter.OncePerRequestFilter.doFilter(OncePerRequestFilter.java:101)
	at org.springframework.security.web.FilterChainProxy$VirtualFilterChain.doFilter(FilterChainProxy.java:374)
	at org.springframework.web.filter.OncePerRequestFilter.doFilter(OncePerRequestFilter.java:101)
	at org.springframework.security.web.FilterChainProxy$VirtualFilterChain.doFilter(FilterChainProxy.java:374)
	at org.springframework.security.web.context.SecurityContextHolderFilter.doFilter(SecurityContextHolderFilter.java:82)
	at org.springframework.security.web.context.SecurityContextHolderFilter.doFilter(SecurityContextHolderFilter.java:69)
	at org.springframework.security.web.FilterChainProxy$VirtualFilterChain.doFilter(FilterChainProxy.java:374)
	at org.springframework.web.filter.OncePerRequestFilter.doFilter(OncePerRequestFilter.java:101)
	at org.springframework.security.web.FilterChainProxy$VirtualFilterChain.doFilter(FilterChainProxy.java:374)
	at org.springframework.web.filter.OncePerRequestFilter.doFilter(OncePerRequestFilter.java:101)
	at org.springframework.security.web.FilterChainProxy$VirtualFilterChain.doFilter(FilterChainProxy.java:374)
	at org.springframework.security.web.FilterChainProxy.doFilterInternal(FilterChainProxy.java:233)
	at org.springframework.security.web.FilterChainProxy.doFilter(FilterChainProxy.java:191)
	at org.springframework.web.filter.CompositeFilter$VirtualFilterChain.doFilter(CompositeFilter.java:113)
	at org.springframework.web.servlet.handler.HandlerMappingIntrospector.lambda$createCacheFilter$3(HandlerMappingIntrospector.java:195)
	at org.springframework.web.filter.CompositeFilter$VirtualFilterChain.doFilter(CompositeFilter.java:113)
	at org.springframework.web.filter.CompositeFilter.doFilter(CompositeFilter.java:74)
	at org.springframework.security.config.annotation.web.configuration.WebMvcSecurityConfiguration$CompositeFilterChainProxy.doFilter(WebMvcSecurityConfiguration.java:230)
	at org.springframework.web.filter.DelegatingFilterProxy.invokeDelegate(DelegatingFilterProxy.java:362)
	at org.springframework.web.filter.DelegatingFilterProxy.doFilter(DelegatingFilterProxy.java:278)
	at org.apache.catalina.core.ApplicationFilterChain.internalDoFilter(ApplicationFilterChain.java:164)
	at org.apache.catalina.core.ApplicationFilterChain.doFilter(ApplicationFilterChain.java:140)
	at org.springframework.web.filter.RequestContextFilter.doFilterInternal(RequestContextFilter.java:100)
	at org.springframework.web.filter.OncePerRequestFilter.doFilter(OncePerRequestFilter.java:116)
	at org.apache.catalina.core.ApplicationFilterChain.internalDoFilter(ApplicationFilterChain.java:164)
	at org.apache.catalina.core.ApplicationFilterChain.doFilter(ApplicationFilterChain.java:140)
	at org.springframework.web.filter.OncePerRequestFilter.doFilter(OncePerRequestFilter.java:101)
	at org.apache.catalina.core.ApplicationFilterChain.internalDoFilter(ApplicationFilterChain.java:164)
	at org.apache.catalina.core.ApplicationFilterChain.doFilter(ApplicationFilterChain.java:140)
	at org.springframework.web.filter.OncePerRequestFilter.doFilter(OncePerRequestFilter.java:101)
	at org.apache.catalina.core.ApplicationFilterChain.internalDoFilter(ApplicationFilterChain.java:164)
	at org.apache.catalina.core.ApplicationFilterChain.doFilter(ApplicationFilterChain.java:140)
	at org.apache.catalina.core.ApplicationDispatcher.invoke(ApplicationDispatcher.java:632)
	at org.apache.catalina.core.ApplicationDispatcher.doDispatch(ApplicationDispatcher.java:560)
	at org.apache.catalina.core.ApplicationDispatcher.dispatch(ApplicationDispatcher.java:531)
	at org.apache.catalina.core.AsyncContextImpl$AsyncRunnable.run(AsyncContextImpl.java:601)
	at org.apache.catalina.core.AsyncContextImpl.doInternalDispatch(AsyncContextImpl.java:344)
	at org.apache.catalina.core.StandardWrapperValve.invoke(StandardWrapperValve.java:165)
	at org.apache.catalina.core.StandardContextValve.invoke(StandardContextValve.java:90)
	at org.apache.catalina.authenticator.AuthenticatorBase.invoke(AuthenticatorBase.java:483)
	at org.apache.catalina.core.StandardHostValve.invoke(StandardHostValve.java:115)
	at org.apache.catalina.valves.ErrorReportValve.invoke(ErrorReportValve.java:93)
	at org.apache.catalina.core.StandardEngineValve.invoke(StandardEngineValve.java:74)
	at org.apache.catalina.connector.CoyoteAdapter.asyncDispatch(CoyoteAdapter.java:239)
	at org.apache.coyote.AbstractProcessor.dispatch(AbstractProcessor.java:243)
	at org.apache.coyote.AbstractProcessorLight.process(AbstractProcessorLight.java:57)
	at org.apache.coyote.AbstractProtocol$ConnectionHandler.process(AbstractProtocol.java:905)
	at org.apache.tomcat.util.net.NioEndpoint$SocketProcessor.doRun(NioEndpoint.java:1741)
	at org.apache.tomcat.util.net.SocketProcessorBase.run(SocketProcessorBase.java:52)
	at org.apache.tomcat.util.threads.ThreadPoolExecutor.runWorker(ThreadPoolExecutor.java:1190)
	at org.apache.tomcat.util.threads.ThreadPoolExecutor$Worker.run(ThreadPoolExecutor.java:659)
	at org.apache.tomcat.util.threads.TaskThread$WrappingRunnable.run(TaskThread.java:63)
	at java.base/java.lang.Thread.run(Thread.java:1583)
2026-04-01 19:17:17 [http-nio-8080-exec-7] ERROR org.apache.catalina.core.ContainerBase.[Tomcat].[localhost].[/].[dispatcherServlet] - Servlet.service() for servlet [dispatcherServlet] in context with path [] threw exception [Unable to handle the Spring Security Exception because the response is already committed.] with root cause
org.springframework.security.access.AccessDeniedException: Access Denied
	at org.springframework.security.web.access.intercept.AuthorizationFilter.doFilter(AuthorizationFilter.java:98)
	at org.springframework.security.web.FilterChainProxy$VirtualFilterChain.doFilter(FilterChainProxy.java:374)
	at org.springframework.security.web.access.ExceptionTranslationFilter.doFilter(ExceptionTranslationFilter.java:126)
	at org.springframework.security.web.access.ExceptionTranslationFilter.doFilter(ExceptionTranslationFilter.java:120)
	at org.springframework.security.web.FilterChainProxy$VirtualFilterChain.doFilter(FilterChainProxy.java:374)
	at org.springframework.security.web.authentication.AnonymousAuthenticationFilter.doFilter(AnonymousAuthenticationFilter.java:100)
	at org.springframework.security.web.FilterChainProxy$VirtualFilterChain.doFilter(FilterChainProxy.java:374)
	at org.springframework.security.web.servletapi.SecurityContextHolderAwareRequestFilter.doFilter(SecurityContextHolderAwareRequestFilter.java:179)
	at org.springframework.security.web.FilterChainProxy$VirtualFilterChain.doFilter(FilterChainProxy.java:374)
	at org.springframework.security.web.savedrequest.RequestCacheAwareFilter.doFilter(RequestCacheAwareFilter.java:63)
	at org.springframework.security.web.FilterChainProxy$VirtualFilterChain.doFilter(FilterChainProxy.java:374)
	at org.springframework.web.filter.OncePerRequestFilter.doFilter(OncePerRequestFilter.java:101)
	at org.springframework.security.web.FilterChainProxy$VirtualFilterChain.doFilter(FilterChainProxy.java:374)
	at org.springframework.security.web.authentication.logout.LogoutFilter.doFilter(LogoutFilter.java:107)
	at org.springframework.security.web.authentication.logout.LogoutFilter.doFilter(LogoutFilter.java:93)
	at org.springframework.security.web.FilterChainProxy$VirtualFilterChain.doFilter(FilterChainProxy.java:374)
	at org.springframework.web.filter.OncePerRequestFilter.doFilter(OncePerRequestFilter.java:101)
	at org.springframework.security.web.FilterChainProxy$VirtualFilterChain.doFilter(FilterChainProxy.java:374)
	at org.springframework.web.filter.OncePerRequestFilter.doFilter(OncePerRequestFilter.java:101)
	at org.springframework.security.web.FilterChainProxy$VirtualFilterChain.doFilter(FilterChainProxy.java:374)
	at org.springframework.security.web.context.SecurityContextHolderFilter.doFilter(SecurityContextHolderFilter.java:82)
	at org.springframework.security.web.context.SecurityContextHolderFilter.doFilter(SecurityContextHolderFilter.java:69)
	at org.springframework.security.web.FilterChainProxy$VirtualFilterChain.doFilter(FilterChainProxy.java:374)
	at org.springframework.web.filter.OncePerRequestFilter.doFilter(OncePerRequestFilter.java:101)
	at org.springframework.security.web.FilterChainProxy$VirtualFilterChain.doFilter(FilterChainProxy.java:374)
	at org.springframework.web.filter.OncePerRequestFilter.doFilter(OncePerRequestFilter.java:101)
	at org.springframework.security.web.FilterChainProxy$VirtualFilterChain.doFilter(FilterChainProxy.java:374)
	at org.springframework.security.web.FilterChainProxy.doFilterInternal(FilterChainProxy.java:233)
	at org.springframework.security.web.FilterChainProxy.doFilter(FilterChainProxy.java:191)
	at org.springframework.web.filter.CompositeFilter$VirtualFilterChain.doFilter(CompositeFilter.java:113)
	at org.springframework.web.servlet.handler.HandlerMappingIntrospector.lambda$createCacheFilter$3(HandlerMappingIntrospector.java:195)
	at org.springframework.web.filter.CompositeFilter$VirtualFilterChain.doFilter(CompositeFilter.java:113)
	at org.springframework.web.filter.CompositeFilter.doFilter(CompositeFilter.java:74)
	at org.springframework.security.config.annotation.web.configuration.WebMvcSecurityConfiguration$CompositeFilterChainProxy.doFilter(WebMvcSecurityConfiguration.java:230)
	at org.springframework.web.filter.DelegatingFilterProxy.invokeDelegate(DelegatingFilterProxy.java:362)
	at org.springframework.web.filter.DelegatingFilterProxy.doFilter(DelegatingFilterProxy.java:278)
	at org.apache.catalina.core.ApplicationFilterChain.internalDoFilter(ApplicationFilterChain.java:164)
	at org.apache.catalina.core.ApplicationFilterChain.doFilter(ApplicationFilterChain.java:140)
	at org.springframework.web.filter.RequestContextFilter.doFilterInternal(RequestContextFilter.java:100)
	at org.springframework.web.filter.OncePerRequestFilter.doFilter(OncePerRequestFilter.java:116)
	at org.apache.catalina.core.ApplicationFilterChain.internalDoFilter(ApplicationFilterChain.java:164)
	at org.apache.catalina.core.ApplicationFilterChain.doFilter(ApplicationFilterChain.java:140)
	at org.springframework.web.filter.OncePerRequestFilter.doFilter(OncePerRequestFilter.java:101)
	at org.apache.catalina.core.ApplicationFilterChain.internalDoFilter(ApplicationFilterChain.java:164)
	at org.apache.catalina.core.ApplicationFilterChain.doFilter(ApplicationFilterChain.java:140)
	at org.springframework.web.filter.OncePerRequestFilter.doFilter(OncePerRequestFilter.java:101)
	at org.apache.catalina.core.ApplicationFilterChain.internalDoFilter(ApplicationFilterChain.java:164)
	at org.apache.catalina.core.ApplicationFilterChain.doFilter(ApplicationFilterChain.java:140)
	at org.apache.catalina.core.ApplicationDispatcher.invoke(ApplicationDispatcher.java:632)
	at org.apache.catalina.core.ApplicationDispatcher.doDispatch(ApplicationDispatcher.java:560)
	at org.apache.catalina.core.ApplicationDispatcher.dispatch(ApplicationDispatcher.java:531)
	at org.apache.catalina.core.AsyncContextImpl$AsyncRunnable.run(AsyncContextImpl.java:601)
	at org.apache.catalina.core.AsyncContextImpl.doInternalDispatch(AsyncContextImpl.java:344)
	at org.apache.catalina.core.StandardWrapperValve.invoke(StandardWrapperValve.java:165)
	at org.apache.catalina.core.StandardContextValve.invoke(StandardContextValve.java:90)
	at org.apache.catalina.authenticator.AuthenticatorBase.invoke(AuthenticatorBase.java:483)
	at org.apache.catalina.core.StandardHostValve.invoke(StandardHostValve.java:115)
	at org.apache.catalina.valves.ErrorReportValve.invoke(ErrorReportValve.java:93)
	at org.apache.catalina.core.StandardEngineValve.invoke(StandardEngineValve.java:74)
	at org.apache.catalina.connector.CoyoteAdapter.asyncDispatch(CoyoteAdapter.java:239)
	at org.apache.coyote.AbstractProcessor.dispatch(AbstractProcessor.java:243)
	at org.apache.coyote.AbstractProcessorLight.process(AbstractProcessorLight.java:57)
	at org.apache.coyote.AbstractProtocol$ConnectionHandler.process(AbstractProtocol.java:905)
	at org.apache.tomcat.util.net.NioEndpoint$SocketProcessor.doRun(NioEndpoint.java:1741)
	at org.apache.tomcat.util.net.SocketProcessorBase.run(SocketProcessorBase.java:52)
	at org.apache.tomcat.util.threads.ThreadPoolExecutor.runWorker(ThreadPoolExecutor.java:1190)
	at org.apache.tomcat.util.threads.ThreadPoolExecutor$Worker.run(ThreadPoolExecutor.java:659)
	at org.apache.tomcat.util.threads.TaskThread$WrappingRunnable.run(TaskThread.java:63)
	at java.base/java.lang.Thread.run(Thread.java:1583)
2026-04-01 19:17:17 [http-nio-8080-exec-7] ERROR org.apache.catalina.core.ContainerBase.[Tomcat].[localhost].[/].[dispatcherServlet] - Servlet.service() for servlet [dispatcherServlet] threw exception
org.springframework.security.access.AccessDeniedException: Access Denied
	at org.springframework.security.web.access.intercept.AuthorizationFilter.doFilter(AuthorizationFilter.java:98)
	at org.springframework.security.web.FilterChainProxy$VirtualFilterChain.doFilter(FilterChainProxy.java:374)
	at org.springframework.security.web.access.ExceptionTranslationFilter.doFilter(ExceptionTranslationFilter.java:126)
	at org.springframework.security.web.access.ExceptionTranslationFilter.doFilter(ExceptionTranslationFilter.java:120)
	at org.springframework.security.web.FilterChainProxy$VirtualFilterChain.doFilter(FilterChainProxy.java:374)
	at org.springframework.security.web.authentication.AnonymousAuthenticationFilter.doFilter(AnonymousAuthenticationFilter.java:100)
	at org.springframework.security.web.FilterChainProxy$VirtualFilterChain.doFilter(FilterChainProxy.java:374)
	at org.springframework.security.web.servletapi.SecurityContextHolderAwareRequestFilter.doFilter(SecurityContextHolderAwareRequestFilter.java:179)
	at org.springframework.security.web.FilterChainProxy$VirtualFilterChain.doFilter(FilterChainProxy.java:374)
	at org.springframework.security.web.savedrequest.RequestCacheAwareFilter.doFilter(RequestCacheAwareFilter.java:63)
	at org.springframework.security.web.FilterChainProxy$VirtualFilterChain.doFilter(FilterChainProxy.java:374)
	at org.springframework.web.filter.OncePerRequestFilter.doFilter(OncePerRequestFilter.java:101)
	at org.springframework.security.web.FilterChainProxy$VirtualFilterChain.doFilter(FilterChainProxy.java:374)
	at org.springframework.security.web.authentication.logout.LogoutFilter.doFilter(LogoutFilter.java:107)
	at org.springframework.security.web.authentication.logout.LogoutFilter.doFilter(LogoutFilter.java:93)
	at org.springframework.security.web.FilterChainProxy$VirtualFilterChain.doFilter(FilterChainProxy.java:374)
	at org.springframework.web.filter.OncePerRequestFilter.doFilter(OncePerRequestFilter.java:101)
	at org.springframework.security.web.FilterChainProxy$VirtualFilterChain.doFilter(FilterChainProxy.java:374)
	at org.springframework.web.filter.OncePerRequestFilter.doFilter(OncePerRequestFilter.java:101)
	at org.springframework.security.web.FilterChainProxy$VirtualFilterChain.doFilter(FilterChainProxy.java:374)
	at org.springframework.security.web.context.SecurityContextHolderFilter.doFilter(SecurityContextHolderFilter.java:82)
	at org.springframework.security.web.context.SecurityContextHolderFilter.doFilter(SecurityContextHolderFilter.java:69)
	at org.springframework.security.web.FilterChainProxy$VirtualFilterChain.doFilter(FilterChainProxy.java:374)
	at org.springframework.web.filter.OncePerRequestFilter.doFilter(OncePerRequestFilter.java:101)
	at org.springframework.security.web.FilterChainProxy$VirtualFilterChain.doFilter(FilterChainProxy.java:374)
	at org.springframework.web.filter.OncePerRequestFilter.doFilter(OncePerRequestFilter.java:101)
	at org.springframework.security.web.FilterChainProxy$VirtualFilterChain.doFilter(FilterChainProxy.java:374)
	at org.springframework.security.web.FilterChainProxy.doFilterInternal(FilterChainProxy.java:233)
	at org.springframework.security.web.FilterChainProxy.doFilter(FilterChainProxy.java:191)
	at org.springframework.web.filter.CompositeFilter$VirtualFilterChain.doFilter(CompositeFilter.java:113)
	at org.springframework.web.servlet.handler.HandlerMappingIntrospector.lambda$createCacheFilter$3(HandlerMappingIntrospector.java:195)
	at org.springframework.web.filter.CompositeFilter$VirtualFilterChain.doFilter(CompositeFilter.java:113)
	at org.springframework.web.filter.CompositeFilter.doFilter(CompositeFilter.java:74)
	at org.springframework.security.config.annotation.web.configuration.WebMvcSecurityConfiguration$CompositeFilterChainProxy.doFilter(WebMvcSecurityConfiguration.java:230)
	at org.springframework.web.filter.DelegatingFilterProxy.invokeDelegate(DelegatingFilterProxy.java:362)
	at org.springframework.web.filter.DelegatingFilterProxy.doFilter(DelegatingFilterProxy.java:278)
	at org.apache.catalina.core.ApplicationFilterChain.internalDoFilter(ApplicationFilterChain.java:164)
	at org.apache.catalina.core.ApplicationFilterChain.doFilter(ApplicationFilterChain.java:140)
	at org.springframework.web.filter.RequestContextFilter.doFilterInternal(RequestContextFilter.java:100)
	at org.springframework.web.filter.OncePerRequestFilter.doFilter(OncePerRequestFilter.java:116)
	at org.apache.catalina.core.ApplicationFilterChain.internalDoFilter(ApplicationFilterChain.java:164)
	at org.apache.catalina.core.ApplicationFilterChain.doFilter(ApplicationFilterChain.java:140)
	at org.springframework.web.filter.OncePerRequestFilter.doFilter(OncePerRequestFilter.java:101)
	at org.apache.catalina.core.ApplicationFilterChain.internalDoFilter(ApplicationFilterChain.java:164)
	at org.apache.catalina.core.ApplicationFilterChain.doFilter(ApplicationFilterChain.java:140)
	at org.springframework.web.filter.OncePerRequestFilter.doFilter(OncePerRequestFilter.java:101)
	at org.apache.catalina.core.ApplicationFilterChain.internalDoFilter(ApplicationFilterChain.java:164)
	at org.apache.catalina.core.ApplicationFilterChain.doFilter(ApplicationFilterChain.java:140)
	at org.apache.catalina.core.ApplicationDispatcher.invoke(ApplicationDispatcher.java:632)
	at org.apache.catalina.core.ApplicationDispatcher.doInclude(ApplicationDispatcher.java:510)
	at org.apache.catalina.core.ApplicationDispatcher.include(ApplicationDispatcher.java:453)
	at org.apache.catalina.core.StandardHostValve.custom(StandardHostValve.java:343)
	at org.apache.catalina.core.StandardHostValve.status(StandardHostValve.java:222)
	at org.apache.catalina.core.StandardHostValve.throwable(StandardHostValve.java:308)
	at org.apache.catalina.core.StandardHostValve.invoke(StandardHostValve.java:149)
	at org.apache.catalina.valves.ErrorReportValve.invoke(ErrorReportValve.java:93)
	at org.apache.catalina.core.StandardEngineValve.invoke(StandardEngineValve.java:74)
	at org.apache.catalina.connector.CoyoteAdapter.asyncDispatch(CoyoteAdapter.java:239)
	at org.apache.coyote.AbstractProcessor.dispatch(AbstractProcessor.java:243)
	at org.apache.coyote.AbstractProcessorLight.process(AbstractProcessorLight.java:57)
	at org.apache.coyote.AbstractProtocol$ConnectionHandler.process(AbstractProtocol.java:905)
	at org.apache.tomcat.util.net.NioEndpoint$SocketProcessor.doRun(NioEndpoint.java:1741)
	at org.apache.tomcat.util.net.SocketProcessorBase.run(SocketProcessorBase.java:52)
	at org.apache.tomcat.util.threads.ThreadPoolExecutor.runWorker(ThreadPoolExecutor.java:1190)
	at org.apache.tomcat.util.threads.ThreadPoolExecutor$Worker.run(ThreadPoolExecutor.java:659)
	at org.apache.tomcat.util.threads.TaskThread$WrappingRunnable.run(TaskThread.java:63)
	at java.base/java.lang.Thread.run(Thread.java:1583)
2026-04-01 19:17:17 [http-nio-8080-exec-7] ERROR org.apache.catalina.core.ContainerBase.[Tomcat].[localhost] - Exception Processing [ErrorPage[errorCode=0, location=/error]]
jakarta.servlet.ServletException: Unable to handle the Spring Security Exception because the response is already committed.
	at org.springframework.security.web.access.ExceptionTranslationFilter.doFilter(ExceptionTranslationFilter.java:144)
	at org.springframework.security.web.access.ExceptionTranslationFilter.doFilter(ExceptionTranslationFilter.java:120)
	at org.springframework.security.web.FilterChainProxy$VirtualFilterChain.doFilter(FilterChainProxy.java:374)
	at org.springframework.security.web.authentication.AnonymousAuthenticationFilter.doFilter(AnonymousAuthenticationFilter.java:100)
	at org.springframework.security.web.FilterChainProxy$VirtualFilterChain.doFilter(FilterChainProxy.java:374)
	at org.springframework.security.web.servletapi.SecurityContextHolderAwareRequestFilter.doFilter(SecurityContextHolderAwareRequestFilter.java:179)
	at org.springframework.security.web.FilterChainProxy$VirtualFilterChain.doFilter(FilterChainProxy.java:374)
	at org.springframework.security.web.savedrequest.RequestCacheAwareFilter.doFilter(RequestCacheAwareFilter.java:63)
	at org.springframework.security.web.FilterChainProxy$VirtualFilterChain.doFilter(FilterChainProxy.java:374)
	at org.springframework.web.filter.OncePerRequestFilter.doFilter(OncePerRequestFilter.java:101)
	at org.springframework.security.web.FilterChainProxy$VirtualFilterChain.doFilter(FilterChainProxy.java:374)
	at org.springframework.security.web.authentication.logout.LogoutFilter.doFilter(LogoutFilter.java:107)
	at org.springframework.security.web.authentication.logout.LogoutFilter.doFilter(LogoutFilter.java:93)
	at org.springframework.security.web.FilterChainProxy$VirtualFilterChain.doFilter(FilterChainProxy.java:374)
	at org.springframework.web.filter.OncePerRequestFilter.doFilter(OncePerRequestFilter.java:101)
	at org.springframework.security.web.FilterChainProxy$VirtualFilterChain.doFilter(FilterChainProxy.java:374)
	at org.springframework.web.filter.OncePerRequestFilter.doFilter(OncePerRequestFilter.java:101)
	at org.springframework.security.web.FilterChainProxy$VirtualFilterChain.doFilter(FilterChainProxy.java:374)
	at org.springframework.security.web.context.SecurityContextHolderFilter.doFilter(SecurityContextHolderFilter.java:82)
	at org.springframework.security.web.context.SecurityContextHolderFilter.doFilter(SecurityContextHolderFilter.java:69)
	at org.springframework.security.web.FilterChainProxy$VirtualFilterChain.doFilter(FilterChainProxy.java:374)
	at org.springframework.web.filter.OncePerRequestFilter.doFilter(OncePerRequestFilter.java:101)
	at org.springframework.security.web.FilterChainProxy$VirtualFilterChain.doFilter(FilterChainProxy.java:374)
	at org.springframework.web.filter.OncePerRequestFilter.doFilter(OncePerRequestFilter.java:101)
	at org.springframework.security.web.FilterChainProxy$VirtualFilterChain.doFilter(FilterChainProxy.java:374)
	at org.springframework.security.web.FilterChainProxy.doFilterInternal(FilterChainProxy.java:233)
	at org.springframework.security.web.FilterChainProxy.doFilter(FilterChainProxy.java:191)
	at org.springframework.web.filter.CompositeFilter$VirtualFilterChain.doFilter(CompositeFilter.java:113)
	at org.springframework.web.servlet.handler.HandlerMappingIntrospector.lambda$createCacheFilter$3(HandlerMappingIntrospector.java:195)
	at org.springframework.web.filter.CompositeFilter$VirtualFilterChain.doFilter(CompositeFilter.java:113)
	at org.springframework.web.filter.CompositeFilter.doFilter(CompositeFilter.java:74)
	at org.springframework.security.config.annotation.web.configuration.WebMvcSecurityConfiguration$CompositeFilterChainProxy.doFilter(WebMvcSecurityConfiguration.java:230)
	at org.springframework.web.filter.DelegatingFilterProxy.invokeDelegate(DelegatingFilterProxy.java:362)
	at org.springframework.web.filter.DelegatingFilterProxy.doFilter(DelegatingFilterProxy.java:278)
	at org.apache.catalina.core.ApplicationFilterChain.internalDoFilter(ApplicationFilterChain.java:164)
	at org.apache.catalina.core.ApplicationFilterChain.doFilter(ApplicationFilterChain.java:140)
	at org.springframework.web.filter.RequestContextFilter.doFilterInternal(RequestContextFilter.java:100)
	at org.springframework.web.filter.OncePerRequestFilter.doFilter(OncePerRequestFilter.java:116)
	at org.apache.catalina.core.ApplicationFilterChain.internalDoFilter(ApplicationFilterChain.java:164)
	at org.apache.catalina.core.ApplicationFilterChain.doFilter(ApplicationFilterChain.java:140)
	at org.springframework.web.filter.OncePerRequestFilter.doFilter(OncePerRequestFilter.java:101)
	at org.apache.catalina.core.ApplicationFilterChain.internalDoFilter(ApplicationFilterChain.java:164)
	at org.apache.catalina.core.ApplicationFilterChain.doFilter(ApplicationFilterChain.java:140)
	at org.springframework.web.filter.OncePerRequestFilter.doFilter(OncePerRequestFilter.java:101)
	at org.apache.catalina.core.ApplicationFilterChain.internalDoFilter(ApplicationFilterChain.java:164)
	at org.apache.catalina.core.ApplicationFilterChain.doFilter(ApplicationFilterChain.java:140)
	at org.apache.catalina.core.ApplicationDispatcher.invoke(ApplicationDispatcher.java:632)
	at org.apache.catalina.core.ApplicationDispatcher.doInclude(ApplicationDispatcher.java:510)
	at org.apache.catalina.core.ApplicationDispatcher.include(ApplicationDispatcher.java:453)
	at org.apache.catalina.core.StandardHostValve.custom(StandardHostValve.java:343)
	at org.apache.catalina.core.StandardHostValve.status(StandardHostValve.java:222)
	at org.apache.catalina.core.StandardHostValve.throwable(StandardHostValve.java:308)
	at org.apache.catalina.core.StandardHostValve.invoke(StandardHostValve.java:149)
	at org.apache.catalina.valves.ErrorReportValve.invoke(ErrorReportValve.java:93)
	at org.apache.catalina.core.StandardEngineValve.invoke(StandardEngineValve.java:74)
	at org.apache.catalina.connector.CoyoteAdapter.asyncDispatch(CoyoteAdapter.java:239)
	at org.apache.coyote.AbstractProcessor.dispatch(AbstractProcessor.java:243)
	at org.apache.coyote.AbstractProcessorLight.process(AbstractProcessorLight.java:57)
	at org.apache.coyote.AbstractProtocol$ConnectionHandler.process(AbstractProtocol.java:905)
	at org.apache.tomcat.util.net.NioEndpoint$SocketProcessor.doRun(NioEndpoint.java:1741)
	at org.apache.tomcat.util.net.SocketProcessorBase.run(SocketProcessorBase.java:52)
	at org.apache.tomcat.util.threads.ThreadPoolExecutor.runWorker(ThreadPoolExecutor.java:1190)
	at org.apache.tomcat.util.threads.ThreadPoolExecutor$Worker.run(ThreadPoolExecutor.java:659)
	at org.apache.tomcat.util.threads.TaskThread$WrappingRunnable.run(TaskThread.java:63)
	at java.base/java.lang.Thread.run(Thread.java:1583)
Caused by: org.springframework.security.access.AccessDeniedException: Access Denied
	at org.springframework.security.web.access.intercept.AuthorizationFilter.doFilter(AuthorizationFilter.java:98)
	at org.springframework.security.web.FilterChainProxy$VirtualFilterChain.doFilter(FilterChainProxy.java:374)
	at org.springframework.security.web.access.ExceptionTranslationFilter.doFilter(ExceptionTranslationFilter.java:126)
	... 64 common frames omitted
2026-04-01 19:19:02 [http-nio-8080-exec-10] INFO  com.gyan.util.RequestLoggingFilter - Request b66933ed-2d7f-4baf-a909-8cb1e7c297e4 started: GET /documents
2026-04-01 19:19:02 [http-nio-8080-exec-10] INFO  com.gyan.util.RequestLoggingFilter - Request b66933ed-2d7f-4baf-a909-8cb1e7c297e4 completed with status 200
2026-04-01 19:19:02 [http-nio-8080-exec-1] INFO  com.gyan.util.RequestLoggingFilter - Request 97a0395c-6545-4b42-88de-b1ea86cc0f9c started: GET /documents
2026-04-01 19:19:02 [http-nio-8080-exec-1] INFO  com.gyan.util.RequestLoggingFilter - Request 97a0395c-6545-4b42-88de-b1ea86cc0f9c completed with status 200
2026-04-01 19:20:26 [http-nio-8080-exec-3] INFO  com.gyan.util.RequestLoggingFilter - Request c659f6b3-a468-46a6-9295-0dea9dc3cbc1 started: POST /auth/login
2026-04-01 19:20:26 [http-nio-8080-exec-3] INFO  com.gyan.util.RequestLoggingFilter - Request c659f6b3-a468-46a6-9295-0dea9dc3cbc1 completed with status 200
2026-04-01 19:20:26 [http-nio-8080-exec-2] INFO  com.gyan.util.RequestLoggingFilter - Request fd533ad6-f19c-4253-bf47-6904cc11b69c started: GET /documents
2026-04-01 19:20:26 [http-nio-8080-exec-2] INFO  com.gyan.util.RequestLoggingFilter - Request fd533ad6-f19c-4253-bf47-6904cc11b69c completed with status 200
2026-04-01 19:20:26 [http-nio-8080-exec-4] INFO  com.gyan.util.RequestLoggingFilter - Request 56fe0294-efff-44f0-9fd1-32c4f200f90c started: GET /documents
2026-04-01 19:20:26 [http-nio-8080-exec-4] INFO  com.gyan.util.RequestLoggingFilter - Request 56fe0294-efff-44f0-9fd1-32c4f200f90c completed with status 200
2026-04-01 19:20:31 [http-nio-8080-exec-5] INFO  com.gyan.util.RequestLoggingFilter - Request 46ac8fce-92b7-493f-9941-04cad145602f started: GET /documents/69/download
2026-04-01 19:20:31 [http-nio-8080-exec-5] INFO  com.gyan.util.RequestLoggingFilter - Request 46ac8fce-92b7-493f-9941-04cad145602f completed with status 200
2026-04-01 19:20:31 [http-nio-8080-exec-6] ERROR org.apache.catalina.core.ContainerBase.[Tomcat].[localhost].[/].[dispatcherServlet] - Servlet.service() for servlet [dispatcherServlet] threw exception
org.springframework.security.access.AccessDeniedException: Access Denied
	at org.springframework.security.web.access.intercept.AuthorizationFilter.doFilter(AuthorizationFilter.java:98)
	at org.springframework.security.web.FilterChainProxy$VirtualFilterChain.doFilter(FilterChainProxy.java:374)
	at org.springframework.security.web.access.ExceptionTranslationFilter.doFilter(ExceptionTranslationFilter.java:126)
	at org.springframework.security.web.access.ExceptionTranslationFilter.doFilter(ExceptionTranslationFilter.java:120)
	at org.springframework.security.web.FilterChainProxy$VirtualFilterChain.doFilter(FilterChainProxy.java:374)
	at org.springframework.security.web.authentication.AnonymousAuthenticationFilter.doFilter(AnonymousAuthenticationFilter.java:100)
	at org.springframework.security.web.FilterChainProxy$VirtualFilterChain.doFilter(FilterChainProxy.java:374)
	at org.springframework.security.web.servletapi.SecurityContextHolderAwareRequestFilter.doFilter(SecurityContextHolderAwareRequestFilter.java:179)
	at org.springframework.security.web.FilterChainProxy$VirtualFilterChain.doFilter(FilterChainProxy.java:374)
	at org.springframework.security.web.savedrequest.RequestCacheAwareFilter.doFilter(RequestCacheAwareFilter.java:63)
	at org.springframework.security.web.FilterChainProxy$VirtualFilterChain.doFilter(FilterChainProxy.java:374)
	at org.springframework.web.filter.OncePerRequestFilter.doFilter(OncePerRequestFilter.java:101)
	at org.springframework.security.web.FilterChainProxy$VirtualFilterChain.doFilter(FilterChainProxy.java:374)
	at org.springframework.security.web.authentication.logout.LogoutFilter.doFilter(LogoutFilter.java:107)
	at org.springframework.security.web.authentication.logout.LogoutFilter.doFilter(LogoutFilter.java:93)
	at org.springframework.security.web.FilterChainProxy$VirtualFilterChain.doFilter(FilterChainProxy.java:374)
	at org.springframework.web.filter.OncePerRequestFilter.doFilter(OncePerRequestFilter.java:101)
	at org.springframework.security.web.FilterChainProxy$VirtualFilterChain.doFilter(FilterChainProxy.java:374)
	at org.springframework.web.filter.OncePerRequestFilter.doFilter(OncePerRequestFilter.java:101)
	at org.springframework.security.web.FilterChainProxy$VirtualFilterChain.doFilter(FilterChainProxy.java:374)
	at org.springframework.security.web.context.SecurityContextHolderFilter.doFilter(SecurityContextHolderFilter.java:82)
	at org.springframework.security.web.context.SecurityContextHolderFilter.doFilter(SecurityContextHolderFilter.java:69)
	at org.springframework.security.web.FilterChainProxy$VirtualFilterChain.doFilter(FilterChainProxy.java:374)
	at org.springframework.web.filter.OncePerRequestFilter.doFilter(OncePerRequestFilter.java:101)
	at org.springframework.security.web.FilterChainProxy$VirtualFilterChain.doFilter(FilterChainProxy.java:374)
	at org.springframework.web.filter.OncePerRequestFilter.doFilter(OncePerRequestFilter.java:101)
	at org.springframework.security.web.FilterChainProxy$VirtualFilterChain.doFilter(FilterChainProxy.java:374)
	at org.springframework.security.web.FilterChainProxy.doFilterInternal(FilterChainProxy.java:233)
	at org.springframework.security.web.FilterChainProxy.doFilter(FilterChainProxy.java:191)
	at org.springframework.web.filter.CompositeFilter$VirtualFilterChain.doFilter(CompositeFilter.java:113)
	at org.springframework.web.servlet.handler.HandlerMappingIntrospector.lambda$createCacheFilter$3(HandlerMappingIntrospector.java:195)
	at org.springframework.web.filter.CompositeFilter$VirtualFilterChain.doFilter(CompositeFilter.java:113)
	at org.springframework.web.filter.CompositeFilter.doFilter(CompositeFilter.java:74)
	at org.springframework.security.config.annotation.web.configuration.WebMvcSecurityConfiguration$CompositeFilterChainProxy.doFilter(WebMvcSecurityConfiguration.java:230)
	at org.springframework.web.filter.DelegatingFilterProxy.invokeDelegate(DelegatingFilterProxy.java:362)
	at org.springframework.web.filter.DelegatingFilterProxy.doFilter(DelegatingFilterProxy.java:278)
	at org.apache.catalina.core.ApplicationFilterChain.internalDoFilter(ApplicationFilterChain.java:164)
	at org.apache.catalina.core.ApplicationFilterChain.doFilter(ApplicationFilterChain.java:140)
	at org.springframework.web.filter.RequestContextFilter.doFilterInternal(RequestContextFilter.java:100)
	at org.springframework.web.filter.OncePerRequestFilter.doFilter(OncePerRequestFilter.java:116)
	at org.apache.catalina.core.ApplicationFilterChain.internalDoFilter(ApplicationFilterChain.java:164)
	at org.apache.catalina.core.ApplicationFilterChain.doFilter(ApplicationFilterChain.java:140)
	at org.springframework.web.filter.OncePerRequestFilter.doFilter(OncePerRequestFilter.java:101)
	at org.apache.catalina.core.ApplicationFilterChain.internalDoFilter(ApplicationFilterChain.java:164)
	at org.apache.catalina.core.ApplicationFilterChain.doFilter(ApplicationFilterChain.java:140)
	at org.springframework.web.filter.OncePerRequestFilter.doFilter(OncePerRequestFilter.java:101)
	at org.apache.catalina.core.ApplicationFilterChain.internalDoFilter(ApplicationFilterChain.java:164)
	at org.apache.catalina.core.ApplicationFilterChain.doFilter(ApplicationFilterChain.java:140)
	at org.apache.catalina.core.ApplicationDispatcher.invoke(ApplicationDispatcher.java:632)
	at org.apache.catalina.core.ApplicationDispatcher.doDispatch(ApplicationDispatcher.java:560)
	at org.apache.catalina.core.ApplicationDispatcher.dispatch(ApplicationDispatcher.java:531)
	at org.apache.catalina.core.AsyncContextImpl$AsyncRunnable.run(AsyncContextImpl.java:601)
	at org.apache.catalina.core.AsyncContextImpl.doInternalDispatch(AsyncContextImpl.java:344)
	at org.apache.catalina.core.StandardWrapperValve.invoke(StandardWrapperValve.java:165)
	at org.apache.catalina.core.StandardContextValve.invoke(StandardContextValve.java:90)
	at org.apache.catalina.authenticator.AuthenticatorBase.invoke(AuthenticatorBase.java:483)
	at org.apache.catalina.core.StandardHostValve.invoke(StandardHostValve.java:115)
	at org.apache.catalina.valves.ErrorReportValve.invoke(ErrorReportValve.java:93)
	at org.apache.catalina.core.StandardEngineValve.invoke(StandardEngineValve.java:74)
	at org.apache.catalina.connector.CoyoteAdapter.asyncDispatch(CoyoteAdapter.java:239)
	at org.apache.coyote.AbstractProcessor.dispatch(AbstractProcessor.java:243)
	at org.apache.coyote.AbstractProcessorLight.process(AbstractProcessorLight.java:57)
	at org.apache.coyote.AbstractProtocol$ConnectionHandler.process(AbstractProtocol.java:905)
	at org.apache.tomcat.util.net.NioEndpoint$SocketProcessor.doRun(NioEndpoint.java:1741)
	at org.apache.tomcat.util.net.SocketProcessorBase.run(SocketProcessorBase.java:52)
	at org.apache.tomcat.util.threads.ThreadPoolExecutor.runWorker(ThreadPoolExecutor.java:1190)
	at org.apache.tomcat.util.threads.ThreadPoolExecutor$Worker.run(ThreadPoolExecutor.java:659)
	at org.apache.tomcat.util.threads.TaskThread$WrappingRunnable.run(TaskThread.java:63)
	at java.base/java.lang.Thread.run(Thread.java:1583)
2026-04-01 19:20:31 [http-nio-8080-exec-6] ERROR org.apache.catalina.core.ContainerBase.[Tomcat].[localhost].[/].[dispatcherServlet] - Servlet.service() for servlet [dispatcherServlet] in context with path [] threw exception [Unable to handle the Spring Security Exception because the response is already committed.] with root cause
org.springframework.security.access.AccessDeniedException: Access Denied
	at org.springframework.security.web.access.intercept.AuthorizationFilter.doFilter(AuthorizationFilter.java:98)
	at org.springframework.security.web.FilterChainProxy$VirtualFilterChain.doFilter(FilterChainProxy.java:374)
	at org.springframework.security.web.access.ExceptionTranslationFilter.doFilter(ExceptionTranslationFilter.java:126)
	at org.springframework.security.web.access.ExceptionTranslationFilter.doFilter(ExceptionTranslationFilter.java:120)
	at org.springframework.security.web.FilterChainProxy$VirtualFilterChain.doFilter(FilterChainProxy.java:374)
	at org.springframework.security.web.authentication.AnonymousAuthenticationFilter.doFilter(AnonymousAuthenticationFilter.java:100)
	at org.springframework.security.web.FilterChainProxy$VirtualFilterChain.doFilter(FilterChainProxy.java:374)
	at org.springframework.security.web.servletapi.SecurityContextHolderAwareRequestFilter.doFilter(SecurityContextHolderAwareRequestFilter.java:179)
	at org.springframework.security.web.FilterChainProxy$VirtualFilterChain.doFilter(FilterChainProxy.java:374)
	at org.springframework.security.web.savedrequest.RequestCacheAwareFilter.doFilter(RequestCacheAwareFilter.java:63)
	at org.springframework.security.web.FilterChainProxy$VirtualFilterChain.doFilter(FilterChainProxy.java:374)
	at org.springframework.web.filter.OncePerRequestFilter.doFilter(OncePerRequestFilter.java:101)
	at org.springframework.security.web.FilterChainProxy$VirtualFilterChain.doFilter(FilterChainProxy.java:374)
	at org.springframework.security.web.authentication.logout.LogoutFilter.doFilter(LogoutFilter.java:107)
	at org.springframework.security.web.authentication.logout.LogoutFilter.doFilter(LogoutFilter.java:93)
	at org.springframework.security.web.FilterChainProxy$VirtualFilterChain.doFilter(FilterChainProxy.java:374)
	at org.springframework.web.filter.OncePerRequestFilter.doFilter(OncePerRequestFilter.java:101)
	at org.springframework.security.web.FilterChainProxy$VirtualFilterChain.doFilter(FilterChainProxy.java:374)
	at org.springframework.web.filter.OncePerRequestFilter.doFilter(OncePerRequestFilter.java:101)
	at org.springframework.security.web.FilterChainProxy$VirtualFilterChain.doFilter(FilterChainProxy.java:374)
	at org.springframework.security.web.context.SecurityContextHolderFilter.doFilter(SecurityContextHolderFilter.java:82)
	at org.springframework.security.web.context.SecurityContextHolderFilter.doFilter(SecurityContextHolderFilter.java:69)
	at org.springframework.security.web.FilterChainProxy$VirtualFilterChain.doFilter(FilterChainProxy.java:374)
	at org.springframework.web.filter.OncePerRequestFilter.doFilter(OncePerRequestFilter.java:101)
	at org.springframework.security.web.FilterChainProxy$VirtualFilterChain.doFilter(FilterChainProxy.java:374)
	at org.springframework.web.filter.OncePerRequestFilter.doFilter(OncePerRequestFilter.java:101)
	at org.springframework.security.web.FilterChainProxy$VirtualFilterChain.doFilter(FilterChainProxy.java:374)
	at org.springframework.security.web.FilterChainProxy.doFilterInternal(FilterChainProxy.java:233)
	at org.springframework.security.web.FilterChainProxy.doFilter(FilterChainProxy.java:191)
	at org.springframework.web.filter.CompositeFilter$VirtualFilterChain.doFilter(CompositeFilter.java:113)
	at org.springframework.web.servlet.handler.HandlerMappingIntrospector.lambda$createCacheFilter$3(HandlerMappingIntrospector.java:195)
	at org.springframework.web.filter.CompositeFilter$VirtualFilterChain.doFilter(CompositeFilter.java:113)
	at org.springframework.web.filter.CompositeFilter.doFilter(CompositeFilter.java:74)
	at org.springframework.security.config.annotation.web.configuration.WebMvcSecurityConfiguration$CompositeFilterChainProxy.doFilter(WebMvcSecurityConfiguration.java:230)
	at org.springframework.web.filter.DelegatingFilterProxy.invokeDelegate(DelegatingFilterProxy.java:362)
	at org.springframework.web.filter.DelegatingFilterProxy.doFilter(DelegatingFilterProxy.java:278)
	at org.apache.catalina.core.ApplicationFilterChain.internalDoFilter(ApplicationFilterChain.java:164)
	at org.apache.catalina.core.ApplicationFilterChain.doFilter(ApplicationFilterChain.java:140)
	at org.springframework.web.filter.RequestContextFilter.doFilterInternal(RequestContextFilter.java:100)
	at org.springframework.web.filter.OncePerRequestFilter.doFilter(OncePerRequestFilter.java:116)
	at org.apache.catalina.core.ApplicationFilterChain.internalDoFilter(ApplicationFilterChain.java:164)
	at org.apache.catalina.core.ApplicationFilterChain.doFilter(ApplicationFilterChain.java:140)
	at org.springframework.web.filter.OncePerRequestFilter.doFilter(OncePerRequestFilter.java:101)
	at org.apache.catalina.core.ApplicationFilterChain.internalDoFilter(ApplicationFilterChain.java:164)
	at org.apache.catalina.core.ApplicationFilterChain.doFilter(ApplicationFilterChain.java:140)
	at org.springframework.web.filter.OncePerRequestFilter.doFilter(OncePerRequestFilter.java:101)
	at org.apache.catalina.core.ApplicationFilterChain.internalDoFilter(ApplicationFilterChain.java:164)
	at org.apache.catalina.core.ApplicationFilterChain.doFilter(ApplicationFilterChain.java:140)
	at org.apache.catalina.core.ApplicationDispatcher.invoke(ApplicationDispatcher.java:632)
	at org.apache.catalina.core.ApplicationDispatcher.doDispatch(ApplicationDispatcher.java:560)
	at org.apache.catalina.core.ApplicationDispatcher.dispatch(ApplicationDispatcher.java:531)
	at org.apache.catalina.core.AsyncContextImpl$AsyncRunnable.run(AsyncContextImpl.java:601)
	at org.apache.catalina.core.AsyncContextImpl.doInternalDispatch(AsyncContextImpl.java:344)
	at org.apache.catalina.core.StandardWrapperValve.invoke(StandardWrapperValve.java:165)
	at org.apache.catalina.core.StandardContextValve.invoke(StandardContextValve.java:90)
	at org.apache.catalina.authenticator.AuthenticatorBase.invoke(AuthenticatorBase.java:483)
	at org.apache.catalina.core.StandardHostValve.invoke(StandardHostValve.java:115)
	at org.apache.catalina.valves.ErrorReportValve.invoke(ErrorReportValve.java:93)
	at org.apache.catalina.core.StandardEngineValve.invoke(StandardEngineValve.java:74)
	at org.apache.catalina.connector.CoyoteAdapter.asyncDispatch(CoyoteAdapter.java:239)
	at org.apache.coyote.AbstractProcessor.dispatch(AbstractProcessor.java:243)
	at org.apache.coyote.AbstractProcessorLight.process(AbstractProcessorLight.java:57)
	at org.apache.coyote.AbstractProtocol$ConnectionHandler.process(AbstractProtocol.java:905)
	at org.apache.tomcat.util.net.NioEndpoint$SocketProcessor.doRun(NioEndpoint.java:1741)
	at org.apache.tomcat.util.net.SocketProcessorBase.run(SocketProcessorBase.java:52)
	at org.apache.tomcat.util.threads.ThreadPoolExecutor.runWorker(ThreadPoolExecutor.java:1190)
	at org.apache.tomcat.util.threads.ThreadPoolExecutor$Worker.run(ThreadPoolExecutor.java:659)
	at org.apache.tomcat.util.threads.TaskThread$WrappingRunnable.run(TaskThread.java:63)
	at java.base/java.lang.Thread.run(Thread.java:1583)
2026-04-01 19:20:31 [http-nio-8080-exec-6] ERROR org.apache.catalina.core.ContainerBase.[Tomcat].[localhost].[/].[dispatcherServlet] - Servlet.service() for servlet [dispatcherServlet] threw exception
org.springframework.security.access.AccessDeniedException: Access Denied
	at org.springframework.security.web.access.intercept.AuthorizationFilter.doFilter(AuthorizationFilter.java:98)
	at org.springframework.security.web.FilterChainProxy$VirtualFilterChain.doFilter(FilterChainProxy.java:374)
	at org.springframework.security.web.access.ExceptionTranslationFilter.doFilter(ExceptionTranslationFilter.java:126)
	at org.springframework.security.web.access.ExceptionTranslationFilter.doFilter(ExceptionTranslationFilter.java:120)
	at org.springframework.security.web.FilterChainProxy$VirtualFilterChain.doFilter(FilterChainProxy.java:374)
	at org.springframework.security.web.authentication.AnonymousAuthenticationFilter.doFilter(AnonymousAuthenticationFilter.java:100)
	at org.springframework.security.web.FilterChainProxy$VirtualFilterChain.doFilter(FilterChainProxy.java:374)
	at org.springframework.security.web.servletapi.SecurityContextHolderAwareRequestFilter.doFilter(SecurityContextHolderAwareRequestFilter.java:179)
	at org.springframework.security.web.FilterChainProxy$VirtualFilterChain.doFilter(FilterChainProxy.java:374)
	at org.springframework.security.web.savedrequest.RequestCacheAwareFilter.doFilter(RequestCacheAwareFilter.java:63)
	at org.springframework.security.web.FilterChainProxy$VirtualFilterChain.doFilter(FilterChainProxy.java:374)
	at org.springframework.web.filter.OncePerRequestFilter.doFilter(OncePerRequestFilter.java:101)
	at org.springframework.security.web.FilterChainProxy$VirtualFilterChain.doFilter(FilterChainProxy.java:374)
	at org.springframework.security.web.authentication.logout.LogoutFilter.doFilter(LogoutFilter.java:107)
	at org.springframework.security.web.authentication.logout.LogoutFilter.doFilter(LogoutFilter.java:93)
	at org.springframework.security.web.FilterChainProxy$VirtualFilterChain.doFilter(FilterChainProxy.java:374)
	at org.springframework.web.filter.OncePerRequestFilter.doFilter(OncePerRequestFilter.java:101)
	at org.springframework.security.web.FilterChainProxy$VirtualFilterChain.doFilter(FilterChainProxy.java:374)
	at org.springframework.web.filter.OncePerRequestFilter.doFilter(OncePerRequestFilter.java:101)
	at org.springframework.security.web.FilterChainProxy$VirtualFilterChain.doFilter(FilterChainProxy.java:374)
	at org.springframework.security.web.context.SecurityContextHolderFilter.doFilter(SecurityContextHolderFilter.java:82)
	at org.springframework.security.web.context.SecurityContextHolderFilter.doFilter(SecurityContextHolderFilter.java:69)
	at org.springframework.security.web.FilterChainProxy$VirtualFilterChain.doFilter(FilterChainProxy.java:374)
	at org.springframework.web.filter.OncePerRequestFilter.doFilter(OncePerRequestFilter.java:101)
	at org.springframework.security.web.FilterChainProxy$VirtualFilterChain.doFilter(FilterChainProxy.java:374)
	at org.springframework.web.filter.OncePerRequestFilter.doFilter(OncePerRequestFilter.java:101)
	at org.springframework.security.web.FilterChainProxy$VirtualFilterChain.doFilter(FilterChainProxy.java:374)
	at org.springframework.security.web.FilterChainProxy.doFilterInternal(FilterChainProxy.java:233)
	at org.springframework.security.web.FilterChainProxy.doFilter(FilterChainProxy.java:191)
	at org.springframework.web.filter.CompositeFilter$VirtualFilterChain.doFilter(CompositeFilter.java:113)
	at org.springframework.web.servlet.handler.HandlerMappingIntrospector.lambda$createCacheFilter$3(HandlerMappingIntrospector.java:195)
	at org.springframework.web.filter.CompositeFilter$VirtualFilterChain.doFilter(CompositeFilter.java:113)
	at org.springframework.web.filter.CompositeFilter.doFilter(CompositeFilter.java:74)
	at org.springframework.security.config.annotation.web.configuration.WebMvcSecurityConfiguration$CompositeFilterChainProxy.doFilter(WebMvcSecurityConfiguration.java:230)
	at org.springframework.web.filter.DelegatingFilterProxy.invokeDelegate(DelegatingFilterProxy.java:362)
	at org.springframework.web.filter.DelegatingFilterProxy.doFilter(DelegatingFilterProxy.java:278)
	at org.apache.catalina.core.ApplicationFilterChain.internalDoFilter(ApplicationFilterChain.java:164)
	at org.apache.catalina.core.ApplicationFilterChain.doFilter(ApplicationFilterChain.java:140)
	at org.springframework.web.filter.RequestContextFilter.doFilterInternal(RequestContextFilter.java:100)
	at org.springframework.web.filter.OncePerRequestFilter.doFilter(OncePerRequestFilter.java:116)
	at org.apache.catalina.core.ApplicationFilterChain.internalDoFilter(ApplicationFilterChain.java:164)
	at org.apache.catalina.core.ApplicationFilterChain.doFilter(ApplicationFilterChain.java:140)
	at org.springframework.web.filter.OncePerRequestFilter.doFilter(OncePerRequestFilter.java:101)
	at org.apache.catalina.core.ApplicationFilterChain.internalDoFilter(ApplicationFilterChain.java:164)
	at org.apache.catalina.core.ApplicationFilterChain.doFilter(ApplicationFilterChain.java:140)
	at org.springframework.web.filter.OncePerRequestFilter.doFilter(OncePerRequestFilter.java:101)
	at org.apache.catalina.core.ApplicationFilterChain.internalDoFilter(ApplicationFilterChain.java:164)
	at org.apache.catalina.core.ApplicationFilterChain.doFilter(ApplicationFilterChain.java:140)
	at org.apache.catalina.core.ApplicationDispatcher.invoke(ApplicationDispatcher.java:632)
	at org.apache.catalina.core.ApplicationDispatcher.doInclude(ApplicationDispatcher.java:510)
	at org.apache.catalina.core.ApplicationDispatcher.include(ApplicationDispatcher.java:453)
	at org.apache.catalina.core.StandardHostValve.custom(StandardHostValve.java:343)
	at org.apache.catalina.core.StandardHostValve.status(StandardHostValve.java:222)
	at org.apache.catalina.core.StandardHostValve.throwable(StandardHostValve.java:308)
	at org.apache.catalina.core.StandardHostValve.invoke(StandardHostValve.java:149)
	at org.apache.catalina.valves.ErrorReportValve.invoke(ErrorReportValve.java:93)
	at org.apache.catalina.core.StandardEngineValve.invoke(StandardEngineValve.java:74)
	at org.apache.catalina.connector.CoyoteAdapter.asyncDispatch(CoyoteAdapter.java:239)
	at org.apache.coyote.AbstractProcessor.dispatch(AbstractProcessor.java:243)
	at org.apache.coyote.AbstractProcessorLight.process(AbstractProcessorLight.java:57)
	at org.apache.coyote.AbstractProtocol$ConnectionHandler.process(AbstractProtocol.java:905)
	at org.apache.tomcat.util.net.NioEndpoint$SocketProcessor.doRun(NioEndpoint.java:1741)
	at org.apache.tomcat.util.net.SocketProcessorBase.run(SocketProcessorBase.java:52)
	at org.apache.tomcat.util.threads.ThreadPoolExecutor.runWorker(ThreadPoolExecutor.java:1190)
	at org.apache.tomcat.util.threads.ThreadPoolExecutor$Worker.run(ThreadPoolExecutor.java:659)
	at org.apache.tomcat.util.threads.TaskThread$WrappingRunnable.run(TaskThread.java:63)
	at java.base/java.lang.Thread.run(Thread.java:1583)
2026-04-01 19:20:31 [http-nio-8080-exec-6] ERROR org.apache.catalina.core.ContainerBase.[Tomcat].[localhost] - Exception Processing [ErrorPage[errorCode=0, location=/error]]
jakarta.servlet.ServletException: Unable to handle the Spring Security Exception because the response is already committed.
	at org.springframework.security.web.access.ExceptionTranslationFilter.doFilter(ExceptionTranslationFilter.java:144)
	at org.springframework.security.web.access.ExceptionTranslationFilter.doFilter(ExceptionTranslationFilter.java:120)
	at org.springframework.security.web.FilterChainProxy$VirtualFilterChain.doFilter(FilterChainProxy.java:374)
	at org.springframework.security.web.authentication.AnonymousAuthenticationFilter.doFilter(AnonymousAuthenticationFilter.java:100)
	at org.springframework.security.web.FilterChainProxy$VirtualFilterChain.doFilter(FilterChainProxy.java:374)
	at org.springframework.security.web.servletapi.SecurityContextHolderAwareRequestFilter.doFilter(SecurityContextHolderAwareRequestFilter.java:179)
	at org.springframework.security.web.FilterChainProxy$VirtualFilterChain.doFilter(FilterChainProxy.java:374)
	at org.springframework.security.web.savedrequest.RequestCacheAwareFilter.doFilter(RequestCacheAwareFilter.java:63)
	at org.springframework.security.web.FilterChainProxy$VirtualFilterChain.doFilter(FilterChainProxy.java:374)
	at org.springframework.web.filter.OncePerRequestFilter.doFilter(OncePerRequestFilter.java:101)
	at org.springframework.security.web.FilterChainProxy$VirtualFilterChain.doFilter(FilterChainProxy.java:374)
	at org.springframework.security.web.authentication.logout.LogoutFilter.doFilter(LogoutFilter.java:107)
	at org.springframework.security.web.authentication.logout.LogoutFilter.doFilter(LogoutFilter.java:93)
	at org.springframework.security.web.FilterChainProxy$VirtualFilterChain.doFilter(FilterChainProxy.java:374)
	at org.springframework.web.filter.OncePerRequestFilter.doFilter(OncePerRequestFilter.java:101)
	at org.springframework.security.web.FilterChainProxy$VirtualFilterChain.doFilter(FilterChainProxy.java:374)
	at org.springframework.web.filter.OncePerRequestFilter.doFilter(OncePerRequestFilter.java:101)
	at org.springframework.security.web.FilterChainProxy$VirtualFilterChain.doFilter(FilterChainProxy.java:374)
	at org.springframework.security.web.context.SecurityContextHolderFilter.doFilter(SecurityContextHolderFilter.java:82)
	at org.springframework.security.web.context.SecurityContextHolderFilter.doFilter(SecurityContextHolderFilter.java:69)
	at org.springframework.security.web.FilterChainProxy$VirtualFilterChain.doFilter(FilterChainProxy.java:374)
	at org.springframework.web.filter.OncePerRequestFilter.doFilter(OncePerRequestFilter.java:101)
	at org.springframework.security.web.FilterChainProxy$VirtualFilterChain.doFilter(FilterChainProxy.java:374)
	at org.springframework.web.filter.OncePerRequestFilter.doFilter(OncePerRequestFilter.java:101)
	at org.springframework.security.web.FilterChainProxy$VirtualFilterChain.doFilter(FilterChainProxy.java:374)
	at org.springframework.security.web.FilterChainProxy.doFilterInternal(FilterChainProxy.java:233)
	at org.springframework.security.web.FilterChainProxy.doFilter(FilterChainProxy.java:191)
	at org.springframework.web.filter.CompositeFilter$VirtualFilterChain.doFilter(CompositeFilter.java:113)
	at org.springframework.web.servlet.handler.HandlerMappingIntrospector.lambda$createCacheFilter$3(HandlerMappingIntrospector.java:195)
	at org.springframework.web.filter.CompositeFilter$VirtualFilterChain.doFilter(CompositeFilter.java:113)
	at org.springframework.web.filter.CompositeFilter.doFilter(CompositeFilter.java:74)
	at org.springframework.security.config.annotation.web.configuration.WebMvcSecurityConfiguration$CompositeFilterChainProxy.doFilter(WebMvcSecurityConfiguration.java:230)
	at org.springframework.web.filter.DelegatingFilterProxy.invokeDelegate(DelegatingFilterProxy.java:362)
	at org.springframework.web.filter.DelegatingFilterProxy.doFilter(DelegatingFilterProxy.java:278)
	at org.apache.catalina.core.ApplicationFilterChain.internalDoFilter(ApplicationFilterChain.java:164)
	at org.apache.catalina.core.ApplicationFilterChain.doFilter(ApplicationFilterChain.java:140)
	at org.springframework.web.filter.RequestContextFilter.doFilterInternal(RequestContextFilter.java:100)
	at org.springframework.web.filter.OncePerRequestFilter.doFilter(OncePerRequestFilter.java:116)
	at org.apache.catalina.core.ApplicationFilterChain.internalDoFilter(ApplicationFilterChain.java:164)
	at org.apache.catalina.core.ApplicationFilterChain.doFilter(ApplicationFilterChain.java:140)
	at org.springframework.web.filter.OncePerRequestFilter.doFilter(OncePerRequestFilter.java:101)
	at org.apache.catalina.core.ApplicationFilterChain.internalDoFilter(ApplicationFilterChain.java:164)
	at org.apache.catalina.core.ApplicationFilterChain.doFilter(ApplicationFilterChain.java:140)
	at org.springframework.web.filter.OncePerRequestFilter.doFilter(OncePerRequestFilter.java:101)
	at org.apache.catalina.core.ApplicationFilterChain.internalDoFilter(ApplicationFilterChain.java:164)
	at org.apache.catalina.core.ApplicationFilterChain.doFilter(ApplicationFilterChain.java:140)
	at org.apache.catalina.core.ApplicationDispatcher.invoke(ApplicationDispatcher.java:632)
	at org.apache.catalina.core.ApplicationDispatcher.doInclude(ApplicationDispatcher.java:510)
	at org.apache.catalina.core.ApplicationDispatcher.include(ApplicationDispatcher.java:453)
	at org.apache.catalina.core.StandardHostValve.custom(StandardHostValve.java:343)
	at org.apache.catalina.core.StandardHostValve.status(StandardHostValve.java:222)
	at org.apache.catalina.core.StandardHostValve.throwable(StandardHostValve.java:308)
	at org.apache.catalina.core.StandardHostValve.invoke(StandardHostValve.java:149)
	at org.apache.catalina.valves.ErrorReportValve.invoke(ErrorReportValve.java:93)
	at org.apache.catalina.core.StandardEngineValve.invoke(StandardEngineValve.java:74)
	at org.apache.catalina.connector.CoyoteAdapter.asyncDispatch(CoyoteAdapter.java:239)
	at org.apache.coyote.AbstractProcessor.dispatch(AbstractProcessor.java:243)
	at org.apache.coyote.AbstractProcessorLight.process(AbstractProcessorLight.java:57)
	at org.apache.coyote.AbstractProtocol$ConnectionHandler.process(AbstractProtocol.java:905)
	at org.apache.tomcat.util.net.NioEndpoint$SocketProcessor.doRun(NioEndpoint.java:1741)
	at org.apache.tomcat.util.net.SocketProcessorBase.run(SocketProcessorBase.java:52)
	at org.apache.tomcat.util.threads.ThreadPoolExecutor.runWorker(ThreadPoolExecutor.java:1190)
	at org.apache.tomcat.util.threads.ThreadPoolExecutor$Worker.run(ThreadPoolExecutor.java:659)
	at org.apache.tomcat.util.threads.TaskThread$WrappingRunnable.run(TaskThread.java:63)
	at java.base/java.lang.Thread.run(Thread.java:1583)
Caused by: org.springframework.security.access.AccessDeniedException: Access Denied
	at org.springframework.security.web.access.intercept.AuthorizationFilter.doFilter(AuthorizationFilter.java:98)
	at org.springframework.security.web.FilterChainProxy$VirtualFilterChain.doFilter(FilterChainProxy.java:374)
	at org.springframework.security.web.access.ExceptionTranslationFilter.doFilter(ExceptionTranslationFilter.java:126)
	... 64 common frames omitted
2026-04-01 19:22:30 [kafka-producer-network-thread | gyan-producer-1] INFO  org.apache.kafka.clients.NetworkClient - [Producer clientId=gyan-producer-1] Node -1 disconnected.
2026-04-01 19:24:43 [http-nio-8080-exec-9] INFO  com.gyan.util.RequestLoggingFilter - Request dfdaa414-89a2-47ef-9d24-c167cfb778b6 started: GET /documents
2026-04-01 19:24:43 [http-nio-8080-exec-9] INFO  com.gyan.util.RequestLoggingFilter - Request dfdaa414-89a2-47ef-9d24-c167cfb778b6 completed with status 200
2026-04-01 19:24:55 [File Watcher] INFO  org.springframework.boot.devtools.autoconfigure.LocalDevToolsAutoConfiguration$RestartingClassPathChangeChangedEventListener - Restarting due to 1 class path change (0 additions, 0 deletions, 1 modification)
2026-04-01 19:24:55 [org.springframework.kafka.KafkaListenerEndpointContainer#0-0-C-1] INFO  org.apache.kafka.clients.consumer.internals.ConsumerRebalanceListenerInvoker - [Consumer clientId=consumer-document-workers-1, groupId=document-workers] Revoke previously assigned partitions document-uploaded-0, document-uploaded-1, document-uploaded-2
2026-04-01 19:24:55 [org.springframework.kafka.KafkaListenerEndpointContainer#0-0-C-1] INFO  org.springframework.kafka.listener.KafkaMessageListenerContainer - document-workers: partitions revoked: [document-uploaded-0, document-uploaded-1, document-uploaded-2]
2026-04-01 19:24:55 [org.springframework.kafka.KafkaListenerEndpointContainer#0-0-C-1] INFO  org.apache.kafka.clients.consumer.internals.ConsumerCoordinator - [Consumer clientId=consumer-document-workers-1, groupId=document-workers] Member consumer-document-workers-1-62b383de-46a9-4210-a6d5-c3d9a7702165 sending LeaveGroup request to coordinator localhost:9092 (id: 2147483646 rack: null) due to the consumer unsubscribed from all topics
2026-04-01 19:24:55 [org.springframework.kafka.KafkaListenerEndpointContainer#0-0-C-1] INFO  org.apache.kafka.clients.consumer.internals.ConsumerCoordinator - [Consumer clientId=consumer-document-workers-1, groupId=document-workers] Resetting generation and member id due to: consumer pro-actively leaving the group
2026-04-01 19:24:55 [org.springframework.kafka.KafkaListenerEndpointContainer#0-0-C-1] INFO  org.apache.kafka.clients.consumer.internals.ConsumerCoordinator - [Consumer clientId=consumer-document-workers-1, groupId=document-workers] Request joining group due to: consumer pro-actively leaving the group
2026-04-01 19:24:55 [org.springframework.kafka.KafkaListenerEndpointContainer#0-0-C-1] INFO  org.apache.kafka.clients.consumer.internals.LegacyKafkaConsumer - [Consumer clientId=consumer-document-workers-1, groupId=document-workers] Unsubscribed all topics or patterns and assigned partitions
2026-04-01 19:24:55 [org.springframework.kafka.KafkaListenerEndpointContainer#0-0-C-1] INFO  org.apache.kafka.clients.consumer.internals.ConsumerCoordinator - [Consumer clientId=consumer-document-workers-1, groupId=document-workers] Resetting generation and member id due to: consumer pro-actively leaving the group
2026-04-01 19:24:55 [org.springframework.kafka.KafkaListenerEndpointContainer#0-0-C-1] INFO  org.apache.kafka.clients.consumer.internals.ConsumerCoordinator - [Consumer clientId=consumer-document-workers-1, groupId=document-workers] Request joining group due to: consumer pro-actively leaving the group
2026-04-01 19:24:55 [org.springframework.kafka.KafkaListenerEndpointContainer#0-0-C-1] INFO  org.apache.kafka.common.metrics.Metrics - Metrics scheduler closed
2026-04-01 19:24:55 [org.springframework.kafka.KafkaListenerEndpointContainer#0-0-C-1] INFO  org.apache.kafka.common.metrics.Metrics - Closing reporter org.apache.kafka.common.metrics.JmxReporter
2026-04-01 19:24:55 [org.springframework.kafka.KafkaListenerEndpointContainer#0-0-C-1] INFO  org.apache.kafka.common.metrics.Metrics - Closing reporter org.apache.kafka.common.telemetry.internals.ClientTelemetryReporter
2026-04-01 19:24:55 [org.springframework.kafka.KafkaListenerEndpointContainer#0-0-C-1] INFO  org.apache.kafka.common.metrics.Metrics - Metrics reporters closed
2026-04-01 19:24:55 [org.springframework.kafka.KafkaListenerEndpointContainer#0-0-C-1] INFO  org.apache.kafka.common.utils.AppInfoParser - App info kafka.consumer for consumer-document-workers-1 unregistered
2026-04-01 19:24:55 [org.springframework.kafka.KafkaListenerEndpointContainer#0-0-C-1] INFO  org.springframework.kafka.listener.KafkaMessageListenerContainer - document-workers: Consumer stopped
2026-04-01 19:24:55 [Thread-5] INFO  org.apache.coyote.http11.Http11NioProtocol - Stopping ProtocolHandler ["http-nio-8080"]
2026-04-01 19:24:55 [Thread-5] INFO  org.apache.kafka.clients.producer.KafkaProducer - [Producer clientId=gyan-producer-1] Closing the Kafka producer with timeoutMillis = 30000 ms.
2026-04-01 19:24:55 [Thread-5] INFO  org.apache.kafka.common.metrics.Metrics - Metrics scheduler closed
2026-04-01 19:24:55 [Thread-5] INFO  org.apache.kafka.common.metrics.Metrics - Closing reporter org.apache.kafka.common.metrics.JmxReporter
2026-04-01 19:24:55 [Thread-5] INFO  org.apache.kafka.common.metrics.Metrics - Closing reporter org.apache.kafka.common.telemetry.internals.ClientTelemetryReporter
2026-04-01 19:24:55 [Thread-5] INFO  org.apache.kafka.common.metrics.Metrics - Metrics reporters closed
2026-04-01 19:24:55 [Thread-5] INFO  org.apache.kafka.common.utils.AppInfoParser - App info kafka.producer for gyan-producer-1 unregistered
2026-04-01 19:24:55 [Thread-5] INFO  org.springframework.orm.jpa.LocalContainerEntityManagerFactoryBean - Closing JPA EntityManagerFactory for persistence unit 'default'
2026-04-01 19:24:56 [Thread-5] INFO  com.zaxxer.hikari.HikariDataSource - HikariPool-1 - Shutdown initiated...
2026-04-01 19:24:56 [Thread-5] INFO  com.zaxxer.hikari.HikariDataSource - HikariPool-1 - Shutdown completed.
2026-04-01 19:24:56 [restartedMain] INFO  com.gyan.GyanApplication - Starting GyanApplication using Java 21.0.8 with PID 3608 (C:\Users\manjk\OneDrive\Desktop\Discipline\gyan\backend\target\classes started by manjk in C:\Users\manjk\OneDrive\Desktop\Discipline\gyan\backend)
2026-04-01 19:24:56 [restartedMain] INFO  com.gyan.GyanApplication - No active profile set, falling back to 1 default profile: "default"
2026-04-01 19:24:56 [restartedMain] INFO  org.springframework.data.repository.config.RepositoryConfigurationDelegate - Multiple Spring Data modules found, entering strict repository configuration mode
2026-04-01 19:24:56 [restartedMain] INFO  org.springframework.data.repository.config.RepositoryConfigurationDelegate - Bootstrapping Spring Data Elasticsearch repositories in DEFAULT mode.
2026-04-01 19:24:56 [restartedMain] INFO  org.springframework.data.repository.config.RepositoryConfigurationExtensionSupport - Spring Data Elasticsearch - Could not safely identify store assignment for repository candidate interface com.gyan.repository.DocumentChunkRepository; If you want this repository to be a Elasticsearch repository, consider annotating your entities with one of these annotations: org.springframework.data.elasticsearch.annotations.Document (preferred), or consider extending one of the following types with your repository: org.springframework.data.elasticsearch.repository.ElasticsearchRepository
2026-04-01 19:24:56 [restartedMain] INFO  org.springframework.data.repository.config.RepositoryConfigurationExtensionSupport - Spring Data Elasticsearch - Could not safely identify store assignment for repository candidate interface com.gyan.repository.DocumentRepository; If you want this repository to be a Elasticsearch repository, consider annotating your entities with one of these annotations: org.springframework.data.elasticsearch.annotations.Document (preferred), or consider extending one of the following types with your repository: org.springframework.data.elasticsearch.repository.ElasticsearchRepository
2026-04-01 19:24:57 [restartedMain] INFO  org.springframework.data.repository.config.RepositoryConfigurationExtensionSupport - Spring Data Elasticsearch - Could not safely identify store assignment for repository candidate interface com.gyan.repository.UserRepository; If you want this repository to be a Elasticsearch repository, consider annotating your entities with one of these annotations: org.springframework.data.elasticsearch.annotations.Document (preferred), or consider extending one of the following types with your repository: org.springframework.data.elasticsearch.repository.ElasticsearchRepository
2026-04-01 19:24:57 [restartedMain] INFO  org.springframework.data.repository.config.RepositoryConfigurationDelegate - Finished Spring Data repository scanning in 58 ms. Found 1 Elasticsearch repository interface.
2026-04-01 19:24:57 [restartedMain] INFO  org.springframework.data.repository.config.RepositoryConfigurationDelegate - Multiple Spring Data modules found, entering strict repository configuration mode
2026-04-01 19:24:57 [restartedMain] INFO  org.springframework.data.repository.config.RepositoryConfigurationDelegate - Bootstrapping Spring Data JPA repositories in DEFAULT mode.
2026-04-01 19:24:57 [restartedMain] INFO  org.springframework.data.repository.config.RepositoryConfigurationExtensionSupport - Spring Data JPA - Could not safely identify store assignment for repository candidate interface com.gyan.repository.DocumentSearchRepository; If you want this repository to be a JPA repository, consider annotating your entities with one of these annotations: jakarta.persistence.Entity, jakarta.persistence.MappedSuperclass (preferred), or consider extending one of the following types with your repository: org.springframework.data.jpa.repository.JpaRepository
2026-04-01 19:24:57 [restartedMain] INFO  org.springframework.data.repository.config.RepositoryConfigurationDelegate - Finished Spring Data repository scanning in 27 ms. Found 3 JPA repository interfaces.
2026-04-01 19:24:57 [restartedMain] INFO  org.springframework.boot.web.embedded.tomcat.TomcatWebServer - Tomcat initialized with port 8080 (http)
2026-04-01 19:24:57 [restartedMain] INFO  org.apache.coyote.http11.Http11NioProtocol - Initializing ProtocolHandler ["http-nio-8080"]
2026-04-01 19:24:57 [restartedMain] INFO  org.apache.catalina.core.StandardService - Starting service [Tomcat]
2026-04-01 19:24:57 [restartedMain] INFO  org.apache.catalina.core.StandardEngine - Starting Servlet engine: [Apache Tomcat/10.1.31]
2026-04-01 19:24:57 [restartedMain] INFO  org.apache.catalina.core.ContainerBase.[Tomcat].[localhost].[/] - Initializing Spring embedded WebApplicationContext
2026-04-01 19:24:57 [restartedMain] INFO  org.springframework.boot.web.servlet.context.ServletWebServerApplicationContext - Root WebApplicationContext: initialization completed in 1142 ms
2026-04-01 19:24:57 [restartedMain] INFO  org.hibernate.jpa.internal.util.LogHelper - HHH000204: Processing PersistenceUnitInfo [name: default]
2026-04-01 19:24:57 [restartedMain] INFO  org.hibernate.cache.internal.RegionFactoryInitiator - HHH000026: Second-level cache disabled
2026-04-01 19:24:57 [restartedMain] INFO  org.springframework.orm.jpa.persistenceunit.SpringPersistenceUnitInfo - No LoadTimeWeaver setup: ignoring JPA class transformer
2026-04-01 19:24:57 [restartedMain] INFO  com.zaxxer.hikari.HikariDataSource - HikariPool-2 - Starting...
2026-04-01 19:24:57 [restartedMain] INFO  com.zaxxer.hikari.pool.HikariPool - HikariPool-2 - Added connection org.postgresql.jdbc.PgConnection@407d40da
2026-04-01 19:24:57 [restartedMain] INFO  com.zaxxer.hikari.HikariDataSource - HikariPool-2 - Start completed.
2026-04-01 19:24:57 [restartedMain] WARN  org.hibernate.orm.deprecation - HHH90000025: PostgreSQLDialect does not need to be specified explicitly using 'hibernate.dialect' (remove the property setting and it will be selected by default)
2026-04-01 19:24:57 [restartedMain] INFO  org.hibernate.engine.transaction.jta.platform.internal.JtaPlatformInitiator - HHH000489: No JTA platform available (set 'hibernate.transaction.jta.platform' to enable JTA platform integration)
2026-04-01 19:24:57 [restartedMain] INFO  org.springframework.orm.jpa.LocalContainerEntityManagerFactoryBean - Initialized JPA EntityManagerFactory for persistence unit 'default'
2026-04-01 19:24:58 [restartedMain] INFO  org.springframework.boot.devtools.autoconfigure.OptionalLiveReloadServer - LiveReload server is running on port 35729
2026-04-01 19:24:58 [restartedMain] WARN  org.springframework.boot.autoconfigure.orm.jpa.JpaBaseConfiguration$JpaWebConfiguration - spring.jpa.open-in-view is enabled by default. Therefore, database queries may be performed during view rendering. Explicitly configure spring.jpa.open-in-view to disable this warning
2026-04-01 19:24:58 [restartedMain] WARN  org.springframework.boot.autoconfigure.security.servlet.UserDetailsServiceAutoConfiguration - 

Using generated security password: 0368cb71-f13a-4779-a27b-38e831f114b4

This generated password is for development use only. Your security configuration must be updated before running your application in production.

2026-04-01 19:24:58 [restartedMain] INFO  org.springframework.security.config.annotation.authentication.configuration.InitializeUserDetailsBeanManagerConfigurer$InitializeUserDetailsManagerConfigurer - Global AuthenticationManager configured with UserDetailsService bean with name inMemoryUserDetailsManager
2026-04-01 19:24:58 [restartedMain] INFO  org.apache.kafka.clients.admin.AdminClientConfig - AdminClientConfig values: 
	auto.include.jmx.reporter = true
	bootstrap.controllers = []
	bootstrap.servers = [localhost:9092]
	client.dns.lookup = use_all_dns_ips
	client.id = gyan-admin-1
	connections.max.idle.ms = 300000
	default.api.timeout.ms = 60000
	enable.metrics.push = true
	metadata.max.age.ms = 300000
	metric.reporters = []
	metrics.num.samples = 2
	metrics.recording.level = INFO
	metrics.sample.window.ms = 30000
	receive.buffer.bytes = 65536
	reconnect.backoff.max.ms = 1000
	reconnect.backoff.ms = 50
	request.timeout.ms = 30000
	retries = 2147483647
	retry.backoff.max.ms = 1000
	retry.backoff.ms = 100
	sasl.client.callback.handler.class = null
	sasl.jaas.config = null
	sasl.kerberos.kinit.cmd = /usr/bin/kinit
	sasl.kerberos.min.time.before.relogin = 60000
	sasl.kerberos.service.name = null
	sasl.kerberos.ticket.renew.jitter = 0.05
	sasl.kerberos.ticket.renew.window.factor = 0.8
	sasl.login.callback.handler.class = null
	sasl.login.class = null
	sasl.login.connect.timeout.ms = null
	sasl.login.read.timeout.ms = null
	sasl.login.refresh.buffer.seconds = 300
	sasl.login.refresh.min.period.seconds = 60
	sasl.login.refresh.window.factor = 0.8
	sasl.login.refresh.window.jitter = 0.05
	sasl.login.retry.backoff.max.ms = 10000
	sasl.login.retry.backoff.ms = 100
	sasl.mechanism = GSSAPI
	sasl.oauthbearer.clock.skew.seconds = 30
	sasl.oauthbearer.expected.audience = null
	sasl.oauthbearer.expected.issuer = null
	sasl.oauthbearer.jwks.endpoint.refresh.ms = 3600000
	sasl.oauthbearer.jwks.endpoint.retry.backoff.max.ms = 10000
	sasl.oauthbearer.jwks.endpoint.retry.backoff.ms = 100
	sasl.oauthbearer.jwks.endpoint.url = null
	sasl.oauthbearer.scope.claim.name = scope
	sasl.oauthbearer.sub.claim.name = sub
	sasl.oauthbearer.token.endpoint.url = null
	security.protocol = PLAINTEXT
	security.providers = null
	send.buffer.bytes = 131072
	socket.connection.setup.timeout.max.ms = 30000
	socket.connection.setup.timeout.ms = 10000
	ssl.cipher.suites = null
	ssl.enabled.protocols = [TLSv1.2, TLSv1.3]
	ssl.endpoint.identification.algorithm = https
	ssl.engine.factory.class = null
	ssl.key.password = null
	ssl.keymanager.algorithm = SunX509
	ssl.keystore.certificate.chain = null
	ssl.keystore.key = null
	ssl.keystore.location = null
	ssl.keystore.password = null
	ssl.keystore.type = JKS
	ssl.protocol = TLSv1.3
	ssl.provider = null
	ssl.secure.random.implementation = null
	ssl.trustmanager.algorithm = PKIX
	ssl.truststore.certificates = null
	ssl.truststore.location = null
	ssl.truststore.password = null
	ssl.truststore.type = JKS

2026-04-01 19:24:58 [restartedMain] INFO  org.apache.kafka.common.utils.AppInfoParser - Kafka version: 3.7.1
2026-04-01 19:24:58 [restartedMain] INFO  org.apache.kafka.common.utils.AppInfoParser - Kafka commitId: e2494e6ffb89f828
2026-04-01 19:24:58 [restartedMain] INFO  org.apache.kafka.common.utils.AppInfoParser - Kafka startTimeMs: 1775051698704
2026-04-01 19:24:58 [kafka-admin-client-thread | gyan-admin-1] INFO  org.apache.kafka.common.utils.AppInfoParser - App info kafka.admin.client for gyan-admin-1 unregistered
2026-04-01 19:24:58 [kafka-admin-client-thread | gyan-admin-1] INFO  org.apache.kafka.common.metrics.Metrics - Metrics scheduler closed
2026-04-01 19:24:58 [kafka-admin-client-thread | gyan-admin-1] INFO  org.apache.kafka.common.metrics.Metrics - Closing reporter org.apache.kafka.common.metrics.JmxReporter
2026-04-01 19:24:58 [kafka-admin-client-thread | gyan-admin-1] INFO  org.apache.kafka.common.metrics.Metrics - Metrics reporters closed
2026-04-01 19:24:58 [restartedMain] INFO  org.apache.coyote.http11.Http11NioProtocol - Starting ProtocolHandler ["http-nio-8080"]
2026-04-01 19:24:58 [restartedMain] INFO  org.springframework.boot.web.embedded.tomcat.TomcatWebServer - Tomcat started on port 8080 (http) with context path '/'
2026-04-01 19:24:58 [restartedMain] INFO  org.apache.kafka.clients.consumer.ConsumerConfig - ConsumerConfig values: 
	allow.auto.create.topics = true
	auto.commit.interval.ms = 5000
	auto.include.jmx.reporter = true
	auto.offset.reset = earliest
	bootstrap.servers = [localhost:9092]
	check.crcs = true
	client.dns.lookup = use_all_dns_ips
	client.id = consumer-document-workers-2
	client.rack = 
	connections.max.idle.ms = 540000
	default.api.timeout.ms = 60000
	enable.auto.commit = false
	enable.metrics.push = true
	exclude.internal.topics = true
	fetch.max.bytes = 52428800
	fetch.max.wait.ms = 500
	fetch.min.bytes = 1
	group.id = document-workers
	group.instance.id = null
	group.protocol = classic
	group.remote.assignor = null
	heartbeat.interval.ms = 3000
	interceptor.classes = []
	internal.leave.group.on.close = true
	internal.throw.on.fetch.stable.offset.unsupported = false
	isolation.level = read_uncommitted
	key.deserializer = class org.apache.kafka.common.serialization.StringDeserializer
	max.partition.fetch.bytes = 1048576
	max.poll.interval.ms = 300000
	max.poll.records = 500
	metadata.max.age.ms = 300000
	metric.reporters = []
	metrics.num.samples = 2
	metrics.recording.level = INFO
	metrics.sample.window.ms = 30000
	partition.assignment.strategy = [class org.apache.kafka.clients.consumer.RangeAssignor, class org.apache.kafka.clients.consumer.CooperativeStickyAssignor]
	receive.buffer.bytes = 65536
	reconnect.backoff.max.ms = 1000
	reconnect.backoff.ms = 50
	request.timeout.ms = 30000
	retry.backoff.max.ms = 1000
	retry.backoff.ms = 100
	sasl.client.callback.handler.class = null
	sasl.jaas.config = null
	sasl.kerberos.kinit.cmd = /usr/bin/kinit
	sasl.kerberos.min.time.before.relogin = 60000
	sasl.kerberos.service.name = null
	sasl.kerberos.ticket.renew.jitter = 0.05
	sasl.kerberos.ticket.renew.window.factor = 0.8
	sasl.login.callback.handler.class = null
	sasl.login.class = null
	sasl.login.connect.timeout.ms = null
	sasl.login.read.timeout.ms = null
	sasl.login.refresh.buffer.seconds = 300
	sasl.login.refresh.min.period.seconds = 60
	sasl.login.refresh.window.factor = 0.8
	sasl.login.refresh.window.jitter = 0.05
	sasl.login.retry.backoff.max.ms = 10000
	sasl.login.retry.backoff.ms = 100
	sasl.mechanism = GSSAPI
	sasl.oauthbearer.clock.skew.seconds = 30
	sasl.oauthbearer.expected.audience = null
	sasl.oauthbearer.expected.issuer = null
	sasl.oauthbearer.jwks.endpoint.refresh.ms = 3600000
	sasl.oauthbearer.jwks.endpoint.retry.backoff.max.ms = 10000
	sasl.oauthbearer.jwks.endpoint.retry.backoff.ms = 100
	sasl.oauthbearer.jwks.endpoint.url = null
	sasl.oauthbearer.scope.claim.name = scope
	sasl.oauthbearer.sub.claim.name = sub
	sasl.oauthbearer.token.endpoint.url = null
	security.protocol = PLAINTEXT
	security.providers = null
	send.buffer.bytes = 131072
	session.timeout.ms = 45000
	socket.connection.setup.timeout.max.ms = 30000
	socket.connection.setup.timeout.ms = 10000
	ssl.cipher.suites = null
	ssl.enabled.protocols = [TLSv1.2, TLSv1.3]
	ssl.endpoint.identification.algorithm = https
	ssl.engine.factory.class = null
	ssl.key.password = null
	ssl.keymanager.algorithm = SunX509
	ssl.keystore.certificate.chain = null
	ssl.keystore.key = null
	ssl.keystore.location = null
	ssl.keystore.password = null
	ssl.keystore.type = JKS
	ssl.protocol = TLSv1.3
	ssl.provider = null
	ssl.secure.random.implementation = null
	ssl.trustmanager.algorithm = PKIX
	ssl.truststore.certificates = null
	ssl.truststore.location = null
	ssl.truststore.password = null
	ssl.truststore.type = JKS
	value.deserializer = class org.springframework.kafka.support.serializer.JsonDeserializer

2026-04-01 19:24:58 [restartedMain] INFO  org.apache.kafka.common.telemetry.internals.KafkaMetricsCollector - initializing Kafka metrics collector
2026-04-01 19:24:58 [restartedMain] INFO  org.apache.kafka.common.utils.AppInfoParser - Kafka version: 3.7.1
2026-04-01 19:24:58 [restartedMain] INFO  org.apache.kafka.common.utils.AppInfoParser - Kafka commitId: e2494e6ffb89f828
2026-04-01 19:24:58 [restartedMain] INFO  org.apache.kafka.common.utils.AppInfoParser - Kafka startTimeMs: 1775051698750
2026-04-01 19:24:58 [restartedMain] INFO  org.apache.kafka.clients.consumer.internals.LegacyKafkaConsumer - [Consumer clientId=consumer-document-workers-2, groupId=document-workers] Subscribed to topic(s): document-uploaded
2026-04-01 19:24:58 [org.springframework.kafka.KafkaListenerEndpointContainer#0-0-C-1] INFO  org.apache.kafka.clients.Metadata - [Consumer clientId=consumer-document-workers-2, groupId=document-workers] Cluster ID: phIC6OCuTGem87Ywbqq44Q
2026-04-01 19:24:58 [restartedMain] INFO  com.gyan.GyanApplication - Started GyanApplication in 2.528 seconds (process running for 2205.537)
2026-04-01 19:24:58 [org.springframework.kafka.KafkaListenerEndpointContainer#0-0-C-1] INFO  org.apache.kafka.clients.consumer.internals.ConsumerCoordinator - [Consumer clientId=consumer-document-workers-2, groupId=document-workers] Discovered group coordinator localhost:9092 (id: 2147483646 rack: null)
2026-04-01 19:24:58 [restartedMain] INFO  org.springframework.boot.devtools.autoconfigure.ConditionEvaluationDeltaLoggingListener - Condition evaluation unchanged
2026-04-01 19:24:58 [org.springframework.kafka.KafkaListenerEndpointContainer#0-0-C-1] INFO  org.apache.kafka.clients.consumer.internals.ConsumerCoordinator - [Consumer clientId=consumer-document-workers-2, groupId=document-workers] (Re-)joining group
2026-04-01 19:24:58 [org.springframework.kafka.KafkaListenerEndpointContainer#0-0-C-1] INFO  org.apache.kafka.clients.consumer.internals.ConsumerCoordinator - [Consumer clientId=consumer-document-workers-2, groupId=document-workers] Request joining group due to: need to re-join with the given member-id: consumer-document-workers-2-0a344d6b-2977-428b-9a89-e2f9b99e03ea
2026-04-01 19:24:58 [org.springframework.kafka.KafkaListenerEndpointContainer#0-0-C-1] INFO  org.apache.kafka.clients.consumer.internals.ConsumerCoordinator - [Consumer clientId=consumer-document-workers-2, groupId=document-workers] (Re-)joining group
2026-04-01 19:25:01 [org.springframework.kafka.KafkaListenerEndpointContainer#0-0-C-1] INFO  org.apache.kafka.clients.consumer.internals.ConsumerCoordinator - [Consumer clientId=consumer-document-workers-2, groupId=document-workers] Successfully joined group with generation Generation{generationId=8, memberId='consumer-document-workers-2-0a344d6b-2977-428b-9a89-e2f9b99e03ea', protocol='range'}
2026-04-01 19:25:01 [org.springframework.kafka.KafkaListenerEndpointContainer#0-0-C-1] INFO  org.apache.kafka.clients.consumer.internals.ConsumerCoordinator - [Consumer clientId=consumer-document-workers-2, groupId=document-workers] Finished assignment for group at generation 8: {consumer-document-workers-2-0a344d6b-2977-428b-9a89-e2f9b99e03ea=Assignment(partitions=[document-uploaded-0, document-uploaded-1, document-uploaded-2])}
2026-04-01 19:25:01 [org.springframework.kafka.KafkaListenerEndpointContainer#0-0-C-1] INFO  org.apache.kafka.clients.consumer.internals.ConsumerCoordinator - [Consumer clientId=consumer-document-workers-2, groupId=document-workers] Successfully synced group in generation Generation{generationId=8, memberId='consumer-document-workers-2-0a344d6b-2977-428b-9a89-e2f9b99e03ea', protocol='range'}
2026-04-01 19:25:01 [org.springframework.kafka.KafkaListenerEndpointContainer#0-0-C-1] INFO  org.apache.kafka.clients.consumer.internals.ConsumerCoordinator - [Consumer clientId=consumer-document-workers-2, groupId=document-workers] Notifying assignor about the new Assignment(partitions=[document-uploaded-0, document-uploaded-1, document-uploaded-2])
2026-04-01 19:25:01 [org.springframework.kafka.KafkaListenerEndpointContainer#0-0-C-1] INFO  org.apache.kafka.clients.consumer.internals.ConsumerRebalanceListenerInvoker - [Consumer clientId=consumer-document-workers-2, groupId=document-workers] Adding newly assigned partitions: document-uploaded-0, document-uploaded-1, document-uploaded-2
2026-04-01 19:25:01 [org.springframework.kafka.KafkaListenerEndpointContainer#0-0-C-1] INFO  org.apache.kafka.clients.consumer.internals.ConsumerCoordinator - [Consumer clientId=consumer-document-workers-2, groupId=document-workers] Found no committed offset for partition document-uploaded-2
2026-04-01 19:25:01 [org.springframework.kafka.KafkaListenerEndpointContainer#0-0-C-1] INFO  org.apache.kafka.clients.consumer.internals.ConsumerCoordinator - [Consumer clientId=consumer-document-workers-2, groupId=document-workers] Found no committed offset for partition document-uploaded-1
2026-04-01 19:25:01 [org.springframework.kafka.KafkaListenerEndpointContainer#0-0-C-1] INFO  org.apache.kafka.clients.consumer.internals.ConsumerUtils - Setting offset for partition document-uploaded-0 to the committed offset FetchPosition{offset=3, offsetEpoch=Optional.empty, currentLeader=LeaderAndEpoch{leader=Optional[localhost:9092 (id: 1 rack: null)], epoch=0}}
2026-04-01 19:25:01 [org.springframework.kafka.KafkaListenerEndpointContainer#0-0-C-1] INFO  org.apache.kafka.clients.consumer.internals.SubscriptionState - [Consumer clientId=consumer-document-workers-2, groupId=document-workers] Resetting offset for partition document-uploaded-2 to position FetchPosition{offset=0, offsetEpoch=Optional.empty, currentLeader=LeaderAndEpoch{leader=Optional[localhost:9092 (id: 1 rack: null)], epoch=0}}.
2026-04-01 19:25:01 [org.springframework.kafka.KafkaListenerEndpointContainer#0-0-C-1] INFO  org.apache.kafka.clients.consumer.internals.SubscriptionState - [Consumer clientId=consumer-document-workers-2, groupId=document-workers] Resetting offset for partition document-uploaded-1 to position FetchPosition{offset=0, offsetEpoch=Optional.empty, currentLeader=LeaderAndEpoch{leader=Optional[localhost:9092 (id: 1 rack: null)], epoch=0}}.
2026-04-01 19:25:01 [org.springframework.kafka.KafkaListenerEndpointContainer#0-0-C-1] INFO  org.springframework.kafka.listener.KafkaMessageListenerContainer - document-workers: partitions assigned: [document-uploaded-0, document-uploaded-1, document-uploaded-2]
2026-04-01 19:25:40 [File Watcher] INFO  org.springframework.boot.devtools.autoconfigure.LocalDevToolsAutoConfiguration$RestartingClassPathChangeChangedEventListener - Restarting due to 51 class path changes (0 additions, 51 deletions, 0 modifications)
2026-04-01 19:25:40 [org.springframework.kafka.KafkaListenerEndpointContainer#0-0-C-1] INFO  org.apache.kafka.clients.consumer.internals.ConsumerRebalanceListenerInvoker - [Consumer clientId=consumer-document-workers-2, groupId=document-workers] Revoke previously assigned partitions document-uploaded-0, document-uploaded-1, document-uploaded-2
2026-04-01 19:25:40 [org.springframework.kafka.KafkaListenerEndpointContainer#0-0-C-1] INFO  org.springframework.kafka.listener.KafkaMessageListenerContainer - document-workers: partitions revoked: [document-uploaded-0, document-uploaded-1, document-uploaded-2]
2026-04-01 19:25:40 [org.springframework.kafka.KafkaListenerEndpointContainer#0-0-C-1] INFO  org.apache.kafka.clients.consumer.internals.ConsumerCoordinator - [Consumer clientId=consumer-document-workers-2, groupId=document-workers] Member consumer-document-workers-2-0a344d6b-2977-428b-9a89-e2f9b99e03ea sending LeaveGroup request to coordinator localhost:9092 (id: 2147483646 rack: null) due to the consumer unsubscribed from all topics
2026-04-01 19:25:40 [org.springframework.kafka.KafkaListenerEndpointContainer#0-0-C-1] INFO  org.apache.kafka.clients.consumer.internals.ConsumerCoordinator - [Consumer clientId=consumer-document-workers-2, groupId=document-workers] Resetting generation and member id due to: consumer pro-actively leaving the group
2026-04-01 19:25:40 [org.springframework.kafka.KafkaListenerEndpointContainer#0-0-C-1] INFO  org.apache.kafka.clients.consumer.internals.ConsumerCoordinator - [Consumer clientId=consumer-document-workers-2, groupId=document-workers] Request joining group due to: consumer pro-actively leaving the group
2026-04-01 19:25:40 [org.springframework.kafka.KafkaListenerEndpointContainer#0-0-C-1] INFO  org.apache.kafka.clients.consumer.internals.LegacyKafkaConsumer - [Consumer clientId=consumer-document-workers-2, groupId=document-workers] Unsubscribed all topics or patterns and assigned partitions
2026-04-01 19:25:40 [org.springframework.kafka.KafkaListenerEndpointContainer#0-0-C-1] INFO  org.apache.kafka.clients.consumer.internals.ConsumerCoordinator - [Consumer clientId=consumer-document-workers-2, groupId=document-workers] Resetting generation and member id due to: consumer pro-actively leaving the group
2026-04-01 19:25:40 [org.springframework.kafka.KafkaListenerEndpointContainer#0-0-C-1] INFO  org.apache.kafka.clients.consumer.internals.ConsumerCoordinator - [Consumer clientId=consumer-document-workers-2, groupId=document-workers] Request joining group due to: consumer pro-actively leaving the group
2026-04-01 19:25:40 [org.springframework.kafka.KafkaListenerEndpointContainer#0-0-C-1] INFO  org.apache.kafka.common.metrics.Metrics - Metrics scheduler closed
2026-04-01 19:25:40 [org.springframework.kafka.KafkaListenerEndpointContainer#0-0-C-1] INFO  org.apache.kafka.common.metrics.Metrics - Closing reporter org.apache.kafka.common.metrics.JmxReporter
2026-04-01 19:25:40 [org.springframework.kafka.KafkaListenerEndpointContainer#0-0-C-1] INFO  org.apache.kafka.common.metrics.Metrics - Closing reporter org.apache.kafka.common.telemetry.internals.ClientTelemetryReporter
2026-04-01 19:25:40 [org.springframework.kafka.KafkaListenerEndpointContainer#0-0-C-1] INFO  org.apache.kafka.common.metrics.Metrics - Metrics reporters closed
2026-04-01 19:25:40 [org.springframework.kafka.KafkaListenerEndpointContainer#0-0-C-1] INFO  org.apache.kafka.common.utils.AppInfoParser - App info kafka.consumer for consumer-document-workers-2 unregistered
2026-04-01 19:25:40 [org.springframework.kafka.KafkaListenerEndpointContainer#0-0-C-1] INFO  org.springframework.kafka.listener.KafkaMessageListenerContainer - document-workers: Consumer stopped
2026-04-01 19:25:40 [Thread-8] INFO  org.apache.coyote.http11.Http11NioProtocol - Stopping ProtocolHandler ["http-nio-8080"]
2026-04-01 19:25:40 [Thread-8] INFO  org.springframework.orm.jpa.LocalContainerEntityManagerFactoryBean - Closing JPA EntityManagerFactory for persistence unit 'default'
2026-04-01 19:25:40 [Thread-8] INFO  com.zaxxer.hikari.HikariDataSource - HikariPool-2 - Shutdown initiated...
2026-04-01 19:25:40 [Thread-8] INFO  com.zaxxer.hikari.HikariDataSource - HikariPool-2 - Shutdown completed.
2026-04-01 19:25:40 [restartedMain] INFO  com.gyan.GyanApplication - Starting GyanApplication using Java 21.0.8 with PID 3608 (C:\Users\manjk\OneDrive\Desktop\Discipline\gyan\backend\target\classes started by manjk in C:\Users\manjk\OneDrive\Desktop\Discipline\gyan\backend)
2026-04-01 19:25:40 [restartedMain] INFO  com.gyan.GyanApplication - No active profile set, falling back to 1 default profile: "default"
2026-04-01 19:25:41 [restartedMain] INFO  org.springframework.data.repository.config.RepositoryConfigurationDelegate - Multiple Spring Data modules found, entering strict repository configuration mode
2026-04-01 19:25:41 [restartedMain] INFO  org.springframework.data.repository.config.RepositoryConfigurationDelegate - Bootstrapping Spring Data Elasticsearch repositories in DEFAULT mode.
2026-04-01 19:25:41 [restartedMain] INFO  org.springframework.data.repository.config.RepositoryConfigurationDelegate - Finished Spring Data repository scanning in 14 ms. Found 0 Elasticsearch repository interfaces.
2026-04-01 19:25:41 [restartedMain] INFO  org.springframework.data.repository.config.RepositoryConfigurationDelegate - Multiple Spring Data modules found, entering strict repository configuration mode
2026-04-01 19:25:41 [restartedMain] INFO  org.springframework.data.repository.config.RepositoryConfigurationDelegate - Bootstrapping Spring Data JPA repositories in DEFAULT mode.
2026-04-01 19:25:41 [restartedMain] INFO  org.springframework.data.repository.config.RepositoryConfigurationDelegate - Finished Spring Data repository scanning in 11 ms. Found 0 JPA repository interfaces.
2026-04-01 19:25:41 [restartedMain] INFO  org.springframework.boot.web.embedded.tomcat.TomcatWebServer - Tomcat initialized with port 8080 (http)
2026-04-01 19:25:41 [restartedMain] INFO  org.apache.coyote.http11.Http11NioProtocol - Initializing ProtocolHandler ["http-nio-8080"]
2026-04-01 19:25:41 [restartedMain] INFO  org.apache.catalina.core.StandardService - Starting service [Tomcat]
2026-04-01 19:25:41 [restartedMain] INFO  org.apache.catalina.core.StandardEngine - Starting Servlet engine: [Apache Tomcat/10.1.31]
2026-04-01 19:25:41 [restartedMain] INFO  org.apache.catalina.core.ContainerBase.[Tomcat].[localhost].[/] - Initializing Spring embedded WebApplicationContext
2026-04-01 19:25:41 [restartedMain] INFO  org.springframework.boot.web.servlet.context.ServletWebServerApplicationContext - Root WebApplicationContext: initialization completed in 683 ms
2026-04-01 19:25:41 [restartedMain] INFO  org.hibernate.jpa.internal.util.LogHelper - HHH000204: Processing PersistenceUnitInfo [name: default]
2026-04-01 19:25:41 [restartedMain] INFO  org.hibernate.cache.internal.RegionFactoryInitiator - HHH000026: Second-level cache disabled
2026-04-01 19:25:41 [restartedMain] INFO  org.springframework.orm.jpa.persistenceunit.SpringPersistenceUnitInfo - No LoadTimeWeaver setup: ignoring JPA class transformer
2026-04-01 19:25:41 [restartedMain] INFO  com.zaxxer.hikari.HikariDataSource - HikariPool-3 - Starting...
2026-04-01 19:25:41 [restartedMain] INFO  com.zaxxer.hikari.pool.HikariPool - HikariPool-3 - Added connection org.postgresql.jdbc.PgConnection@409913b
2026-04-01 19:25:41 [restartedMain] INFO  com.zaxxer.hikari.HikariDataSource - HikariPool-3 - Start completed.
2026-04-01 19:25:41 [restartedMain] WARN  org.hibernate.orm.deprecation - HHH90000025: PostgreSQLDialect does not need to be specified explicitly using 'hibernate.dialect' (remove the property setting and it will be selected by default)
2026-04-01 19:25:41 [restartedMain] INFO  org.hibernate.engine.transaction.jta.platform.internal.JtaPlatformInitiator - HHH000489: No JTA platform available (set 'hibernate.transaction.jta.platform' to enable JTA platform integration)
2026-04-01 19:25:41 [restartedMain] INFO  org.springframework.orm.jpa.LocalContainerEntityManagerFactoryBean - Initialized JPA EntityManagerFactory for persistence unit 'default'
2026-04-01 19:25:41 [restartedMain] WARN  org.springframework.boot.autoconfigure.orm.jpa.JpaBaseConfiguration$JpaWebConfiguration - spring.jpa.open-in-view is enabled by default. Therefore, database queries may be performed during view rendering. Explicitly configure spring.jpa.open-in-view to disable this warning
2026-04-01 19:25:41 [restartedMain] WARN  org.springframework.boot.autoconfigure.security.servlet.UserDetailsServiceAutoConfiguration - 

Using generated security password: 64d2c01d-fb81-457c-94b1-ad8420fad44c

This generated password is for development use only. Your security configuration must be updated before running your application in production.

2026-04-01 19:25:41 [restartedMain] INFO  org.springframework.security.config.annotation.authentication.configuration.InitializeUserDetailsBeanManagerConfigurer$InitializeUserDetailsManagerConfigurer - Global AuthenticationManager configured with UserDetailsService bean with name inMemoryUserDetailsManager
2026-04-01 19:25:42 [restartedMain] INFO  org.springframework.boot.devtools.autoconfigure.OptionalLiveReloadServer - LiveReload server is running on port 35729
2026-04-01 19:25:42 [restartedMain] INFO  org.apache.coyote.http11.Http11NioProtocol - Starting ProtocolHandler ["http-nio-8080"]
2026-04-01 19:25:42 [restartedMain] INFO  org.springframework.boot.web.embedded.tomcat.TomcatWebServer - Tomcat started on port 8080 (http) with context path '/'
2026-04-01 19:25:42 [restartedMain] INFO  com.gyan.GyanApplication - Started GyanApplication in 1.362 seconds (process running for 2248.81)
2026-04-01 19:25:42 [restartedMain] INFO  org.springframework.boot.devtools.autoconfigure.ConditionEvaluationDeltaLoggingListener - Condition evaluation delta:


==========================
CONDITION EVALUATION DELTA
==========================


Positive matches:
-----------------

   SpringBootWebSecurityConfiguration.SecurityFilterChainConfiguration matched:
      - AllNestedConditions 2 matched 0 did not; NestedCondition on DefaultWebSecurityCondition.Beans @ConditionalOnMissingBean (types: org.springframework.security.web.SecurityFilterChain; SearchStrategy: all) did not find any beans; NestedCondition on DefaultWebSecurityCondition.Classes @ConditionalOnClass found required classes 'org.springframework.security.web.SecurityFilterChain', 'org.springframework.security.config.annotation.web.builders.HttpSecurity' (DefaultWebSecurityCondition)

   TaskExecutorConfigurations.TaskExecutorConfiguration matched:
      - @ConditionalOnMissingBean (types: java.util.concurrent.Executor; SearchStrategy: all) did not find any beans (OnBeanCondition)

   TaskExecutorConfigurations.TaskExecutorConfiguration#applicationTaskExecutor matched:
      - @ConditionalOnThreading found PLATFORM (OnThreadingCondition)


Negative matches:
-----------------

   TaskExecutorConfigurations.TaskExecutorConfiguration#applicationTaskExecutorVirtualThreads:
      Did not match:
         - @ConditionalOnThreading did not find VIRTUAL (OnThreadingCondition)


Exclusions:
-----------

    None


Unconditional classes:
----------------------

    None



2026-04-01 19:25:43 [File Watcher] INFO  org.springframework.boot.devtools.autoconfigure.LocalDevToolsAutoConfiguration$RestartingClassPathChangeChangedEventListener - Restarting due to 52 class path changes (51 additions, 0 deletions, 1 modification)
2026-04-01 19:25:43 [Thread-12] INFO  org.apache.coyote.http11.Http11NioProtocol - Stopping ProtocolHandler ["http-nio-8080"]
2026-04-01 19:25:43 [Thread-12] INFO  org.springframework.orm.jpa.LocalContainerEntityManagerFactoryBean - Closing JPA EntityManagerFactory for persistence unit 'default'
2026-04-01 19:25:43 [Thread-12] INFO  com.zaxxer.hikari.HikariDataSource - HikariPool-3 - Shutdown initiated...
2026-04-01 19:25:43 [Thread-12] INFO  com.zaxxer.hikari.HikariDataSource - HikariPool-3 - Shutdown completed.
2026-04-01 19:25:43 [restartedMain] INFO  com.gyan.GyanApplication - Starting GyanApplication using Java 21.0.8 with PID 3608 (C:\Users\manjk\OneDrive\Desktop\Discipline\gyan\backend\target\classes started by manjk in C:\Users\manjk\OneDrive\Desktop\Discipline\gyan\backend)
2026-04-01 19:25:43 [restartedMain] INFO  com.gyan.GyanApplication - No active profile set, falling back to 1 default profile: "default"
2026-04-01 19:25:44 [restartedMain] INFO  org.springframework.data.repository.config.RepositoryConfigurationDelegate - Multiple Spring Data modules found, entering strict repository configuration mode
2026-04-01 19:25:44 [restartedMain] INFO  org.springframework.data.repository.config.RepositoryConfigurationDelegate - Bootstrapping Spring Data Elasticsearch repositories in DEFAULT mode.
2026-04-01 19:25:44 [restartedMain] INFO  org.springframework.data.repository.config.RepositoryConfigurationExtensionSupport - Spring Data Elasticsearch - Could not safely identify store assignment for repository candidate interface com.gyan.repository.DocumentChunkRepository; If you want this repository to be a Elasticsearch repository, consider annotating your entities with one of these annotations: org.springframework.data.elasticsearch.annotations.Document (preferred), or consider extending one of the following types with your repository: org.springframework.data.elasticsearch.repository.ElasticsearchRepository
2026-04-01 19:25:44 [restartedMain] INFO  org.springframework.data.repository.config.RepositoryConfigurationExtensionSupport - Spring Data Elasticsearch - Could not safely identify store assignment for repository candidate interface com.gyan.repository.DocumentRepository; If you want this repository to be a Elasticsearch repository, consider annotating your entities with one of these annotations: org.springframework.data.elasticsearch.annotations.Document (preferred), or consider extending one of the following types with your repository: org.springframework.data.elasticsearch.repository.ElasticsearchRepository
2026-04-01 19:25:44 [restartedMain] INFO  org.springframework.data.repository.config.RepositoryConfigurationExtensionSupport - Spring Data Elasticsearch - Could not safely identify store assignment for repository candidate interface com.gyan.repository.UserRepository; If you want this repository to be a Elasticsearch repository, consider annotating your entities with one of these annotations: org.springframework.data.elasticsearch.annotations.Document (preferred), or consider extending one of the following types with your repository: org.springframework.data.elasticsearch.repository.ElasticsearchRepository
2026-04-01 19:25:44 [restartedMain] INFO  org.springframework.data.repository.config.RepositoryConfigurationDelegate - Finished Spring Data repository scanning in 41 ms. Found 1 Elasticsearch repository interface.
2026-04-01 19:25:44 [restartedMain] INFO  org.springframework.data.repository.config.RepositoryConfigurationDelegate - Multiple Spring Data modules found, entering strict repository configuration mode
2026-04-01 19:25:44 [restartedMain] INFO  org.springframework.data.repository.config.RepositoryConfigurationDelegate - Bootstrapping Spring Data JPA repositories in DEFAULT mode.
2026-04-01 19:25:44 [restartedMain] INFO  org.springframework.data.repository.config.RepositoryConfigurationExtensionSupport - Spring Data JPA - Could not safely identify store assignment for repository candidate interface com.gyan.repository.DocumentSearchRepository; If you want this repository to be a JPA repository, consider annotating your entities with one of these annotations: jakarta.persistence.Entity, jakarta.persistence.MappedSuperclass (preferred), or consider extending one of the following types with your repository: org.springframework.data.jpa.repository.JpaRepository
2026-04-01 19:25:44 [restartedMain] INFO  org.springframework.data.repository.config.RepositoryConfigurationDelegate - Finished Spring Data repository scanning in 26 ms. Found 3 JPA repository interfaces.
2026-04-01 19:25:44 [restartedMain] INFO  org.springframework.boot.web.embedded.tomcat.TomcatWebServer - Tomcat initialized with port 8080 (http)
2026-04-01 19:25:44 [restartedMain] INFO  org.apache.coyote.http11.Http11NioProtocol - Initializing ProtocolHandler ["http-nio-8080"]
2026-04-01 19:25:44 [restartedMain] INFO  org.apache.catalina.core.StandardService - Starting service [Tomcat]
2026-04-01 19:25:44 [restartedMain] INFO  org.apache.catalina.core.StandardEngine - Starting Servlet engine: [Apache Tomcat/10.1.31]
2026-04-01 19:25:44 [restartedMain] INFO  org.apache.catalina.core.ContainerBase.[Tomcat].[localhost].[/] - Initializing Spring embedded WebApplicationContext
2026-04-01 19:25:44 [restartedMain] INFO  org.springframework.boot.web.servlet.context.ServletWebServerApplicationContext - Root WebApplicationContext: initialization completed in 828 ms
2026-04-01 19:25:44 [restartedMain] INFO  org.hibernate.jpa.internal.util.LogHelper - HHH000204: Processing PersistenceUnitInfo [name: default]
2026-04-01 19:25:44 [restartedMain] INFO  org.hibernate.cache.internal.RegionFactoryInitiator - HHH000026: Second-level cache disabled
2026-04-01 19:25:44 [restartedMain] INFO  org.springframework.orm.jpa.persistenceunit.SpringPersistenceUnitInfo - No LoadTimeWeaver setup: ignoring JPA class transformer
2026-04-01 19:25:44 [restartedMain] INFO  com.zaxxer.hikari.HikariDataSource - HikariPool-4 - Starting...
2026-04-01 19:25:44 [restartedMain] INFO  com.zaxxer.hikari.pool.HikariPool - HikariPool-4 - Added connection org.postgresql.jdbc.PgConnection@4b95af4e
2026-04-01 19:25:44 [restartedMain] INFO  com.zaxxer.hikari.HikariDataSource - HikariPool-4 - Start completed.
2026-04-01 19:25:44 [restartedMain] WARN  org.hibernate.orm.deprecation - HHH90000025: PostgreSQLDialect does not need to be specified explicitly using 'hibernate.dialect' (remove the property setting and it will be selected by default)
2026-04-01 19:25:44 [restartedMain] INFO  org.hibernate.engine.transaction.jta.platform.internal.JtaPlatformInitiator - HHH000489: No JTA platform available (set 'hibernate.transaction.jta.platform' to enable JTA platform integration)
2026-04-01 19:25:44 [restartedMain] INFO  org.springframework.orm.jpa.LocalContainerEntityManagerFactoryBean - Initialized JPA EntityManagerFactory for persistence unit 'default'
2026-04-01 19:25:44 [restartedMain] INFO  org.springframework.boot.devtools.autoconfigure.OptionalLiveReloadServer - LiveReload server is running on port 35729
2026-04-01 19:25:45 [restartedMain] WARN  org.springframework.boot.autoconfigure.orm.jpa.JpaBaseConfiguration$JpaWebConfiguration - spring.jpa.open-in-view is enabled by default. Therefore, database queries may be performed during view rendering. Explicitly configure spring.jpa.open-in-view to disable this warning
2026-04-01 19:25:45 [restartedMain] WARN  org.springframework.boot.autoconfigure.security.servlet.UserDetailsServiceAutoConfiguration - 

Using generated security password: 7912d3d7-325b-4508-a78a-8499e3d13360

This generated password is for development use only. Your security configuration must be updated before running your application in production.

2026-04-01 19:25:45 [restartedMain] INFO  org.springframework.security.config.annotation.authentication.configuration.InitializeUserDetailsBeanManagerConfigurer$InitializeUserDetailsManagerConfigurer - Global AuthenticationManager configured with UserDetailsService bean with name inMemoryUserDetailsManager
2026-04-01 19:25:45 [restartedMain] INFO  org.apache.kafka.clients.admin.AdminClientConfig - AdminClientConfig values: 
	auto.include.jmx.reporter = true
	bootstrap.controllers = []
	bootstrap.servers = [localhost:9092]
	client.dns.lookup = use_all_dns_ips
	client.id = gyan-admin-2
	connections.max.idle.ms = 300000
	default.api.timeout.ms = 60000
	enable.metrics.push = true
	metadata.max.age.ms = 300000
	metric.reporters = []
	metrics.num.samples = 2
	metrics.recording.level = INFO
	metrics.sample.window.ms = 30000
	receive.buffer.bytes = 65536
	reconnect.backoff.max.ms = 1000
	reconnect.backoff.ms = 50
	request.timeout.ms = 30000
	retries = 2147483647
	retry.backoff.max.ms = 1000
	retry.backoff.ms = 100
	sasl.client.callback.handler.class = null
	sasl.jaas.config = null
	sasl.kerberos.kinit.cmd = /usr/bin/kinit
	sasl.kerberos.min.time.before.relogin = 60000
	sasl.kerberos.service.name = null
	sasl.kerberos.ticket.renew.jitter = 0.05
	sasl.kerberos.ticket.renew.window.factor = 0.8
	sasl.login.callback.handler.class = null
	sasl.login.class = null
	sasl.login.connect.timeout.ms = null
	sasl.login.read.timeout.ms = null
	sasl.login.refresh.buffer.seconds = 300
	sasl.login.refresh.min.period.seconds = 60
	sasl.login.refresh.window.factor = 0.8
	sasl.login.refresh.window.jitter = 0.05
	sasl.login.retry.backoff.max.ms = 10000
	sasl.login.retry.backoff.ms = 100
	sasl.mechanism = GSSAPI
	sasl.oauthbearer.clock.skew.seconds = 30
	sasl.oauthbearer.expected.audience = null
	sasl.oauthbearer.expected.issuer = null
	sasl.oauthbearer.jwks.endpoint.refresh.ms = 3600000
	sasl.oauthbearer.jwks.endpoint.retry.backoff.max.ms = 10000
	sasl.oauthbearer.jwks.endpoint.retry.backoff.ms = 100
	sasl.oauthbearer.jwks.endpoint.url = null
	sasl.oauthbearer.scope.claim.name = scope
	sasl.oauthbearer.sub.claim.name = sub
	sasl.oauthbearer.token.endpoint.url = null
	security.protocol = PLAINTEXT
	security.providers = null
	send.buffer.bytes = 131072
	socket.connection.setup.timeout.max.ms = 30000
	socket.connection.setup.timeout.ms = 10000
	ssl.cipher.suites = null
	ssl.enabled.protocols = [TLSv1.2, TLSv1.3]
	ssl.endpoint.identification.algorithm = https
	ssl.engine.factory.class = null
	ssl.key.password = null
	ssl.keymanager.algorithm = SunX509
	ssl.keystore.certificate.chain = null
	ssl.keystore.key = null
	ssl.keystore.location = null
	ssl.keystore.password = null
	ssl.keystore.type = JKS
	ssl.protocol = TLSv1.3
	ssl.provider = null
	ssl.secure.random.implementation = null
	ssl.trustmanager.algorithm = PKIX
	ssl.truststore.certificates = null
	ssl.truststore.location = null
	ssl.truststore.password = null
	ssl.truststore.type = JKS

2026-04-01 19:25:45 [restartedMain] INFO  org.apache.kafka.common.utils.AppInfoParser - Kafka version: 3.7.1
2026-04-01 19:25:45 [restartedMain] INFO  org.apache.kafka.common.utils.AppInfoParser - Kafka commitId: e2494e6ffb89f828
2026-04-01 19:25:45 [restartedMain] INFO  org.apache.kafka.common.utils.AppInfoParser - Kafka startTimeMs: 1775051745417
2026-04-01 19:25:45 [kafka-admin-client-thread | gyan-admin-2] INFO  org.apache.kafka.common.utils.AppInfoParser - App info kafka.admin.client for gyan-admin-2 unregistered
2026-04-01 19:25:45 [kafka-admin-client-thread | gyan-admin-2] INFO  org.apache.kafka.common.metrics.Metrics - Metrics scheduler closed
2026-04-01 19:25:45 [kafka-admin-client-thread | gyan-admin-2] INFO  org.apache.kafka.common.metrics.Metrics - Closing reporter org.apache.kafka.common.metrics.JmxReporter
2026-04-01 19:25:45 [kafka-admin-client-thread | gyan-admin-2] INFO  org.apache.kafka.common.metrics.Metrics - Metrics reporters closed
2026-04-01 19:25:45 [restartedMain] INFO  org.apache.coyote.http11.Http11NioProtocol - Starting ProtocolHandler ["http-nio-8080"]
2026-04-01 19:25:45 [restartedMain] INFO  org.springframework.boot.web.embedded.tomcat.TomcatWebServer - Tomcat started on port 8080 (http) with context path '/'
2026-04-01 19:25:45 [restartedMain] INFO  org.apache.kafka.clients.consumer.ConsumerConfig - ConsumerConfig values: 
	allow.auto.create.topics = true
	auto.commit.interval.ms = 5000
	auto.include.jmx.reporter = true
	auto.offset.reset = earliest
	bootstrap.servers = [localhost:9092]
	check.crcs = true
	client.dns.lookup = use_all_dns_ips
	client.id = consumer-document-workers-3
	client.rack = 
	connections.max.idle.ms = 540000
	default.api.timeout.ms = 60000
	enable.auto.commit = false
	enable.metrics.push = true
	exclude.internal.topics = true
	fetch.max.bytes = 52428800
	fetch.max.wait.ms = 500
	fetch.min.bytes = 1
	group.id = document-workers
	group.instance.id = null
	group.protocol = classic
	group.remote.assignor = null
	heartbeat.interval.ms = 3000
	interceptor.classes = []
	internal.leave.group.on.close = true
	internal.throw.on.fetch.stable.offset.unsupported = false
	isolation.level = read_uncommitted
	key.deserializer = class org.apache.kafka.common.serialization.StringDeserializer
	max.partition.fetch.bytes = 1048576
	max.poll.interval.ms = 300000
	max.poll.records = 500
	metadata.max.age.ms = 300000
	metric.reporters = []
	metrics.num.samples = 2
	metrics.recording.level = INFO
	metrics.sample.window.ms = 30000
	partition.assignment.strategy = [class org.apache.kafka.clients.consumer.RangeAssignor, class org.apache.kafka.clients.consumer.CooperativeStickyAssignor]
	receive.buffer.bytes = 65536
	reconnect.backoff.max.ms = 1000
	reconnect.backoff.ms = 50
	request.timeout.ms = 30000
	retry.backoff.max.ms = 1000
	retry.backoff.ms = 100
	sasl.client.callback.handler.class = null
	sasl.jaas.config = null
	sasl.kerberos.kinit.cmd = /usr/bin/kinit
	sasl.kerberos.min.time.before.relogin = 60000
	sasl.kerberos.service.name = null
	sasl.kerberos.ticket.renew.jitter = 0.05
	sasl.kerberos.ticket.renew.window.factor = 0.8
	sasl.login.callback.handler.class = null
	sasl.login.class = null
	sasl.login.connect.timeout.ms = null
	sasl.login.read.timeout.ms = null
	sasl.login.refresh.buffer.seconds = 300
	sasl.login.refresh.min.period.seconds = 60
	sasl.login.refresh.window.factor = 0.8
	sasl.login.refresh.window.jitter = 0.05
	sasl.login.retry.backoff.max.ms = 10000
	sasl.login.retry.backoff.ms = 100
	sasl.mechanism = GSSAPI
	sasl.oauthbearer.clock.skew.seconds = 30
	sasl.oauthbearer.expected.audience = null
	sasl.oauthbearer.expected.issuer = null
	sasl.oauthbearer.jwks.endpoint.refresh.ms = 3600000
	sasl.oauthbearer.jwks.endpoint.retry.backoff.max.ms = 10000
	sasl.oauthbearer.jwks.endpoint.retry.backoff.ms = 100
	sasl.oauthbearer.jwks.endpoint.url = null
	sasl.oauthbearer.scope.claim.name = scope
	sasl.oauthbearer.sub.claim.name = sub
	sasl.oauthbearer.token.endpoint.url = null
	security.protocol = PLAINTEXT
	security.providers = null
	send.buffer.bytes = 131072
	session.timeout.ms = 45000
	socket.connection.setup.timeout.max.ms = 30000
	socket.connection.setup.timeout.ms = 10000
	ssl.cipher.suites = null
	ssl.enabled.protocols = [TLSv1.2, TLSv1.3]
	ssl.endpoint.identification.algorithm = https
	ssl.engine.factory.class = null
	ssl.key.password = null
	ssl.keymanager.algorithm = SunX509
	ssl.keystore.certificate.chain = null
	ssl.keystore.key = null
	ssl.keystore.location = null
	ssl.keystore.password = null
	ssl.keystore.type = JKS
	ssl.protocol = TLSv1.3
	ssl.provider = null
	ssl.secure.random.implementation = null
	ssl.trustmanager.algorithm = PKIX
	ssl.truststore.certificates = null
	ssl.truststore.location = null
	ssl.truststore.password = null
	ssl.truststore.type = JKS
	value.deserializer = class org.springframework.kafka.support.serializer.JsonDeserializer

2026-04-01 19:25:45 [restartedMain] INFO  org.apache.kafka.common.telemetry.internals.KafkaMetricsCollector - initializing Kafka metrics collector
2026-04-01 19:25:45 [restartedMain] INFO  org.apache.kafka.common.utils.AppInfoParser - Kafka version: 3.7.1
2026-04-01 19:25:45 [restartedMain] INFO  org.apache.kafka.common.utils.AppInfoParser - Kafka commitId: e2494e6ffb89f828
2026-04-01 19:25:45 [restartedMain] INFO  org.apache.kafka.common.utils.AppInfoParser - Kafka startTimeMs: 1775051745457
2026-04-01 19:25:45 [restartedMain] INFO  org.apache.kafka.clients.consumer.internals.LegacyKafkaConsumer - [Consumer clientId=consumer-document-workers-3, groupId=document-workers] Subscribed to topic(s): document-uploaded
2026-04-01 19:25:45 [restartedMain] INFO  com.gyan.GyanApplication - Started GyanApplication in 1.862 seconds (process running for 2252.234)
2026-04-01 19:25:45 [restartedMain] INFO  org.springframework.boot.devtools.autoconfigure.ConditionEvaluationDeltaLoggingListener - Condition evaluation delta:


==========================
CONDITION EVALUATION DELTA
==========================


Positive matches:
-----------------

    None


Negative matches:
-----------------

   SpringBootWebSecurityConfiguration.SecurityFilterChainConfiguration:
      Did not match:
         - AllNestedConditions 1 matched 1 did not; NestedCondition on DefaultWebSecurityCondition.Beans @ConditionalOnMissingBean (types: org.springframework.security.web.SecurityFilterChain; SearchStrategy: all) found beans of type 'org.springframework.security.web.SecurityFilterChain' filterChain; NestedCondition on DefaultWebSecurityCondition.Classes @ConditionalOnClass found required classes 'org.springframework.security.web.SecurityFilterChain', 'org.springframework.security.config.annotation.web.builders.HttpSecurity' (DefaultWebSecurityCondition)

   TaskExecutorConfigurations.TaskExecutorConfiguration:
      Did not match:
         - @ConditionalOnMissingBean (types: java.util.concurrent.Executor; SearchStrategy: all) found beans of type 'java.util.concurrent.Executor' documentExecutor (OnBeanCondition)


Exclusions:
-----------

    None


Unconditional classes:
----------------------

    None



2026-04-01 19:25:45 [org.springframework.kafka.KafkaListenerEndpointContainer#0-0-C-1] INFO  org.apache.kafka.clients.Metadata - [Consumer clientId=consumer-document-workers-3, groupId=document-workers] Cluster ID: phIC6OCuTGem87Ywbqq44Q
2026-04-01 19:25:45 [org.springframework.kafka.KafkaListenerEndpointContainer#0-0-C-1] INFO  org.apache.kafka.clients.consumer.internals.ConsumerCoordinator - [Consumer clientId=consumer-document-workers-3, groupId=document-workers] Discovered group coordinator localhost:9092 (id: 2147483646 rack: null)
2026-04-01 19:25:45 [org.springframework.kafka.KafkaListenerEndpointContainer#0-0-C-1] INFO  org.apache.kafka.clients.consumer.internals.ConsumerCoordinator - [Consumer clientId=consumer-document-workers-3, groupId=document-workers] (Re-)joining group
2026-04-01 19:25:45 [org.springframework.kafka.KafkaListenerEndpointContainer#0-0-C-1] INFO  org.apache.kafka.clients.consumer.internals.ConsumerCoordinator - [Consumer clientId=consumer-document-workers-3, groupId=document-workers] Request joining group due to: need to re-join with the given member-id: consumer-document-workers-3-f5235c84-f8f6-4f60-9511-3c2cf266a1d3
2026-04-01 19:25:45 [org.springframework.kafka.KafkaListenerEndpointContainer#0-0-C-1] INFO  org.apache.kafka.clients.consumer.internals.ConsumerCoordinator - [Consumer clientId=consumer-document-workers-3, groupId=document-workers] (Re-)joining group
2026-04-01 19:25:48 [org.springframework.kafka.KafkaListenerEndpointContainer#0-0-C-1] INFO  org.apache.kafka.clients.consumer.internals.ConsumerCoordinator - [Consumer clientId=consumer-document-workers-3, groupId=document-workers] Successfully joined group with generation Generation{generationId=10, memberId='consumer-document-workers-3-f5235c84-f8f6-4f60-9511-3c2cf266a1d3', protocol='range'}
2026-04-01 19:25:48 [org.springframework.kafka.KafkaListenerEndpointContainer#0-0-C-1] INFO  org.apache.kafka.clients.consumer.internals.ConsumerCoordinator - [Consumer clientId=consumer-document-workers-3, groupId=document-workers] Finished assignment for group at generation 10: {consumer-document-workers-3-f5235c84-f8f6-4f60-9511-3c2cf266a1d3=Assignment(partitions=[document-uploaded-0, document-uploaded-1, document-uploaded-2])}
2026-04-01 19:25:48 [org.springframework.kafka.KafkaListenerEndpointContainer#0-0-C-1] INFO  org.apache.kafka.clients.consumer.internals.ConsumerCoordinator - [Consumer clientId=consumer-document-workers-3, groupId=document-workers] Successfully synced group in generation Generation{generationId=10, memberId='consumer-document-workers-3-f5235c84-f8f6-4f60-9511-3c2cf266a1d3', protocol='range'}
2026-04-01 19:25:48 [org.springframework.kafka.KafkaListenerEndpointContainer#0-0-C-1] INFO  org.apache.kafka.clients.consumer.internals.ConsumerCoordinator - [Consumer clientId=consumer-document-workers-3, groupId=document-workers] Notifying assignor about the new Assignment(partitions=[document-uploaded-0, document-uploaded-1, document-uploaded-2])
2026-04-01 19:25:48 [org.springframework.kafka.KafkaListenerEndpointContainer#0-0-C-1] INFO  org.apache.kafka.clients.consumer.internals.ConsumerRebalanceListenerInvoker - [Consumer clientId=consumer-document-workers-3, groupId=document-workers] Adding newly assigned partitions: document-uploaded-0, document-uploaded-1, document-uploaded-2
2026-04-01 19:25:48 [org.springframework.kafka.KafkaListenerEndpointContainer#0-0-C-1] INFO  org.apache.kafka.clients.consumer.internals.ConsumerCoordinator - [Consumer clientId=consumer-document-workers-3, groupId=document-workers] Found no committed offset for partition document-uploaded-2
2026-04-01 19:25:48 [org.springframework.kafka.KafkaListenerEndpointContainer#0-0-C-1] INFO  org.apache.kafka.clients.consumer.internals.ConsumerCoordinator - [Consumer clientId=consumer-document-workers-3, groupId=document-workers] Found no committed offset for partition document-uploaded-1
2026-04-01 19:25:48 [org.springframework.kafka.KafkaListenerEndpointContainer#0-0-C-1] INFO  org.apache.kafka.clients.consumer.internals.ConsumerUtils - Setting offset for partition document-uploaded-0 to the committed offset FetchPosition{offset=3, offsetEpoch=Optional.empty, currentLeader=LeaderAndEpoch{leader=Optional[localhost:9092 (id: 1 rack: null)], epoch=0}}
2026-04-01 19:25:48 [org.springframework.kafka.KafkaListenerEndpointContainer#0-0-C-1] INFO  org.apache.kafka.clients.consumer.internals.SubscriptionState - [Consumer clientId=consumer-document-workers-3, groupId=document-workers] Resetting offset for partition document-uploaded-2 to position FetchPosition{offset=0, offsetEpoch=Optional.empty, currentLeader=LeaderAndEpoch{leader=Optional[localhost:9092 (id: 1 rack: null)], epoch=0}}.
2026-04-01 19:25:48 [org.springframework.kafka.KafkaListenerEndpointContainer#0-0-C-1] INFO  org.apache.kafka.clients.consumer.internals.SubscriptionState - [Consumer clientId=consumer-document-workers-3, groupId=document-workers] Resetting offset for partition document-uploaded-1 to position FetchPosition{offset=0, offsetEpoch=Optional.empty, currentLeader=LeaderAndEpoch{leader=Optional[localhost:9092 (id: 1 rack: null)], epoch=0}}.
2026-04-01 19:25:48 [org.springframework.kafka.KafkaListenerEndpointContainer#0-0-C-1] INFO  org.springframework.kafka.listener.KafkaMessageListenerContainer - document-workers: partitions assigned: [document-uploaded-0, document-uploaded-1, document-uploaded-2]
2026-04-01 19:26:49 [http-nio-8080-exec-1] INFO  org.apache.catalina.core.ContainerBase.[Tomcat].[localhost].[/] - Initializing Spring DispatcherServlet 'dispatcherServlet'
2026-04-01 19:26:49 [http-nio-8080-exec-1] INFO  org.springframework.web.servlet.DispatcherServlet - Initializing Servlet 'dispatcherServlet'
2026-04-01 19:26:49 [http-nio-8080-exec-1] INFO  org.springframework.web.servlet.DispatcherServlet - Completed initialization in 1 ms
2026-04-01 19:27:11 [http-nio-8080-exec-5] INFO  com.gyan.util.RequestLoggingFilter - Request d63ddab9-425a-4e6b-86ff-88ce7438d948 started: POST /auth/login
2026-04-01 19:27:11 [http-nio-8080-exec-5] INFO  com.gyan.util.RequestLoggingFilter - Request d63ddab9-425a-4e6b-86ff-88ce7438d948 completed with status 200
2026-04-01 19:27:11 [http-nio-8080-exec-6] INFO  com.gyan.util.RequestLoggingFilter - Request 81c1a90f-d85f-4543-b95b-39db1b4b5618 started: GET /documents
2026-04-01 19:27:11 [http-nio-8080-exec-6] WARN  org.springframework.data.web.config.SpringDataJacksonConfiguration$PageModule$WarningLoggingModifier - Serializing PageImpl instances as-is is not supported, meaning that there is no guarantee about the stability of the resulting JSON structure!
	For a stable JSON structure, please use Spring Data's PagedModel (globally via @EnableSpringDataWebSupport(pageSerializationMode = VIA_DTO))
	or Spring HATEOAS and Spring Data's PagedResourcesAssembler as documented in https://docs.spring.io/spring-data/commons/reference/repositories/core-extensions.html#core.web.pageables.

2026-04-01 19:27:11 [http-nio-8080-exec-6] INFO  com.gyan.util.RequestLoggingFilter - Request 81c1a90f-d85f-4543-b95b-39db1b4b5618 completed with status 200
2026-04-01 19:27:11 [http-nio-8080-exec-8] INFO  com.gyan.util.RequestLoggingFilter - Request e35e378c-b15e-4491-9fc9-dd67ff614e39 started: GET /documents
2026-04-01 19:27:11 [http-nio-8080-exec-8] INFO  com.gyan.util.RequestLoggingFilter - Request e35e378c-b15e-4491-9fc9-dd67ff614e39 completed with status 200
2026-04-01 19:27:15 [http-nio-8080-exec-9] INFO  com.gyan.util.RequestLoggingFilter - Request b97725ed-35dc-4881-8693-195808739128 started: GET /documents/69/download
2026-04-01 19:27:15 [http-nio-8080-exec-9] INFO  com.gyan.util.RequestLoggingFilter - Request b97725ed-35dc-4881-8693-195808739128 completed with status 200
2026-04-01 19:28:17 [http-nio-8080-exec-7] INFO  com.gyan.util.RequestLoggingFilter - Request cc92be89-a179-43c8-91e4-d31bb6b00bde started: POST /ai/ask
2026-04-01 19:28:17 [http-nio-8080-exec-7] INFO  com.gyan.service.QuestionAnswerService - Generating answers for : what does the kafka ai document say
2026-04-01 19:28:17 [http-nio-8080-exec-7] INFO  com.gyan.util.RequestLoggingFilter - Request cc92be89-a179-43c8-91e4-d31bb6b00bde completed with status 200
2026-04-01 19:28:30 [http-nio-8080-exec-10] INFO  com.gyan.util.RequestLoggingFilter - Request dc7eef4c-41bd-4970-923b-915ae6834951 started: POST /ai/ask
2026-04-01 19:28:30 [http-nio-8080-exec-10] INFO  com.gyan.service.QuestionAnswerService - Generating answers for : what is kafka
2026-04-01 19:28:30 [http-nio-8080-exec-10] INFO  com.gyan.util.RequestLoggingFilter - Request dc7eef4c-41bd-4970-923b-915ae6834951 completed with status 200
2026-04-01 19:28:45 [http-nio-8080-exec-1] INFO  com.gyan.util.RequestLoggingFilter - Request d277e755-2ae1-4acd-9c9e-26ac86483d5b started: POST /ai/ask
2026-04-01 19:28:45 [http-nio-8080-exec-1] INFO  com.gyan.service.QuestionAnswerService - Generating answers for : explain the invoice file
2026-04-01 19:28:46 [http-nio-8080-exec-1] INFO  com.gyan.util.RequestLoggingFilter - Request d277e755-2ae1-4acd-9c9e-26ac86483d5b completed with status 200
2026-04-01 19:29:43 [http-nio-8080-exec-3] INFO  com.gyan.util.RequestLoggingFilter - Request e302ce76-482d-4cb0-9924-68d29fccb226 started: GET /swagger-ui/index.html
2026-04-01 19:29:43 [http-nio-8080-exec-3] INFO  com.gyan.util.RequestLoggingFilter - Request e302ce76-482d-4cb0-9924-68d29fccb226 completed with status 200
2026-04-01 19:29:43 [http-nio-8080-exec-4] INFO  com.gyan.util.RequestLoggingFilter - Request 5c513480-3ffc-41de-94e5-467dbd9cd2c6 started: GET /swagger-ui/swagger-ui.css
2026-04-01 19:29:43 [http-nio-8080-exec-5] INFO  com.gyan.util.RequestLoggingFilter - Request 9be7e6c6-5330-409f-ae63-6e76c00ac157 started: GET /swagger-ui/swagger-ui-bundle.js
2026-04-01 19:29:43 [http-nio-8080-exec-6] INFO  com.gyan.util.RequestLoggingFilter - Request 88904a66-92b4-4391-9cbb-0637aff61692 started: GET /swagger-ui/swagger-ui-standalone-preset.js
2026-04-01 19:29:43 [http-nio-8080-exec-2] INFO  com.gyan.util.RequestLoggingFilter - Request d6d14c8a-69ab-4e82-b440-32c058dd8366 started: GET /swagger-ui/index.css
2026-04-01 19:29:43 [http-nio-8080-exec-8] INFO  com.gyan.util.RequestLoggingFilter - Request cb1ef5f9-d224-4f25-b1ce-4d4aaf9d53e4 started: GET /swagger-ui/swagger-initializer.js
2026-04-01 19:29:43 [http-nio-8080-exec-2] INFO  com.gyan.util.RequestLoggingFilter - Request d6d14c8a-69ab-4e82-b440-32c058dd8366 completed with status 200
2026-04-01 19:29:43 [http-nio-8080-exec-4] INFO  com.gyan.util.RequestLoggingFilter - Request 5c513480-3ffc-41de-94e5-467dbd9cd2c6 completed with status 200
2026-04-01 19:29:43 [http-nio-8080-exec-6] INFO  com.gyan.util.RequestLoggingFilter - Request 88904a66-92b4-4391-9cbb-0637aff61692 completed with status 200
2026-04-01 19:29:43 [http-nio-8080-exec-8] INFO  com.gyan.util.RequestLoggingFilter - Request cb1ef5f9-d224-4f25-b1ce-4d4aaf9d53e4 completed with status 200
2026-04-01 19:29:43 [http-nio-8080-exec-5] INFO  com.gyan.util.RequestLoggingFilter - Request 9be7e6c6-5330-409f-ae63-6e76c00ac157 completed with status 200
2026-04-01 19:29:43 [http-nio-8080-exec-9] INFO  com.gyan.util.RequestLoggingFilter - Request 4cdce2c0-7135-4aff-97b8-49e17f390719 started: GET /v3/api-docs/swagger-config
2026-04-01 19:29:43 [http-nio-8080-exec-9] INFO  com.gyan.util.RequestLoggingFilter - Request 4cdce2c0-7135-4aff-97b8-49e17f390719 completed with status 200
2026-04-01 19:29:43 [http-nio-8080-exec-7] INFO  com.gyan.util.RequestLoggingFilter - Request 406cdd7e-b091-42f3-9505-377ba0c1e638 started: GET /v3/api-docs
2026-04-01 19:29:44 [http-nio-8080-exec-7] INFO  org.springdoc.api.AbstractOpenApiResource - Init duration for springdoc-openapi is: 611 ms
2026-04-01 19:29:44 [http-nio-8080-exec-7] INFO  com.gyan.util.RequestLoggingFilter - Request 406cdd7e-b091-42f3-9505-377ba0c1e638 completed with status 200
2026-04-01 19:31:54 [http-nio-8080-exec-6] INFO  com.gyan.util.RequestLoggingFilter - Request 64855ffb-2dc7-4b30-bdd8-d7b9896e712b started: GET /documents
2026-04-01 19:31:54 [http-nio-8080-exec-6] INFO  com.gyan.util.RequestLoggingFilter - Request 64855ffb-2dc7-4b30-bdd8-d7b9896e712b completed with status 200
2026-04-01 19:31:54 [http-nio-8080-exec-8] INFO  com.gyan.util.RequestLoggingFilter - Request 6262b7bd-5e09-4648-902f-da921304e18f started: GET /documents
2026-04-01 19:31:54 [http-nio-8080-exec-8] INFO  com.gyan.util.RequestLoggingFilter - Request 6262b7bd-5e09-4648-902f-da921304e18f completed with status 200
2026-04-01 19:31:56 [http-nio-8080-exec-5] INFO  com.gyan.util.RequestLoggingFilter - Request 6944e273-9e17-4a18-8050-6b93fb37d4e4 started: GET /documents
2026-04-01 19:31:56 [http-nio-8080-exec-5] INFO  com.gyan.util.RequestLoggingFilter - Request 6944e273-9e17-4a18-8050-6b93fb37d4e4 completed with status 200
2026-04-01 19:32:52 [http-nio-8080-exec-9] INFO  com.gyan.util.RequestLoggingFilter - Request 7761c634-9bb6-452a-a9d8-64f24ebbb00d started: POST /ai/ask
2026-04-01 19:32:52 [http-nio-8080-exec-9] INFO  com.gyan.service.QuestionAnswerService - Generating answers for : list of all documents uploaded
2026-04-01 19:32:53 [http-nio-8080-exec-9] INFO  com.gyan.util.RequestLoggingFilter - Request 7761c634-9bb6-452a-a9d8-64f24ebbb00d completed with status 200
2026-04-01 19:33:03 [http-nio-8080-exec-7] INFO  com.gyan.util.RequestLoggingFilter - Request 51918c52-6de2-4b51-a87f-09cbf393fa2d started: GET /documents
2026-04-01 19:33:03 [http-nio-8080-exec-7] INFO  com.gyan.util.RequestLoggingFilter - Request 51918c52-6de2-4b51-a87f-09cbf393fa2d completed with status 200
2026-04-01 19:33:03 [http-nio-8080-exec-1] INFO  com.gyan.util.RequestLoggingFilter - Request bdbf894e-2075-4452-b2b5-5a66db74aa0d started: GET /documents
2026-04-01 19:33:03 [http-nio-8080-exec-1] INFO  com.gyan.util.RequestLoggingFilter - Request bdbf894e-2075-4452-b2b5-5a66db74aa0d completed with status 200
2026-04-01 19:33:15 [http-nio-8080-exec-2] INFO  com.gyan.util.RequestLoggingFilter - Request 9ed6a988-54d8-489b-a94e-385a4a852229 started: POST /auth/login
2026-04-01 19:33:15 [http-nio-8080-exec-2] INFO  com.gyan.util.RequestLoggingFilter - Request 9ed6a988-54d8-489b-a94e-385a4a852229 completed with status 200
2026-04-01 19:33:15 [http-nio-8080-exec-3] INFO  com.gyan.util.RequestLoggingFilter - Request ff29e9a6-0c2f-4fea-8707-94f438eb5723 started: GET /documents
2026-04-01 19:33:15 [http-nio-8080-exec-3] INFO  com.gyan.util.RequestLoggingFilter - Request ff29e9a6-0c2f-4fea-8707-94f438eb5723 completed with status 200
2026-04-01 19:33:15 [http-nio-8080-exec-10] INFO  com.gyan.util.RequestLoggingFilter - Request 41f82e05-e6b3-4648-b382-08770c5cea1b started: GET /documents
2026-04-01 19:33:15 [http-nio-8080-exec-10] INFO  com.gyan.util.RequestLoggingFilter - Request 41f82e05-e6b3-4648-b382-08770c5cea1b completed with status 200
2026-04-01 19:33:26 [http-nio-8080-exec-4] INFO  com.gyan.util.RequestLoggingFilter - Request 1675b428-2979-4fbd-9a98-62d295fb85af started: GET /documents
2026-04-01 19:33:26 [http-nio-8080-exec-4] INFO  com.gyan.util.RequestLoggingFilter - Request 1675b428-2979-4fbd-9a98-62d295fb85af completed with status 200
2026-04-01 19:34:45 [org.springframework.kafka.KafkaListenerEndpointContainer#0-0-C-1] INFO  org.apache.kafka.clients.NetworkClient - [Consumer clientId=consumer-document-workers-3, groupId=document-workers] Node -1 disconnected.
2026-04-01 19:36:32 [http-nio-8080-exec-6] INFO  com.gyan.util.RequestLoggingFilter - Request 58a61875-bc0d-4df7-8774-0a586ddef43f started: GET /documents
2026-04-01 19:36:32 [http-nio-8080-exec-6] INFO  com.gyan.util.RequestLoggingFilter - Request 58a61875-bc0d-4df7-8774-0a586ddef43f completed with status 200
2026-04-01 19:36:32 [http-nio-8080-exec-8] INFO  com.gyan.util.RequestLoggingFilter - Request 3fc4d137-19dc-433f-a01e-f966ef008507 started: GET /documents
2026-04-01 19:36:32 [http-nio-8080-exec-8] INFO  com.gyan.util.RequestLoggingFilter - Request 3fc4d137-19dc-433f-a01e-f966ef008507 completed with status 200
2026-04-01 19:44:37 [File Watcher] INFO  org.springframework.boot.devtools.autoconfigure.LocalDevToolsAutoConfiguration$RestartingClassPathChangeChangedEventListener - Restarting due to 3 class path changes (1 addition, 0 deletions, 2 modifications)
2026-04-01 19:44:37 [org.springframework.kafka.KafkaListenerEndpointContainer#0-0-C-1] INFO  org.apache.kafka.clients.consumer.internals.ConsumerRebalanceListenerInvoker - [Consumer clientId=consumer-document-workers-3, groupId=document-workers] Revoke previously assigned partitions document-uploaded-0, document-uploaded-1, document-uploaded-2
2026-04-01 19:44:37 [org.springframework.kafka.KafkaListenerEndpointContainer#0-0-C-1] INFO  org.springframework.kafka.listener.KafkaMessageListenerContainer - document-workers: partitions revoked: [document-uploaded-0, document-uploaded-1, document-uploaded-2]
2026-04-01 19:44:37 [org.springframework.kafka.KafkaListenerEndpointContainer#0-0-C-1] INFO  org.apache.kafka.clients.consumer.internals.ConsumerCoordinator - [Consumer clientId=consumer-document-workers-3, groupId=document-workers] Member consumer-document-workers-3-f5235c84-f8f6-4f60-9511-3c2cf266a1d3 sending LeaveGroup request to coordinator localhost:9092 (id: 2147483646 rack: null) due to the consumer unsubscribed from all topics
2026-04-01 19:44:37 [org.springframework.kafka.KafkaListenerEndpointContainer#0-0-C-1] INFO  org.apache.kafka.clients.consumer.internals.ConsumerCoordinator - [Consumer clientId=consumer-document-workers-3, groupId=document-workers] Resetting generation and member id due to: consumer pro-actively leaving the group
2026-04-01 19:44:37 [org.springframework.kafka.KafkaListenerEndpointContainer#0-0-C-1] INFO  org.apache.kafka.clients.consumer.internals.ConsumerCoordinator - [Consumer clientId=consumer-document-workers-3, groupId=document-workers] Request joining group due to: consumer pro-actively leaving the group
2026-04-01 19:44:37 [org.springframework.kafka.KafkaListenerEndpointContainer#0-0-C-1] INFO  org.apache.kafka.clients.consumer.internals.LegacyKafkaConsumer - [Consumer clientId=consumer-document-workers-3, groupId=document-workers] Unsubscribed all topics or patterns and assigned partitions
2026-04-01 19:44:37 [org.springframework.kafka.KafkaListenerEndpointContainer#0-0-C-1] INFO  org.apache.kafka.clients.consumer.internals.ConsumerCoordinator - [Consumer clientId=consumer-document-workers-3, groupId=document-workers] Resetting generation and member id due to: consumer pro-actively leaving the group
2026-04-01 19:44:37 [org.springframework.kafka.KafkaListenerEndpointContainer#0-0-C-1] INFO  org.apache.kafka.clients.consumer.internals.ConsumerCoordinator - [Consumer clientId=consumer-document-workers-3, groupId=document-workers] Request joining group due to: consumer pro-actively leaving the group
2026-04-01 19:44:37 [org.springframework.kafka.KafkaListenerEndpointContainer#0-0-C-1] INFO  org.apache.kafka.common.metrics.Metrics - Metrics scheduler closed
2026-04-01 19:44:37 [org.springframework.kafka.KafkaListenerEndpointContainer#0-0-C-1] INFO  org.apache.kafka.common.metrics.Metrics - Closing reporter org.apache.kafka.common.metrics.JmxReporter
2026-04-01 19:44:37 [org.springframework.kafka.KafkaListenerEndpointContainer#0-0-C-1] INFO  org.apache.kafka.common.metrics.Metrics - Closing reporter org.apache.kafka.common.telemetry.internals.ClientTelemetryReporter
2026-04-01 19:44:37 [org.springframework.kafka.KafkaListenerEndpointContainer#0-0-C-1] INFO  org.apache.kafka.common.metrics.Metrics - Metrics reporters closed
2026-04-01 19:44:37 [org.springframework.kafka.KafkaListenerEndpointContainer#0-0-C-1] INFO  org.apache.kafka.common.utils.AppInfoParser - App info kafka.consumer for consumer-document-workers-3 unregistered
2026-04-01 19:44:37 [org.springframework.kafka.KafkaListenerEndpointContainer#0-0-C-1] INFO  org.springframework.kafka.listener.KafkaMessageListenerContainer - document-workers: Consumer stopped
2026-04-01 19:44:37 [Thread-16] INFO  org.apache.coyote.http11.Http11NioProtocol - Stopping ProtocolHandler ["http-nio-8080"]
2026-04-01 19:44:37 [Thread-16] INFO  org.springframework.orm.jpa.LocalContainerEntityManagerFactoryBean - Closing JPA EntityManagerFactory for persistence unit 'default'
2026-04-01 19:44:37 [Thread-16] INFO  com.zaxxer.hikari.HikariDataSource - HikariPool-4 - Shutdown initiated...
2026-04-01 19:44:37 [Thread-16] INFO  com.zaxxer.hikari.HikariDataSource - HikariPool-4 - Shutdown completed.
2026-04-01 19:44:37 [restartedMain] INFO  com.gyan.GyanApplication - Starting GyanApplication using Java 21.0.8 with PID 3608 (C:\Users\manjk\OneDrive\Desktop\Discipline\gyan\backend\target\classes started by manjk in C:\Users\manjk\OneDrive\Desktop\Discipline\gyan\backend)
2026-04-01 19:44:37 [restartedMain] INFO  com.gyan.GyanApplication - No active profile set, falling back to 1 default profile: "default"
2026-04-01 19:44:38 [restartedMain] INFO  org.springframework.data.repository.config.RepositoryConfigurationDelegate - Multiple Spring Data modules found, entering strict repository configuration mode
2026-04-01 19:44:38 [restartedMain] INFO  org.springframework.data.repository.config.RepositoryConfigurationDelegate - Bootstrapping Spring Data Elasticsearch repositories in DEFAULT mode.
2026-04-01 19:44:38 [restartedMain] INFO  org.springframework.data.repository.config.RepositoryConfigurationExtensionSupport - Spring Data Elasticsearch - Could not safely identify store assignment for repository candidate interface com.gyan.repository.ChatRepository; If you want this repository to be a Elasticsearch repository, consider annotating your entities with one of these annotations: org.springframework.data.elasticsearch.annotations.Document (preferred), or consider extending one of the following types with your repository: org.springframework.data.elasticsearch.repository.ElasticsearchRepository
2026-04-01 19:44:38 [restartedMain] INFO  org.springframework.data.repository.config.RepositoryConfigurationExtensionSupport - Spring Data Elasticsearch - Could not safely identify store assignment for repository candidate interface com.gyan.repository.DocumentChunkRepository; If you want this repository to be a Elasticsearch repository, consider annotating your entities with one of these annotations: org.springframework.data.elasticsearch.annotations.Document (preferred), or consider extending one of the following types with your repository: org.springframework.data.elasticsearch.repository.ElasticsearchRepository
2026-04-01 19:44:38 [restartedMain] INFO  org.springframework.data.repository.config.RepositoryConfigurationExtensionSupport - Spring Data Elasticsearch - Could not safely identify store assignment for repository candidate interface com.gyan.repository.DocumentRepository; If you want this repository to be a Elasticsearch repository, consider annotating your entities with one of these annotations: org.springframework.data.elasticsearch.annotations.Document (preferred), or consider extending one of the following types with your repository: org.springframework.data.elasticsearch.repository.ElasticsearchRepository
2026-04-01 19:44:38 [restartedMain] INFO  org.springframework.data.repository.config.RepositoryConfigurationExtensionSupport - Spring Data Elasticsearch - Could not safely identify store assignment for repository candidate interface com.gyan.repository.UserRepository; If you want this repository to be a Elasticsearch repository, consider annotating your entities with one of these annotations: org.springframework.data.elasticsearch.annotations.Document (preferred), or consider extending one of the following types with your repository: org.springframework.data.elasticsearch.repository.ElasticsearchRepository
2026-04-01 19:44:38 [restartedMain] INFO  org.springframework.data.repository.config.RepositoryConfigurationDelegate - Finished Spring Data repository scanning in 55 ms. Found 1 Elasticsearch repository interface.
2026-04-01 19:44:38 [restartedMain] INFO  org.springframework.data.repository.config.RepositoryConfigurationDelegate - Multiple Spring Data modules found, entering strict repository configuration mode
2026-04-01 19:44:38 [restartedMain] INFO  org.springframework.data.repository.config.RepositoryConfigurationDelegate - Bootstrapping Spring Data JPA repositories in DEFAULT mode.
2026-04-01 19:44:38 [restartedMain] INFO  org.springframework.data.repository.config.RepositoryConfigurationExtensionSupport - Spring Data JPA - Could not safely identify store assignment for repository candidate interface com.gyan.repository.DocumentSearchRepository; If you want this repository to be a JPA repository, consider annotating your entities with one of these annotations: jakarta.persistence.Entity, jakarta.persistence.MappedSuperclass (preferred), or consider extending one of the following types with your repository: org.springframework.data.jpa.repository.JpaRepository
2026-04-01 19:44:38 [restartedMain] INFO  org.springframework.data.repository.config.RepositoryConfigurationDelegate - Finished Spring Data repository scanning in 33 ms. Found 4 JPA repository interfaces.
2026-04-01 19:44:38 [restartedMain] INFO  org.springframework.boot.web.embedded.tomcat.TomcatWebServer - Tomcat initialized with port 8080 (http)
2026-04-01 19:44:38 [restartedMain] INFO  org.apache.coyote.http11.Http11NioProtocol - Initializing ProtocolHandler ["http-nio-8080"]
2026-04-01 19:44:38 [restartedMain] INFO  org.apache.catalina.core.StandardService - Starting service [Tomcat]
2026-04-01 19:44:38 [restartedMain] INFO  org.apache.catalina.core.StandardEngine - Starting Servlet engine: [Apache Tomcat/10.1.31]
2026-04-01 19:44:38 [restartedMain] INFO  org.apache.catalina.core.ContainerBase.[Tomcat].[localhost].[/] - Initializing Spring embedded WebApplicationContext
2026-04-01 19:44:38 [restartedMain] INFO  org.springframework.boot.web.servlet.context.ServletWebServerApplicationContext - Root WebApplicationContext: initialization completed in 1224 ms
2026-04-01 19:44:38 [restartedMain] INFO  org.hibernate.jpa.internal.util.LogHelper - HHH000204: Processing PersistenceUnitInfo [name: default]
2026-04-01 19:44:38 [restartedMain] INFO  org.hibernate.cache.internal.RegionFactoryInitiator - HHH000026: Second-level cache disabled
2026-04-01 19:44:38 [restartedMain] INFO  org.springframework.orm.jpa.persistenceunit.SpringPersistenceUnitInfo - No LoadTimeWeaver setup: ignoring JPA class transformer
2026-04-01 19:44:38 [restartedMain] INFO  com.zaxxer.hikari.HikariDataSource - HikariPool-5 - Starting...
2026-04-01 19:44:38 [restartedMain] INFO  com.zaxxer.hikari.pool.HikariPool - HikariPool-5 - Added connection org.postgresql.jdbc.PgConnection@139bd6f7
2026-04-01 19:44:38 [restartedMain] INFO  com.zaxxer.hikari.HikariDataSource - HikariPool-5 - Start completed.
2026-04-01 19:44:38 [restartedMain] WARN  org.hibernate.orm.deprecation - HHH90000025: PostgreSQLDialect does not need to be specified explicitly using 'hibernate.dialect' (remove the property setting and it will be selected by default)
2026-04-01 19:44:39 [restartedMain] INFO  org.hibernate.engine.transaction.jta.platform.internal.JtaPlatformInitiator - HHH000489: No JTA platform available (set 'hibernate.transaction.jta.platform' to enable JTA platform integration)
2026-04-01 19:44:39 [restartedMain] INFO  org.springframework.orm.jpa.LocalContainerEntityManagerFactoryBean - Initialized JPA EntityManagerFactory for persistence unit 'default'
2026-04-01 19:44:39 [restartedMain] INFO  org.springframework.boot.devtools.autoconfigure.OptionalLiveReloadServer - LiveReload server is running on port 35729
2026-04-01 19:44:39 [restartedMain] WARN  org.springframework.boot.web.servlet.context.AnnotationConfigServletWebServerApplicationContext - Exception encountered during context initialization - cancelling refresh attempt: org.springframework.beans.factory.BeanCreationException: Error creating bean with name 'askController': Lookup method resolution failed
2026-04-01 19:44:39 [restartedMain] INFO  org.springframework.orm.jpa.LocalContainerEntityManagerFactoryBean - Closing JPA EntityManagerFactory for persistence unit 'default'
2026-04-01 19:44:39 [restartedMain] INFO  com.zaxxer.hikari.HikariDataSource - HikariPool-5 - Shutdown initiated...
2026-04-01 19:44:39 [restartedMain] INFO  com.zaxxer.hikari.HikariDataSource - HikariPool-5 - Shutdown completed.
2026-04-01 19:44:39 [restartedMain] INFO  org.apache.catalina.core.StandardService - Stopping service [Tomcat]
2026-04-01 19:44:39 [restartedMain] INFO  org.springframework.boot.autoconfigure.logging.ConditionEvaluationReportLogger - 

Error starting ApplicationContext. To display the condition evaluation report re-run your application with 'debug' enabled.
2026-04-01 19:44:39 [restartedMain] ERROR org.springframework.boot.SpringApplication - Application run failed
org.springframework.beans.factory.BeanCreationException: Error creating bean with name 'askController': Lookup method resolution failed
	at org.springframework.beans.factory.annotation.AutowiredAnnotationBeanPostProcessor.checkLookupMethods(AutowiredAnnotationBeanPostProcessor.java:498)
	at org.springframework.beans.factory.annotation.AutowiredAnnotationBeanPostProcessor.determineCandidateConstructors(AutowiredAnnotationBeanPostProcessor.java:368)
	at org.springframework.beans.factory.support.AbstractAutowireCapableBeanFactory.determineConstructorsFromBeanPostProcessors(AbstractAutowireCapableBeanFactory.java:1314)
	at org.springframework.beans.factory.support.AbstractAutowireCapableBeanFactory.createBeanInstance(AbstractAutowireCapableBeanFactory.java:1209)
	at org.springframework.beans.factory.support.AbstractAutowireCapableBeanFactory.doCreateBean(AbstractAutowireCapableBeanFactory.java:562)
	at org.springframework.beans.factory.support.AbstractAutowireCapableBeanFactory.createBean(AbstractAutowireCapableBeanFactory.java:522)
	at org.springframework.beans.factory.support.AbstractBeanFactory.lambda$doGetBean$0(AbstractBeanFactory.java:337)
	at org.springframework.beans.factory.support.DefaultSingletonBeanRegistry.getSingleton(DefaultSingletonBeanRegistry.java:234)
	at org.springframework.beans.factory.support.AbstractBeanFactory.doGetBean(AbstractBeanFactory.java:335)
	at org.springframework.beans.factory.support.AbstractBeanFactory.getBean(AbstractBeanFactory.java:200)
	at org.springframework.beans.factory.support.DefaultListableBeanFactory.preInstantiateSingletons(DefaultListableBeanFactory.java:975)
	at org.springframework.context.support.AbstractApplicationContext.finishBeanFactoryInitialization(AbstractApplicationContext.java:971)
	at org.springframework.context.support.AbstractApplicationContext.refresh(AbstractApplicationContext.java:625)
	at org.springframework.boot.web.servlet.context.ServletWebServerApplicationContext.refresh(ServletWebServerApplicationContext.java:146)
	at org.springframework.boot.SpringApplication.refresh(SpringApplication.java:754)
	at org.springframework.boot.SpringApplication.refreshContext(SpringApplication.java:456)
	at org.springframework.boot.SpringApplication.run(SpringApplication.java:335)
	at org.springframework.boot.SpringApplication.run(SpringApplication.java:1363)
	at org.springframework.boot.SpringApplication.run(SpringApplication.java:1352)
	at com.gyan.GyanApplication.main(GyanApplication.java:13)
	at java.base/jdk.internal.reflect.DirectMethodHandleAccessor.invoke(DirectMethodHandleAccessor.java:103)
	at java.base/java.lang.reflect.Method.invoke(Method.java:580)
	at org.springframework.boot.devtools.restart.RestartLauncher.run(RestartLauncher.java:50)
Caused by: java.lang.IllegalStateException: Failed to introspect Class [com.gyan.controller.AskController] from ClassLoader [org.springframework.boot.devtools.restart.classloader.RestartClassLoader@13ddffa9]
	at org.springframework.util.ReflectionUtils.getDeclaredMethods(ReflectionUtils.java:483)
	at org.springframework.util.ReflectionUtils.doWithLocalMethods(ReflectionUtils.java:320)
	at org.springframework.beans.factory.annotation.AutowiredAnnotationBeanPostProcessor.checkLookupMethods(AutowiredAnnotationBeanPostProcessor.java:476)
	... 22 common frames omitted
Caused by: java.lang.NoClassDefFoundError: AskRequestDTO
	at java.base/java.lang.Class.getDeclaredMethods0(Native Method)
	at java.base/java.lang.Class.privateGetDeclaredMethods(Class.java:3578)
	at java.base/java.lang.Class.getDeclaredMethods(Class.java:2676)
	at org.springframework.util.ReflectionUtils.getDeclaredMethods(ReflectionUtils.java:465)
	... 24 common frames omitted
Caused by: java.lang.ClassNotFoundException: AskRequestDTO
	at java.base/jdk.internal.loader.BuiltinClassLoader.loadClass(BuiltinClassLoader.java:641)
	at java.base/jdk.internal.loader.ClassLoaders$AppClassLoader.loadClass(ClassLoaders.java:188)
	at java.base/java.lang.ClassLoader.loadClass(ClassLoader.java:526)
	at java.base/java.lang.Class.forName0(Native Method)
	at java.base/java.lang.Class.forName(Class.java:534)
	at java.base/java.lang.Class.forName(Class.java:513)
	at org.springframework.boot.devtools.restart.classloader.RestartClassLoader.loadClass(RestartClassLoader.java:121)
	at java.base/java.lang.ClassLoader.loadClass(ClassLoader.java:526)
	... 28 common frames omitted
2026-04-01 19:44:41 [restartedMain] INFO  com.gyan.GyanApplication - Starting GyanApplication using Java 21.0.8 with PID 3608 (C:\Users\manjk\OneDrive\Desktop\Discipline\gyan\backend\target\classes started by manjk in C:\Users\manjk\OneDrive\Desktop\Discipline\gyan\backend)
2026-04-01 19:44:41 [restartedMain] INFO  com.gyan.GyanApplication - No active profile set, falling back to 1 default profile: "default"
2026-04-01 19:44:41 [restartedMain] INFO  org.springframework.data.repository.config.RepositoryConfigurationDelegate - Multiple Spring Data modules found, entering strict repository configuration mode
2026-04-01 19:44:41 [restartedMain] INFO  org.springframework.data.repository.config.RepositoryConfigurationDelegate - Bootstrapping Spring Data Elasticsearch repositories in DEFAULT mode.
2026-04-01 19:44:41 [restartedMain] INFO  org.springframework.data.repository.config.RepositoryConfigurationExtensionSupport - Spring Data Elasticsearch - Could not safely identify store assignment for repository candidate interface com.gyan.repository.ChatRepository; If you want this repository to be a Elasticsearch repository, consider annotating your entities with one of these annotations: org.springframework.data.elasticsearch.annotations.Document (preferred), or consider extending one of the following types with your repository: org.springframework.data.elasticsearch.repository.ElasticsearchRepository
2026-04-01 19:44:41 [restartedMain] INFO  org.springframework.data.repository.config.RepositoryConfigurationExtensionSupport - Spring Data Elasticsearch - Could not safely identify store assignment for repository candidate interface com.gyan.repository.DocumentChunkRepository; If you want this repository to be a Elasticsearch repository, consider annotating your entities with one of these annotations: org.springframework.data.elasticsearch.annotations.Document (preferred), or consider extending one of the following types with your repository: org.springframework.data.elasticsearch.repository.ElasticsearchRepository
2026-04-01 19:44:41 [restartedMain] INFO  org.springframework.data.repository.config.RepositoryConfigurationExtensionSupport - Spring Data Elasticsearch - Could not safely identify store assignment for repository candidate interface com.gyan.repository.DocumentRepository; If you want this repository to be a Elasticsearch repository, consider annotating your entities with one of these annotations: org.springframework.data.elasticsearch.annotations.Document (preferred), or consider extending one of the following types with your repository: org.springframework.data.elasticsearch.repository.ElasticsearchRepository
2026-04-01 19:44:41 [restartedMain] INFO  org.springframework.data.repository.config.RepositoryConfigurationExtensionSupport - Spring Data Elasticsearch - Could not safely identify store assignment for repository candidate interface com.gyan.repository.UserRepository; If you want this repository to be a Elasticsearch repository, consider annotating your entities with one of these annotations: org.springframework.data.elasticsearch.annotations.Document (preferred), or consider extending one of the following types with your repository: org.springframework.data.elasticsearch.repository.ElasticsearchRepository
2026-04-01 19:44:41 [restartedMain] INFO  org.springframework.data.repository.config.RepositoryConfigurationDelegate - Finished Spring Data repository scanning in 39 ms. Found 1 Elasticsearch repository interface.
2026-04-01 19:44:41 [restartedMain] INFO  org.springframework.data.repository.config.RepositoryConfigurationDelegate - Multiple Spring Data modules found, entering strict repository configuration mode
2026-04-01 19:44:41 [restartedMain] INFO  org.springframework.data.repository.config.RepositoryConfigurationDelegate - Bootstrapping Spring Data JPA repositories in DEFAULT mode.
2026-04-01 19:44:41 [restartedMain] INFO  org.springframework.data.repository.config.RepositoryConfigurationExtensionSupport - Spring Data JPA - Could not safely identify store assignment for repository candidate interface com.gyan.repository.DocumentSearchRepository; If you want this repository to be a JPA repository, consider annotating your entities with one of these annotations: jakarta.persistence.Entity, jakarta.persistence.MappedSuperclass (preferred), or consider extending one of the following types with your repository: org.springframework.data.jpa.repository.JpaRepository
2026-04-01 19:44:41 [restartedMain] INFO  org.springframework.data.repository.config.RepositoryConfigurationDelegate - Finished Spring Data repository scanning in 30 ms. Found 4 JPA repository interfaces.
2026-04-01 19:44:41 [restartedMain] INFO  org.springframework.boot.web.embedded.tomcat.TomcatWebServer - Tomcat initialized with port 8080 (http)
2026-04-01 19:44:41 [restartedMain] INFO  org.apache.coyote.http11.Http11NioProtocol - Initializing ProtocolHandler ["http-nio-8080"]
2026-04-01 19:44:41 [restartedMain] INFO  org.apache.catalina.core.StandardService - Starting service [Tomcat]
2026-04-01 19:44:41 [restartedMain] INFO  org.apache.catalina.core.StandardEngine - Starting Servlet engine: [Apache Tomcat/10.1.31]
2026-04-01 19:44:41 [restartedMain] INFO  org.apache.catalina.core.ContainerBase.[Tomcat-1].[localhost].[/] - Initializing Spring embedded WebApplicationContext
2026-04-01 19:44:41 [restartedMain] INFO  org.springframework.boot.web.servlet.context.ServletWebServerApplicationContext - Root WebApplicationContext: initialization completed in 812 ms
2026-04-01 19:44:42 [restartedMain] INFO  org.hibernate.jpa.internal.util.LogHelper - HHH000204: Processing PersistenceUnitInfo [name: default]
2026-04-01 19:44:42 [restartedMain] INFO  org.hibernate.cache.internal.RegionFactoryInitiator - HHH000026: Second-level cache disabled
2026-04-01 19:44:42 [restartedMain] INFO  org.springframework.orm.jpa.persistenceunit.SpringPersistenceUnitInfo - No LoadTimeWeaver setup: ignoring JPA class transformer
2026-04-01 19:44:42 [restartedMain] INFO  com.zaxxer.hikari.HikariDataSource - HikariPool-6 - Starting...
2026-04-01 19:44:42 [restartedMain] INFO  com.zaxxer.hikari.pool.HikariPool - HikariPool-6 - Added connection org.postgresql.jdbc.PgConnection@54f3095e
2026-04-01 19:44:42 [restartedMain] INFO  com.zaxxer.hikari.HikariDataSource - HikariPool-6 - Start completed.
2026-04-01 19:44:42 [restartedMain] WARN  org.hibernate.orm.deprecation - HHH90000025: PostgreSQLDialect does not need to be specified explicitly using 'hibernate.dialect' (remove the property setting and it will be selected by default)
2026-04-01 19:44:42 [restartedMain] INFO  org.hibernate.engine.transaction.jta.platform.internal.JtaPlatformInitiator - HHH000489: No JTA platform available (set 'hibernate.transaction.jta.platform' to enable JTA platform integration)
2026-04-01 19:44:42 [restartedMain] INFO  org.springframework.orm.jpa.LocalContainerEntityManagerFactoryBean - Initialized JPA EntityManagerFactory for persistence unit 'default'
2026-04-01 19:44:42 [restartedMain] INFO  org.springframework.boot.devtools.autoconfigure.OptionalLiveReloadServer - LiveReload server is running on port 35729
2026-04-01 19:44:42 [restartedMain] WARN  org.springframework.boot.autoconfigure.orm.jpa.JpaBaseConfiguration$JpaWebConfiguration - spring.jpa.open-in-view is enabled by default. Therefore, database queries may be performed during view rendering. Explicitly configure spring.jpa.open-in-view to disable this warning
2026-04-01 19:44:42 [restartedMain] WARN  org.springframework.boot.autoconfigure.security.servlet.UserDetailsServiceAutoConfiguration - 

Using generated security password: 7cfbae60-a549-4ec3-aa40-c94707d274bd

This generated password is for development use only. Your security configuration must be updated before running your application in production.

2026-04-01 19:44:42 [restartedMain] INFO  org.springframework.security.config.annotation.authentication.configuration.InitializeUserDetailsBeanManagerConfigurer$InitializeUserDetailsManagerConfigurer - Global AuthenticationManager configured with UserDetailsService bean with name inMemoryUserDetailsManager
2026-04-01 19:44:43 [restartedMain] INFO  org.apache.kafka.clients.admin.AdminClientConfig - AdminClientConfig values: 
	auto.include.jmx.reporter = true
	bootstrap.controllers = []
	bootstrap.servers = [localhost:9092]
	client.dns.lookup = use_all_dns_ips
	client.id = gyan-admin-3
	connections.max.idle.ms = 300000
	default.api.timeout.ms = 60000
	enable.metrics.push = true
	metadata.max.age.ms = 300000
	metric.reporters = []
	metrics.num.samples = 2
	metrics.recording.level = INFO
	metrics.sample.window.ms = 30000
	receive.buffer.bytes = 65536
	reconnect.backoff.max.ms = 1000
	reconnect.backoff.ms = 50
	request.timeout.ms = 30000
	retries = 2147483647
	retry.backoff.max.ms = 1000
	retry.backoff.ms = 100
	sasl.client.callback.handler.class = null
	sasl.jaas.config = null
	sasl.kerberos.kinit.cmd = /usr/bin/kinit
	sasl.kerberos.min.time.before.relogin = 60000
	sasl.kerberos.service.name = null
	sasl.kerberos.ticket.renew.jitter = 0.05
	sasl.kerberos.ticket.renew.window.factor = 0.8
	sasl.login.callback.handler.class = null
	sasl.login.class = null
	sasl.login.connect.timeout.ms = null
	sasl.login.read.timeout.ms = null
	sasl.login.refresh.buffer.seconds = 300
	sasl.login.refresh.min.period.seconds = 60
	sasl.login.refresh.window.factor = 0.8
	sasl.login.refresh.window.jitter = 0.05
	sasl.login.retry.backoff.max.ms = 10000
	sasl.login.retry.backoff.ms = 100
	sasl.mechanism = GSSAPI
	sasl.oauthbearer.clock.skew.seconds = 30
	sasl.oauthbearer.expected.audience = null
	sasl.oauthbearer.expected.issuer = null
	sasl.oauthbearer.jwks.endpoint.refresh.ms = 3600000
	sasl.oauthbearer.jwks.endpoint.retry.backoff.max.ms = 10000
	sasl.oauthbearer.jwks.endpoint.retry.backoff.ms = 100
	sasl.oauthbearer.jwks.endpoint.url = null
	sasl.oauthbearer.scope.claim.name = scope
	sasl.oauthbearer.sub.claim.name = sub
	sasl.oauthbearer.token.endpoint.url = null
	security.protocol = PLAINTEXT
	security.providers = null
	send.buffer.bytes = 131072
	socket.connection.setup.timeout.max.ms = 30000
	socket.connection.setup.timeout.ms = 10000
	ssl.cipher.suites = null
	ssl.enabled.protocols = [TLSv1.2, TLSv1.3]
	ssl.endpoint.identification.algorithm = https
	ssl.engine.factory.class = null
	ssl.key.password = null
	ssl.keymanager.algorithm = SunX509
	ssl.keystore.certificate.chain = null
	ssl.keystore.key = null
	ssl.keystore.location = null
	ssl.keystore.password = null
	ssl.keystore.type = JKS
	ssl.protocol = TLSv1.3
	ssl.provider = null
	ssl.secure.random.implementation = null
	ssl.trustmanager.algorithm = PKIX
	ssl.truststore.certificates = null
	ssl.truststore.location = null
	ssl.truststore.password = null
	ssl.truststore.type = JKS

2026-04-01 19:44:43 [restartedMain] INFO  org.apache.kafka.common.utils.AppInfoParser - Kafka version: 3.7.1
2026-04-01 19:44:43 [restartedMain] INFO  org.apache.kafka.common.utils.AppInfoParser - Kafka commitId: e2494e6ffb89f828
2026-04-01 19:44:43 [restartedMain] INFO  org.apache.kafka.common.utils.AppInfoParser - Kafka startTimeMs: 1775052883245
2026-04-01 19:44:43 [kafka-admin-client-thread | gyan-admin-3] INFO  org.apache.kafka.common.utils.AppInfoParser - App info kafka.admin.client for gyan-admin-3 unregistered
2026-04-01 19:44:43 [kafka-admin-client-thread | gyan-admin-3] INFO  org.apache.kafka.common.metrics.Metrics - Metrics scheduler closed
2026-04-01 19:44:43 [kafka-admin-client-thread | gyan-admin-3] INFO  org.apache.kafka.common.metrics.Metrics - Closing reporter org.apache.kafka.common.metrics.JmxReporter
2026-04-01 19:44:43 [kafka-admin-client-thread | gyan-admin-3] INFO  org.apache.kafka.common.metrics.Metrics - Metrics reporters closed
2026-04-01 19:44:43 [restartedMain] INFO  org.apache.coyote.http11.Http11NioProtocol - Starting ProtocolHandler ["http-nio-8080"]
2026-04-01 19:44:43 [restartedMain] INFO  org.springframework.boot.web.embedded.tomcat.TomcatWebServer - Tomcat started on port 8080 (http) with context path '/'
2026-04-01 19:44:43 [restartedMain] INFO  org.apache.kafka.clients.consumer.ConsumerConfig - ConsumerConfig values: 
	allow.auto.create.topics = true
	auto.commit.interval.ms = 5000
	auto.include.jmx.reporter = true
	auto.offset.reset = earliest
	bootstrap.servers = [localhost:9092]
	check.crcs = true
	client.dns.lookup = use_all_dns_ips
	client.id = consumer-document-workers-4
	client.rack = 
	connections.max.idle.ms = 540000
	default.api.timeout.ms = 60000
	enable.auto.commit = false
	enable.metrics.push = true
	exclude.internal.topics = true
	fetch.max.bytes = 52428800
	fetch.max.wait.ms = 500
	fetch.min.bytes = 1
	group.id = document-workers
	group.instance.id = null
	group.protocol = classic
	group.remote.assignor = null
	heartbeat.interval.ms = 3000
	interceptor.classes = []
	internal.leave.group.on.close = true
	internal.throw.on.fetch.stable.offset.unsupported = false
	isolation.level = read_uncommitted
	key.deserializer = class org.apache.kafka.common.serialization.StringDeserializer
	max.partition.fetch.bytes = 1048576
	max.poll.interval.ms = 300000
	max.poll.records = 500
	metadata.max.age.ms = 300000
	metric.reporters = []
	metrics.num.samples = 2
	metrics.recording.level = INFO
	metrics.sample.window.ms = 30000
	partition.assignment.strategy = [class org.apache.kafka.clients.consumer.RangeAssignor, class org.apache.kafka.clients.consumer.CooperativeStickyAssignor]
	receive.buffer.bytes = 65536
	reconnect.backoff.max.ms = 1000
	reconnect.backoff.ms = 50
	request.timeout.ms = 30000
	retry.backoff.max.ms = 1000
	retry.backoff.ms = 100
	sasl.client.callback.handler.class = null
	sasl.jaas.config = null
	sasl.kerberos.kinit.cmd = /usr/bin/kinit
	sasl.kerberos.min.time.before.relogin = 60000
	sasl.kerberos.service.name = null
	sasl.kerberos.ticket.renew.jitter = 0.05
	sasl.kerberos.ticket.renew.window.factor = 0.8
	sasl.login.callback.handler.class = null
	sasl.login.class = null
	sasl.login.connect.timeout.ms = null
	sasl.login.read.timeout.ms = null
	sasl.login.refresh.buffer.seconds = 300
	sasl.login.refresh.min.period.seconds = 60
	sasl.login.refresh.window.factor = 0.8
	sasl.login.refresh.window.jitter = 0.05
	sasl.login.retry.backoff.max.ms = 10000
	sasl.login.retry.backoff.ms = 100
	sasl.mechanism = GSSAPI
	sasl.oauthbearer.clock.skew.seconds = 30
	sasl.oauthbearer.expected.audience = null
	sasl.oauthbearer.expected.issuer = null
	sasl.oauthbearer.jwks.endpoint.refresh.ms = 3600000
	sasl.oauthbearer.jwks.endpoint.retry.backoff.max.ms = 10000
	sasl.oauthbearer.jwks.endpoint.retry.backoff.ms = 100
	sasl.oauthbearer.jwks.endpoint.url = null
	sasl.oauthbearer.scope.claim.name = scope
	sasl.oauthbearer.sub.claim.name = sub
	sasl.oauthbearer.token.endpoint.url = null
	security.protocol = PLAINTEXT
	security.providers = null
	send.buffer.bytes = 131072
	session.timeout.ms = 45000
	socket.connection.setup.timeout.max.ms = 30000
	socket.connection.setup.timeout.ms = 10000
	ssl.cipher.suites = null
	ssl.enabled.protocols = [TLSv1.2, TLSv1.3]
	ssl.endpoint.identification.algorithm = https
	ssl.engine.factory.class = null
	ssl.key.password = null
	ssl.keymanager.algorithm = SunX509
	ssl.keystore.certificate.chain = null
	ssl.keystore.key = null
	ssl.keystore.location = null
	ssl.keystore.password = null
	ssl.keystore.type = JKS
	ssl.protocol = TLSv1.3
	ssl.provider = null
	ssl.secure.random.implementation = null
	ssl.trustmanager.algorithm = PKIX
	ssl.truststore.certificates = null
	ssl.truststore.location = null
	ssl.truststore.password = null
	ssl.truststore.type = JKS
	value.deserializer = class org.springframework.kafka.support.serializer.JsonDeserializer

2026-04-01 19:44:43 [restartedMain] INFO  org.apache.kafka.common.telemetry.internals.KafkaMetricsCollector - initializing Kafka metrics collector
2026-04-01 19:44:43 [restartedMain] INFO  org.apache.kafka.common.utils.AppInfoParser - Kafka version: 3.7.1
2026-04-01 19:44:43 [restartedMain] INFO  org.apache.kafka.common.utils.AppInfoParser - Kafka commitId: e2494e6ffb89f828
2026-04-01 19:44:43 [restartedMain] INFO  org.apache.kafka.common.utils.AppInfoParser - Kafka startTimeMs: 1775052883472
2026-04-01 19:44:43 [restartedMain] INFO  org.apache.kafka.clients.consumer.internals.LegacyKafkaConsumer - [Consumer clientId=consumer-document-workers-4, groupId=document-workers] Subscribed to topic(s): document-uploaded
2026-04-01 19:44:43 [restartedMain] INFO  com.gyan.GyanApplication - Started GyanApplication in 2.373 seconds (process running for 3390.251)
2026-04-01 19:44:43 [restartedMain] INFO  org.springframework.boot.devtools.autoconfigure.ConditionEvaluationDeltaLoggingListener - Condition evaluation unchanged
2026-04-01 19:44:43 [org.springframework.kafka.KafkaListenerEndpointContainer#0-0-C-1] INFO  org.apache.kafka.clients.Metadata - [Consumer clientId=consumer-document-workers-4, groupId=document-workers] Cluster ID: phIC6OCuTGem87Ywbqq44Q
2026-04-01 19:44:43 [org.springframework.kafka.KafkaListenerEndpointContainer#0-0-C-1] INFO  org.apache.kafka.clients.consumer.internals.ConsumerCoordinator - [Consumer clientId=consumer-document-workers-4, groupId=document-workers] Discovered group coordinator localhost:9092 (id: 2147483646 rack: null)
2026-04-01 19:44:43 [org.springframework.kafka.KafkaListenerEndpointContainer#0-0-C-1] INFO  org.apache.kafka.clients.consumer.internals.ConsumerCoordinator - [Consumer clientId=consumer-document-workers-4, groupId=document-workers] (Re-)joining group
2026-04-01 19:44:43 [org.springframework.kafka.KafkaListenerEndpointContainer#0-0-C-1] INFO  org.apache.kafka.clients.consumer.internals.ConsumerCoordinator - [Consumer clientId=consumer-document-workers-4, groupId=document-workers] Request joining group due to: need to re-join with the given member-id: consumer-document-workers-4-b8fed9a0-a7f8-41be-af82-b126109df5df
2026-04-01 19:44:43 [org.springframework.kafka.KafkaListenerEndpointContainer#0-0-C-1] INFO  org.apache.kafka.clients.consumer.internals.ConsumerCoordinator - [Consumer clientId=consumer-document-workers-4, groupId=document-workers] (Re-)joining group
2026-04-01 19:44:45 [File Watcher] INFO  org.springframework.boot.devtools.autoconfigure.LocalDevToolsAutoConfiguration$RestartingClassPathChangeChangedEventListener - Restarting due to 62 class path changes (0 additions, 2 deletions, 60 modifications)
2026-04-01 19:44:45 [org.springframework.kafka.KafkaListenerEndpointContainer#0-0-C-1] INFO  org.apache.kafka.clients.consumer.internals.ConsumerCoordinator - [Consumer clientId=consumer-document-workers-4, groupId=document-workers] Member consumer-document-workers-4-b8fed9a0-a7f8-41be-af82-b126109df5df sending LeaveGroup request to coordinator localhost:9092 (id: 2147483646 rack: null) due to the consumer unsubscribed from all topics
2026-04-01 19:44:45 [org.springframework.kafka.KafkaListenerEndpointContainer#0-0-C-1] INFO  org.apache.kafka.clients.consumer.internals.ConsumerCoordinator - [Consumer clientId=consumer-document-workers-4, groupId=document-workers] Resetting generation and member id due to: consumer pro-actively leaving the group
2026-04-01 19:44:45 [org.springframework.kafka.KafkaListenerEndpointContainer#0-0-C-1] INFO  org.apache.kafka.clients.consumer.internals.ConsumerCoordinator - [Consumer clientId=consumer-document-workers-4, groupId=document-workers] Request joining group due to: consumer pro-actively leaving the group
2026-04-01 19:44:45 [org.springframework.kafka.KafkaListenerEndpointContainer#0-0-C-1] INFO  org.apache.kafka.clients.consumer.internals.LegacyKafkaConsumer - [Consumer clientId=consumer-document-workers-4, groupId=document-workers] Unsubscribed all topics or patterns and assigned partitions
2026-04-01 19:44:45 [org.springframework.kafka.KafkaListenerEndpointContainer#0-0-C-1] INFO  org.apache.kafka.clients.consumer.internals.ConsumerCoordinator - [Consumer clientId=consumer-document-workers-4, groupId=document-workers] Resetting generation and member id due to: consumer pro-actively leaving the group
2026-04-01 19:44:45 [org.springframework.kafka.KafkaListenerEndpointContainer#0-0-C-1] INFO  org.apache.kafka.clients.consumer.internals.ConsumerCoordinator - [Consumer clientId=consumer-document-workers-4, groupId=document-workers] Request joining group due to: consumer pro-actively leaving the group
2026-04-01 19:44:46 [org.springframework.kafka.KafkaListenerEndpointContainer#0-0-C-1] INFO  org.apache.kafka.common.metrics.Metrics - Metrics scheduler closed
2026-04-01 19:44:46 [org.springframework.kafka.KafkaListenerEndpointContainer#0-0-C-1] INFO  org.apache.kafka.common.metrics.Metrics - Closing reporter org.apache.kafka.common.metrics.JmxReporter
2026-04-01 19:44:46 [org.springframework.kafka.KafkaListenerEndpointContainer#0-0-C-1] INFO  org.apache.kafka.common.metrics.Metrics - Closing reporter org.apache.kafka.common.telemetry.internals.ClientTelemetryReporter
2026-04-01 19:44:46 [org.springframework.kafka.KafkaListenerEndpointContainer#0-0-C-1] INFO  org.apache.kafka.common.metrics.Metrics - Metrics reporters closed
2026-04-01 19:44:46 [org.springframework.kafka.KafkaListenerEndpointContainer#0-0-C-1] INFO  org.apache.kafka.common.utils.AppInfoParser - App info kafka.consumer for consumer-document-workers-4 unregistered
2026-04-01 19:44:46 [org.springframework.kafka.KafkaListenerEndpointContainer#0-0-C-1] INFO  org.springframework.kafka.listener.KafkaMessageListenerContainer - document-workers: Consumer stopped
2026-04-01 19:44:46 [Thread-20] INFO  org.apache.coyote.http11.Http11NioProtocol - Stopping ProtocolHandler ["http-nio-8080"]
2026-04-01 19:44:46 [Thread-20] INFO  org.springframework.orm.jpa.LocalContainerEntityManagerFactoryBean - Closing JPA EntityManagerFactory for persistence unit 'default'
2026-04-01 19:44:46 [Thread-20] INFO  com.zaxxer.hikari.HikariDataSource - HikariPool-6 - Shutdown initiated...
2026-04-01 19:44:46 [Thread-20] INFO  com.zaxxer.hikari.HikariDataSource - HikariPool-6 - Shutdown completed.
2026-04-01 19:44:46 [restartedMain] INFO  com.gyan.GyanApplication - Starting GyanApplication using Java 21.0.8 with PID 3608 (C:\Users\manjk\OneDrive\Desktop\Discipline\gyan\backend\target\classes started by manjk in C:\Users\manjk\OneDrive\Desktop\Discipline\gyan\backend)
2026-04-01 19:44:46 [restartedMain] INFO  com.gyan.GyanApplication - No active profile set, falling back to 1 default profile: "default"
2026-04-01 19:44:47 [restartedMain] INFO  org.springframework.data.repository.config.RepositoryConfigurationDelegate - Multiple Spring Data modules found, entering strict repository configuration mode
2026-04-01 19:44:47 [restartedMain] INFO  org.springframework.data.repository.config.RepositoryConfigurationDelegate - Bootstrapping Spring Data Elasticsearch repositories in DEFAULT mode.
2026-04-01 19:44:47 [restartedMain] INFO  org.springframework.data.repository.config.RepositoryConfigurationExtensionSupport - Spring Data Elasticsearch - Could not safely identify store assignment for repository candidate interface com.gyan.repository.ChatRepository; If you want this repository to be a Elasticsearch repository, consider annotating your entities with one of these annotations: org.springframework.data.elasticsearch.annotations.Document (preferred), or consider extending one of the following types with your repository: org.springframework.data.elasticsearch.repository.ElasticsearchRepository
2026-04-01 19:44:47 [restartedMain] INFO  org.springframework.data.repository.config.RepositoryConfigurationExtensionSupport - Spring Data Elasticsearch - Could not safely identify store assignment for repository candidate interface com.gyan.repository.DocumentChunkRepository; If you want this repository to be a Elasticsearch repository, consider annotating your entities with one of these annotations: org.springframework.data.elasticsearch.annotations.Document (preferred), or consider extending one of the following types with your repository: org.springframework.data.elasticsearch.repository.ElasticsearchRepository
2026-04-01 19:44:47 [restartedMain] INFO  org.springframework.data.repository.config.RepositoryConfigurationExtensionSupport - Spring Data Elasticsearch - Could not safely identify store assignment for repository candidate interface com.gyan.repository.DocumentRepository; If you want this repository to be a Elasticsearch repository, consider annotating your entities with one of these annotations: org.springframework.data.elasticsearch.annotations.Document (preferred), or consider extending one of the following types with your repository: org.springframework.data.elasticsearch.repository.ElasticsearchRepository
2026-04-01 19:44:47 [restartedMain] INFO  org.springframework.data.repository.config.RepositoryConfigurationExtensionSupport - Spring Data Elasticsearch - Could not safely identify store assignment for repository candidate interface com.gyan.repository.UserRepository; If you want this repository to be a Elasticsearch repository, consider annotating your entities with one of these annotations: org.springframework.data.elasticsearch.annotations.Document (preferred), or consider extending one of the following types with your repository: org.springframework.data.elasticsearch.repository.ElasticsearchRepository
2026-04-01 19:44:47 [restartedMain] INFO  org.springframework.data.repository.config.RepositoryConfigurationDelegate - Finished Spring Data repository scanning in 43 ms. Found 1 Elasticsearch repository interface.
2026-04-01 19:44:47 [restartedMain] INFO  org.springframework.data.repository.config.RepositoryConfigurationDelegate - Multiple Spring Data modules found, entering strict repository configuration mode
2026-04-01 19:44:47 [restartedMain] INFO  org.springframework.data.repository.config.RepositoryConfigurationDelegate - Bootstrapping Spring Data JPA repositories in DEFAULT mode.
2026-04-01 19:44:47 [restartedMain] INFO  org.springframework.data.repository.config.RepositoryConfigurationExtensionSupport - Spring Data JPA - Could not safely identify store assignment for repository candidate interface com.gyan.repository.DocumentSearchRepository; If you want this repository to be a JPA repository, consider annotating your entities with one of these annotations: jakarta.persistence.Entity, jakarta.persistence.MappedSuperclass (preferred), or consider extending one of the following types with your repository: org.springframework.data.jpa.repository.JpaRepository
2026-04-01 19:44:47 [restartedMain] INFO  org.springframework.data.repository.config.RepositoryConfigurationDelegate - Finished Spring Data repository scanning in 33 ms. Found 4 JPA repository interfaces.
2026-04-01 19:44:47 [restartedMain] INFO  org.springframework.boot.web.embedded.tomcat.TomcatWebServer - Tomcat initialized with port 8080 (http)
2026-04-01 19:44:47 [restartedMain] INFO  org.apache.coyote.http11.Http11NioProtocol - Initializing ProtocolHandler ["http-nio-8080"]
2026-04-01 19:44:47 [restartedMain] INFO  org.apache.catalina.core.StandardService - Starting service [Tomcat]
2026-04-01 19:44:47 [restartedMain] INFO  org.apache.catalina.core.StandardEngine - Starting Servlet engine: [Apache Tomcat/10.1.31]
2026-04-01 19:44:47 [restartedMain] INFO  org.apache.catalina.core.ContainerBase.[Tomcat-1].[localhost].[/] - Initializing Spring embedded WebApplicationContext
2026-04-01 19:44:47 [restartedMain] INFO  org.springframework.boot.web.servlet.context.ServletWebServerApplicationContext - Root WebApplicationContext: initialization completed in 747 ms
2026-04-01 19:44:47 [restartedMain] INFO  org.hibernate.jpa.internal.util.LogHelper - HHH000204: Processing PersistenceUnitInfo [name: default]
2026-04-01 19:44:47 [restartedMain] INFO  org.hibernate.cache.internal.RegionFactoryInitiator - HHH000026: Second-level cache disabled
2026-04-01 19:44:47 [restartedMain] INFO  org.springframework.orm.jpa.persistenceunit.SpringPersistenceUnitInfo - No LoadTimeWeaver setup: ignoring JPA class transformer
2026-04-01 19:44:47 [restartedMain] INFO  com.zaxxer.hikari.HikariDataSource - HikariPool-7 - Starting...
2026-04-01 19:44:47 [restartedMain] INFO  com.zaxxer.hikari.pool.HikariPool - HikariPool-7 - Added connection org.postgresql.jdbc.PgConnection@54b86de1
2026-04-01 19:44:47 [restartedMain] INFO  com.zaxxer.hikari.HikariDataSource - HikariPool-7 - Start completed.
2026-04-01 19:44:47 [restartedMain] WARN  org.hibernate.orm.deprecation - HHH90000025: PostgreSQLDialect does not need to be specified explicitly using 'hibernate.dialect' (remove the property setting and it will be selected by default)
2026-04-01 19:44:47 [restartedMain] INFO  org.hibernate.engine.transaction.jta.platform.internal.JtaPlatformInitiator - HHH000489: No JTA platform available (set 'hibernate.transaction.jta.platform' to enable JTA platform integration)
2026-04-01 19:44:47 [restartedMain] INFO  org.springframework.orm.jpa.LocalContainerEntityManagerFactoryBean - Initialized JPA EntityManagerFactory for persistence unit 'default'
2026-04-01 19:44:47 [restartedMain] INFO  org.springframework.boot.devtools.autoconfigure.OptionalLiveReloadServer - LiveReload server is running on port 35729
2026-04-01 19:44:48 [restartedMain] WARN  org.springframework.boot.autoconfigure.orm.jpa.JpaBaseConfiguration$JpaWebConfiguration - spring.jpa.open-in-view is enabled by default. Therefore, database queries may be performed during view rendering. Explicitly configure spring.jpa.open-in-view to disable this warning
2026-04-01 19:44:48 [restartedMain] WARN  org.springframework.boot.autoconfigure.security.servlet.UserDetailsServiceAutoConfiguration - 

Using generated security password: 47c770e1-1dda-4a90-a112-9052a9e75e6f

This generated password is for development use only. Your security configuration must be updated before running your application in production.

2026-04-01 19:44:48 [restartedMain] INFO  org.springframework.security.config.annotation.authentication.configuration.InitializeUserDetailsBeanManagerConfigurer$InitializeUserDetailsManagerConfigurer - Global AuthenticationManager configured with UserDetailsService bean with name inMemoryUserDetailsManager
2026-04-01 19:44:48 [restartedMain] INFO  org.apache.kafka.clients.admin.AdminClientConfig - AdminClientConfig values: 
	auto.include.jmx.reporter = true
	bootstrap.controllers = []
	bootstrap.servers = [localhost:9092]
	client.dns.lookup = use_all_dns_ips
	client.id = gyan-admin-4
	connections.max.idle.ms = 300000
	default.api.timeout.ms = 60000
	enable.metrics.push = true
	metadata.max.age.ms = 300000
	metric.reporters = []
	metrics.num.samples = 2
	metrics.recording.level = INFO
	metrics.sample.window.ms = 30000
	receive.buffer.bytes = 65536
	reconnect.backoff.max.ms = 1000
	reconnect.backoff.ms = 50
	request.timeout.ms = 30000
	retries = 2147483647
	retry.backoff.max.ms = 1000
	retry.backoff.ms = 100
	sasl.client.callback.handler.class = null
	sasl.jaas.config = null
	sasl.kerberos.kinit.cmd = /usr/bin/kinit
	sasl.kerberos.min.time.before.relogin = 60000
	sasl.kerberos.service.name = null
	sasl.kerberos.ticket.renew.jitter = 0.05
	sasl.kerberos.ticket.renew.window.factor = 0.8
	sasl.login.callback.handler.class = null
	sasl.login.class = null
	sasl.login.connect.timeout.ms = null
	sasl.login.read.timeout.ms = null
	sasl.login.refresh.buffer.seconds = 300
	sasl.login.refresh.min.period.seconds = 60
	sasl.login.refresh.window.factor = 0.8
	sasl.login.refresh.window.jitter = 0.05
	sasl.login.retry.backoff.max.ms = 10000
	sasl.login.retry.backoff.ms = 100
	sasl.mechanism = GSSAPI
	sasl.oauthbearer.clock.skew.seconds = 30
	sasl.oauthbearer.expected.audience = null
	sasl.oauthbearer.expected.issuer = null
	sasl.oauthbearer.jwks.endpoint.refresh.ms = 3600000
	sasl.oauthbearer.jwks.endpoint.retry.backoff.max.ms = 10000
	sasl.oauthbearer.jwks.endpoint.retry.backoff.ms = 100
	sasl.oauthbearer.jwks.endpoint.url = null
	sasl.oauthbearer.scope.claim.name = scope
	sasl.oauthbearer.sub.claim.name = sub
	sasl.oauthbearer.token.endpoint.url = null
	security.protocol = PLAINTEXT
	security.providers = null
	send.buffer.bytes = 131072
	socket.connection.setup.timeout.max.ms = 30000
	socket.connection.setup.timeout.ms = 10000
	ssl.cipher.suites = null
	ssl.enabled.protocols = [TLSv1.2, TLSv1.3]
	ssl.endpoint.identification.algorithm = https
	ssl.engine.factory.class = null
	ssl.key.password = null
	ssl.keymanager.algorithm = SunX509
	ssl.keystore.certificate.chain = null
	ssl.keystore.key = null
	ssl.keystore.location = null
	ssl.keystore.password = null
	ssl.keystore.type = JKS
	ssl.protocol = TLSv1.3
	ssl.provider = null
	ssl.secure.random.implementation = null
	ssl.trustmanager.algorithm = PKIX
	ssl.truststore.certificates = null
	ssl.truststore.location = null
	ssl.truststore.password = null
	ssl.truststore.type = JKS

2026-04-01 19:44:48 [restartedMain] INFO  org.apache.kafka.common.utils.AppInfoParser - Kafka version: 3.7.1
2026-04-01 19:44:48 [restartedMain] INFO  org.apache.kafka.common.utils.AppInfoParser - Kafka commitId: e2494e6ffb89f828
2026-04-01 19:44:48 [restartedMain] INFO  org.apache.kafka.common.utils.AppInfoParser - Kafka startTimeMs: 1775052888353
2026-04-01 19:44:48 [kafka-admin-client-thread | gyan-admin-4] INFO  org.apache.kafka.common.utils.AppInfoParser - App info kafka.admin.client for gyan-admin-4 unregistered
2026-04-01 19:44:48 [kafka-admin-client-thread | gyan-admin-4] INFO  org.apache.kafka.common.metrics.Metrics - Metrics scheduler closed
2026-04-01 19:44:48 [kafka-admin-client-thread | gyan-admin-4] INFO  org.apache.kafka.common.metrics.Metrics - Closing reporter org.apache.kafka.common.metrics.JmxReporter
2026-04-01 19:44:48 [kafka-admin-client-thread | gyan-admin-4] INFO  org.apache.kafka.common.metrics.Metrics - Metrics reporters closed
2026-04-01 19:44:48 [restartedMain] INFO  org.apache.coyote.http11.Http11NioProtocol - Starting ProtocolHandler ["http-nio-8080"]
2026-04-01 19:44:48 [restartedMain] INFO  org.springframework.boot.web.embedded.tomcat.TomcatWebServer - Tomcat started on port 8080 (http) with context path '/'
2026-04-01 19:44:48 [restartedMain] INFO  org.apache.kafka.clients.consumer.ConsumerConfig - ConsumerConfig values: 
	allow.auto.create.topics = true
	auto.commit.interval.ms = 5000
	auto.include.jmx.reporter = true
	auto.offset.reset = earliest
	bootstrap.servers = [localhost:9092]
	check.crcs = true
	client.dns.lookup = use_all_dns_ips
	client.id = consumer-document-workers-5
	client.rack = 
	connections.max.idle.ms = 540000
	default.api.timeout.ms = 60000
	enable.auto.commit = false
	enable.metrics.push = true
	exclude.internal.topics = true
	fetch.max.bytes = 52428800
	fetch.max.wait.ms = 500
	fetch.min.bytes = 1
	group.id = document-workers
	group.instance.id = null
	group.protocol = classic
	group.remote.assignor = null
	heartbeat.interval.ms = 3000
	interceptor.classes = []
	internal.leave.group.on.close = true
	internal.throw.on.fetch.stable.offset.unsupported = false
	isolation.level = read_uncommitted
	key.deserializer = class org.apache.kafka.common.serialization.StringDeserializer
	max.partition.fetch.bytes = 1048576
	max.poll.interval.ms = 300000
	max.poll.records = 500
	metadata.max.age.ms = 300000
	metric.reporters = []
	metrics.num.samples = 2
	metrics.recording.level = INFO
	metrics.sample.window.ms = 30000
	partition.assignment.strategy = [class org.apache.kafka.clients.consumer.RangeAssignor, class org.apache.kafka.clients.consumer.CooperativeStickyAssignor]
	receive.buffer.bytes = 65536
	reconnect.backoff.max.ms = 1000
	reconnect.backoff.ms = 50
	request.timeout.ms = 30000
	retry.backoff.max.ms = 1000
	retry.backoff.ms = 100
	sasl.client.callback.handler.class = null
	sasl.jaas.config = null
	sasl.kerberos.kinit.cmd = /usr/bin/kinit
	sasl.kerberos.min.time.before.relogin = 60000
	sasl.kerberos.service.name = null
	sasl.kerberos.ticket.renew.jitter = 0.05
	sasl.kerberos.ticket.renew.window.factor = 0.8
	sasl.login.callback.handler.class = null
	sasl.login.class = null
	sasl.login.connect.timeout.ms = null
	sasl.login.read.timeout.ms = null
	sasl.login.refresh.buffer.seconds = 300
	sasl.login.refresh.min.period.seconds = 60
	sasl.login.refresh.window.factor = 0.8
	sasl.login.refresh.window.jitter = 0.05
	sasl.login.retry.backoff.max.ms = 10000
	sasl.login.retry.backoff.ms = 100
	sasl.mechanism = GSSAPI
	sasl.oauthbearer.clock.skew.seconds = 30
	sasl.oauthbearer.expected.audience = null
	sasl.oauthbearer.expected.issuer = null
	sasl.oauthbearer.jwks.endpoint.refresh.ms = 3600000
	sasl.oauthbearer.jwks.endpoint.retry.backoff.max.ms = 10000
	sasl.oauthbearer.jwks.endpoint.retry.backoff.ms = 100
	sasl.oauthbearer.jwks.endpoint.url = null
	sasl.oauthbearer.scope.claim.name = scope
	sasl.oauthbearer.sub.claim.name = sub
	sasl.oauthbearer.token.endpoint.url = null
	security.protocol = PLAINTEXT
	security.providers = null
	send.buffer.bytes = 131072
	session.timeout.ms = 45000
	socket.connection.setup.timeout.max.ms = 30000
	socket.connection.setup.timeout.ms = 10000
	ssl.cipher.suites = null
	ssl.enabled.protocols = [TLSv1.2, TLSv1.3]
	ssl.endpoint.identification.algorithm = https
	ssl.engine.factory.class = null
	ssl.key.password = null
	ssl.keymanager.algorithm = SunX509
	ssl.keystore.certificate.chain = null
	ssl.keystore.key = null
	ssl.keystore.location = null
	ssl.keystore.password = null
	ssl.keystore.type = JKS
	ssl.protocol = TLSv1.3
	ssl.provider = null
	ssl.secure.random.implementation = null
	ssl.trustmanager.algorithm = PKIX
	ssl.truststore.certificates = null
	ssl.truststore.location = null
	ssl.truststore.password = null
	ssl.truststore.type = JKS
	value.deserializer = class org.springframework.kafka.support.serializer.JsonDeserializer

2026-04-01 19:44:48 [restartedMain] INFO  org.apache.kafka.common.telemetry.internals.KafkaMetricsCollector - initializing Kafka metrics collector
2026-04-01 19:44:48 [restartedMain] INFO  org.apache.kafka.common.utils.AppInfoParser - Kafka version: 3.7.1
2026-04-01 19:44:48 [restartedMain] INFO  org.apache.kafka.common.utils.AppInfoParser - Kafka commitId: e2494e6ffb89f828
2026-04-01 19:44:48 [restartedMain] INFO  org.apache.kafka.common.utils.AppInfoParser - Kafka startTimeMs: 1775052888392
2026-04-01 19:44:48 [restartedMain] INFO  org.apache.kafka.clients.consumer.internals.LegacyKafkaConsumer - [Consumer clientId=consumer-document-workers-5, groupId=document-workers] Subscribed to topic(s): document-uploaded
2026-04-01 19:44:48 [restartedMain] INFO  com.gyan.GyanApplication - Started GyanApplication in 1.749 seconds (process running for 3395.171)
2026-04-01 19:44:48 [restartedMain] INFO  org.springframework.boot.devtools.autoconfigure.ConditionEvaluationDeltaLoggingListener - Condition evaluation unchanged
2026-04-01 19:44:48 [org.springframework.kafka.KafkaListenerEndpointContainer#0-0-C-1] INFO  org.apache.kafka.clients.Metadata - [Consumer clientId=consumer-document-workers-5, groupId=document-workers] Cluster ID: phIC6OCuTGem87Ywbqq44Q
2026-04-01 19:44:48 [org.springframework.kafka.KafkaListenerEndpointContainer#0-0-C-1] INFO  org.apache.kafka.clients.consumer.internals.ConsumerCoordinator - [Consumer clientId=consumer-document-workers-5, groupId=document-workers] Discovered group coordinator localhost:9092 (id: 2147483646 rack: null)
2026-04-01 19:44:48 [org.springframework.kafka.KafkaListenerEndpointContainer#0-0-C-1] INFO  org.apache.kafka.clients.consumer.internals.ConsumerCoordinator - [Consumer clientId=consumer-document-workers-5, groupId=document-workers] (Re-)joining group
2026-04-01 19:44:48 [org.springframework.kafka.KafkaListenerEndpointContainer#0-0-C-1] INFO  org.apache.kafka.clients.consumer.internals.ConsumerCoordinator - [Consumer clientId=consumer-document-workers-5, groupId=document-workers] Request joining group due to: need to re-join with the given member-id: consumer-document-workers-5-bcb63652-4bf9-4987-838a-e29005a56529
2026-04-01 19:44:48 [org.springframework.kafka.KafkaListenerEndpointContainer#0-0-C-1] INFO  org.apache.kafka.clients.consumer.internals.ConsumerCoordinator - [Consumer clientId=consumer-document-workers-5, groupId=document-workers] (Re-)joining group
2026-04-01 19:44:51 [org.springframework.kafka.KafkaListenerEndpointContainer#0-0-C-1] INFO  org.apache.kafka.clients.consumer.internals.ConsumerCoordinator - [Consumer clientId=consumer-document-workers-5, groupId=document-workers] Successfully joined group with generation Generation{generationId=14, memberId='consumer-document-workers-5-bcb63652-4bf9-4987-838a-e29005a56529', protocol='range'}
2026-04-01 19:44:51 [org.springframework.kafka.KafkaListenerEndpointContainer#0-0-C-1] INFO  org.apache.kafka.clients.consumer.internals.ConsumerCoordinator - [Consumer clientId=consumer-document-workers-5, groupId=document-workers] Finished assignment for group at generation 14: {consumer-document-workers-5-bcb63652-4bf9-4987-838a-e29005a56529=Assignment(partitions=[document-uploaded-0, document-uploaded-1, document-uploaded-2])}
2026-04-01 19:44:51 [org.springframework.kafka.KafkaListenerEndpointContainer#0-0-C-1] INFO  org.apache.kafka.clients.consumer.internals.ConsumerCoordinator - [Consumer clientId=consumer-document-workers-5, groupId=document-workers] Successfully synced group in generation Generation{generationId=14, memberId='consumer-document-workers-5-bcb63652-4bf9-4987-838a-e29005a56529', protocol='range'}
2026-04-01 19:44:51 [org.springframework.kafka.KafkaListenerEndpointContainer#0-0-C-1] INFO  org.apache.kafka.clients.consumer.internals.ConsumerCoordinator - [Consumer clientId=consumer-document-workers-5, groupId=document-workers] Notifying assignor about the new Assignment(partitions=[document-uploaded-0, document-uploaded-1, document-uploaded-2])
2026-04-01 19:44:51 [org.springframework.kafka.KafkaListenerEndpointContainer#0-0-C-1] INFO  org.apache.kafka.clients.consumer.internals.ConsumerRebalanceListenerInvoker - [Consumer clientId=consumer-document-workers-5, groupId=document-workers] Adding newly assigned partitions: document-uploaded-0, document-uploaded-1, document-uploaded-2
2026-04-01 19:44:51 [org.springframework.kafka.KafkaListenerEndpointContainer#0-0-C-1] INFO  org.apache.kafka.clients.consumer.internals.ConsumerCoordinator - [Consumer clientId=consumer-document-workers-5, groupId=document-workers] Found no committed offset for partition document-uploaded-2
2026-04-01 19:44:51 [org.springframework.kafka.KafkaListenerEndpointContainer#0-0-C-1] INFO  org.apache.kafka.clients.consumer.internals.ConsumerCoordinator - [Consumer clientId=consumer-document-workers-5, groupId=document-workers] Found no committed offset for partition document-uploaded-1
2026-04-01 19:44:51 [org.springframework.kafka.KafkaListenerEndpointContainer#0-0-C-1] INFO  org.apache.kafka.clients.consumer.internals.ConsumerUtils - Setting offset for partition document-uploaded-0 to the committed offset FetchPosition{offset=3, offsetEpoch=Optional.empty, currentLeader=LeaderAndEpoch{leader=Optional[localhost:9092 (id: 1 rack: null)], epoch=0}}
2026-04-01 19:44:51 [org.springframework.kafka.KafkaListenerEndpointContainer#0-0-C-1] INFO  org.apache.kafka.clients.consumer.internals.SubscriptionState - [Consumer clientId=consumer-document-workers-5, groupId=document-workers] Resetting offset for partition document-uploaded-2 to position FetchPosition{offset=0, offsetEpoch=Optional.empty, currentLeader=LeaderAndEpoch{leader=Optional[localhost:9092 (id: 1 rack: null)], epoch=0}}.
2026-04-01 19:44:51 [org.springframework.kafka.KafkaListenerEndpointContainer#0-0-C-1] INFO  org.apache.kafka.clients.consumer.internals.SubscriptionState - [Consumer clientId=consumer-document-workers-5, groupId=document-workers] Resetting offset for partition document-uploaded-1 to position FetchPosition{offset=0, offsetEpoch=Optional.empty, currentLeader=LeaderAndEpoch{leader=Optional[localhost:9092 (id: 1 rack: null)], epoch=0}}.
2026-04-01 19:44:51 [org.springframework.kafka.KafkaListenerEndpointContainer#0-0-C-1] INFO  org.springframework.kafka.listener.KafkaMessageListenerContainer - document-workers: partitions assigned: [document-uploaded-0, document-uploaded-1, document-uploaded-2]
2026-04-01 19:45:45 [File Watcher] INFO  org.springframework.boot.devtools.autoconfigure.LocalDevToolsAutoConfiguration$RestartingClassPathChangeChangedEventListener - Restarting due to 2 class path changes (0 additions, 0 deletions, 2 modifications)
2026-04-01 19:45:45 [org.springframework.kafka.KafkaListenerEndpointContainer#0-0-C-1] INFO  org.apache.kafka.clients.consumer.internals.ConsumerRebalanceListenerInvoker - [Consumer clientId=consumer-document-workers-5, groupId=document-workers] Revoke previously assigned partitions document-uploaded-0, document-uploaded-1, document-uploaded-2
2026-04-01 19:45:45 [org.springframework.kafka.KafkaListenerEndpointContainer#0-0-C-1] INFO  org.springframework.kafka.listener.KafkaMessageListenerContainer - document-workers: partitions revoked: [document-uploaded-0, document-uploaded-1, document-uploaded-2]
2026-04-01 19:45:45 [org.springframework.kafka.KafkaListenerEndpointContainer#0-0-C-1] INFO  org.apache.kafka.clients.consumer.internals.ConsumerCoordinator - [Consumer clientId=consumer-document-workers-5, groupId=document-workers] Member consumer-document-workers-5-bcb63652-4bf9-4987-838a-e29005a56529 sending LeaveGroup request to coordinator localhost:9092 (id: 2147483646 rack: null) due to the consumer unsubscribed from all topics
2026-04-01 19:45:45 [org.springframework.kafka.KafkaListenerEndpointContainer#0-0-C-1] INFO  org.apache.kafka.clients.consumer.internals.ConsumerCoordinator - [Consumer clientId=consumer-document-workers-5, groupId=document-workers] Resetting generation and member id due to: consumer pro-actively leaving the group
2026-04-01 19:45:45 [org.springframework.kafka.KafkaListenerEndpointContainer#0-0-C-1] INFO  org.apache.kafka.clients.consumer.internals.ConsumerCoordinator - [Consumer clientId=consumer-document-workers-5, groupId=document-workers] Request joining group due to: consumer pro-actively leaving the group
2026-04-01 19:45:45 [org.springframework.kafka.KafkaListenerEndpointContainer#0-0-C-1] INFO  org.apache.kafka.clients.consumer.internals.LegacyKafkaConsumer - [Consumer clientId=consumer-document-workers-5, groupId=document-workers] Unsubscribed all topics or patterns and assigned partitions
2026-04-01 19:45:45 [org.springframework.kafka.KafkaListenerEndpointContainer#0-0-C-1] INFO  org.apache.kafka.clients.consumer.internals.ConsumerCoordinator - [Consumer clientId=consumer-document-workers-5, groupId=document-workers] Resetting generation and member id due to: consumer pro-actively leaving the group
2026-04-01 19:45:45 [org.springframework.kafka.KafkaListenerEndpointContainer#0-0-C-1] INFO  org.apache.kafka.clients.consumer.internals.ConsumerCoordinator - [Consumer clientId=consumer-document-workers-5, groupId=document-workers] Request joining group due to: consumer pro-actively leaving the group
2026-04-01 19:45:45 [org.springframework.kafka.KafkaListenerEndpointContainer#0-0-C-1] INFO  org.apache.kafka.common.metrics.Metrics - Metrics scheduler closed
2026-04-01 19:45:45 [org.springframework.kafka.KafkaListenerEndpointContainer#0-0-C-1] INFO  org.apache.kafka.common.metrics.Metrics - Closing reporter org.apache.kafka.common.metrics.JmxReporter
2026-04-01 19:45:45 [org.springframework.kafka.KafkaListenerEndpointContainer#0-0-C-1] INFO  org.apache.kafka.common.metrics.Metrics - Closing reporter org.apache.kafka.common.telemetry.internals.ClientTelemetryReporter
2026-04-01 19:45:45 [org.springframework.kafka.KafkaListenerEndpointContainer#0-0-C-1] INFO  org.apache.kafka.common.metrics.Metrics - Metrics reporters closed
2026-04-01 19:45:45 [org.springframework.kafka.KafkaListenerEndpointContainer#0-0-C-1] INFO  org.apache.kafka.common.utils.AppInfoParser - App info kafka.consumer for consumer-document-workers-5 unregistered
2026-04-01 19:45:45 [org.springframework.kafka.KafkaListenerEndpointContainer#0-0-C-1] INFO  org.springframework.kafka.listener.KafkaMessageListenerContainer - document-workers: Consumer stopped
2026-04-01 19:45:45 [Thread-27] INFO  org.apache.coyote.http11.Http11NioProtocol - Stopping ProtocolHandler ["http-nio-8080"]
2026-04-01 19:45:45 [Thread-27] INFO  org.springframework.orm.jpa.LocalContainerEntityManagerFactoryBean - Closing JPA EntityManagerFactory for persistence unit 'default'
2026-04-01 19:45:45 [Thread-27] INFO  com.zaxxer.hikari.HikariDataSource - HikariPool-7 - Shutdown initiated...
2026-04-01 19:45:45 [Thread-27] INFO  com.zaxxer.hikari.HikariDataSource - HikariPool-7 - Shutdown completed.
2026-04-01 19:45:45 [restartedMain] INFO  com.gyan.GyanApplication - Starting GyanApplication using Java 21.0.8 with PID 3608 (C:\Users\manjk\OneDrive\Desktop\Discipline\gyan\backend\target\classes started by manjk in C:\Users\manjk\OneDrive\Desktop\Discipline\gyan\backend)
2026-04-01 19:45:45 [restartedMain] INFO  com.gyan.GyanApplication - No active profile set, falling back to 1 default profile: "default"
2026-04-01 19:45:46 [restartedMain] INFO  org.springframework.data.repository.config.RepositoryConfigurationDelegate - Multiple Spring Data modules found, entering strict repository configuration mode
2026-04-01 19:45:46 [restartedMain] INFO  org.springframework.data.repository.config.RepositoryConfigurationDelegate - Bootstrapping Spring Data Elasticsearch repositories in DEFAULT mode.
2026-04-01 19:45:46 [restartedMain] INFO  org.springframework.data.repository.config.RepositoryConfigurationExtensionSupport - Spring Data Elasticsearch - Could not safely identify store assignment for repository candidate interface com.gyan.repository.ChatRepository; If you want this repository to be a Elasticsearch repository, consider annotating your entities with one of these annotations: org.springframework.data.elasticsearch.annotations.Document (preferred), or consider extending one of the following types with your repository: org.springframework.data.elasticsearch.repository.ElasticsearchRepository
2026-04-01 19:45:46 [restartedMain] INFO  org.springframework.data.repository.config.RepositoryConfigurationExtensionSupport - Spring Data Elasticsearch - Could not safely identify store assignment for repository candidate interface com.gyan.repository.DocumentChunkRepository; If you want this repository to be a Elasticsearch repository, consider annotating your entities with one of these annotations: org.springframework.data.elasticsearch.annotations.Document (preferred), or consider extending one of the following types with your repository: org.springframework.data.elasticsearch.repository.ElasticsearchRepository
2026-04-01 19:45:46 [restartedMain] INFO  org.springframework.data.repository.config.RepositoryConfigurationExtensionSupport - Spring Data Elasticsearch - Could not safely identify store assignment for repository candidate interface com.gyan.repository.DocumentRepository; If you want this repository to be a Elasticsearch repository, consider annotating your entities with one of these annotations: org.springframework.data.elasticsearch.annotations.Document (preferred), or consider extending one of the following types with your repository: org.springframework.data.elasticsearch.repository.ElasticsearchRepository
2026-04-01 19:45:46 [restartedMain] INFO  org.springframework.data.repository.config.RepositoryConfigurationExtensionSupport - Spring Data Elasticsearch - Could not safely identify store assignment for repository candidate interface com.gyan.repository.UserRepository; If you want this repository to be a Elasticsearch repository, consider annotating your entities with one of these annotations: org.springframework.data.elasticsearch.annotations.Document (preferred), or consider extending one of the following types with your repository: org.springframework.data.elasticsearch.repository.ElasticsearchRepository
2026-04-01 19:45:46 [restartedMain] INFO  org.springframework.data.repository.config.RepositoryConfigurationDelegate - Finished Spring Data repository scanning in 25 ms. Found 1 Elasticsearch repository interface.
2026-04-01 19:45:46 [restartedMain] INFO  org.springframework.data.repository.config.RepositoryConfigurationDelegate - Multiple Spring Data modules found, entering strict repository configuration mode
2026-04-01 19:45:46 [restartedMain] INFO  org.springframework.data.repository.config.RepositoryConfigurationDelegate - Bootstrapping Spring Data JPA repositories in DEFAULT mode.
2026-04-01 19:45:46 [restartedMain] INFO  org.springframework.data.repository.config.RepositoryConfigurationExtensionSupport - Spring Data JPA - Could not safely identify store assignment for repository candidate interface com.gyan.repository.DocumentSearchRepository; If you want this repository to be a JPA repository, consider annotating your entities with one of these annotations: jakarta.persistence.Entity, jakarta.persistence.MappedSuperclass (preferred), or consider extending one of the following types with your repository: org.springframework.data.jpa.repository.JpaRepository
2026-04-01 19:45:46 [restartedMain] INFO  org.springframework.data.repository.config.RepositoryConfigurationDelegate - Finished Spring Data repository scanning in 22 ms. Found 4 JPA repository interfaces.
2026-04-01 19:45:46 [restartedMain] INFO  org.springframework.boot.web.embedded.tomcat.TomcatWebServer - Tomcat initialized with port 8080 (http)
2026-04-01 19:45:46 [restartedMain] INFO  org.apache.coyote.http11.Http11NioProtocol - Initializing ProtocolHandler ["http-nio-8080"]
2026-04-01 19:45:46 [restartedMain] INFO  org.apache.catalina.core.StandardService - Starting service [Tomcat]
2026-04-01 19:45:46 [restartedMain] INFO  org.apache.catalina.core.StandardEngine - Starting Servlet engine: [Apache Tomcat/10.1.31]
2026-04-01 19:45:46 [restartedMain] INFO  org.apache.catalina.core.ContainerBase.[Tomcat-1].[localhost].[/] - Initializing Spring embedded WebApplicationContext
2026-04-01 19:45:46 [restartedMain] INFO  org.springframework.boot.web.servlet.context.ServletWebServerApplicationContext - Root WebApplicationContext: initialization completed in 562 ms
2026-04-01 19:45:46 [restartedMain] INFO  org.hibernate.jpa.internal.util.LogHelper - HHH000204: Processing PersistenceUnitInfo [name: default]
2026-04-01 19:45:46 [restartedMain] INFO  org.hibernate.cache.internal.RegionFactoryInitiator - HHH000026: Second-level cache disabled
2026-04-01 19:45:46 [restartedMain] INFO  org.springframework.orm.jpa.persistenceunit.SpringPersistenceUnitInfo - No LoadTimeWeaver setup: ignoring JPA class transformer
2026-04-01 19:45:46 [restartedMain] INFO  com.zaxxer.hikari.HikariDataSource - HikariPool-8 - Starting...
2026-04-01 19:45:46 [restartedMain] INFO  com.zaxxer.hikari.pool.HikariPool - HikariPool-8 - Added connection org.postgresql.jdbc.PgConnection@29a4bc9d
2026-04-01 19:45:46 [restartedMain] INFO  com.zaxxer.hikari.HikariDataSource - HikariPool-8 - Start completed.
2026-04-01 19:45:46 [restartedMain] WARN  org.hibernate.orm.deprecation - HHH90000025: PostgreSQLDialect does not need to be specified explicitly using 'hibernate.dialect' (remove the property setting and it will be selected by default)
2026-04-01 19:45:46 [restartedMain] INFO  org.hibernate.engine.transaction.jta.platform.internal.JtaPlatformInitiator - HHH000489: No JTA platform available (set 'hibernate.transaction.jta.platform' to enable JTA platform integration)
2026-04-01 19:45:46 [restartedMain] INFO  org.springframework.orm.jpa.LocalContainerEntityManagerFactoryBean - Initialized JPA EntityManagerFactory for persistence unit 'default'
2026-04-01 19:45:46 [restartedMain] INFO  org.springframework.boot.devtools.autoconfigure.OptionalLiveReloadServer - LiveReload server is running on port 35729
2026-04-01 19:45:47 [restartedMain] WARN  org.springframework.boot.autoconfigure.orm.jpa.JpaBaseConfiguration$JpaWebConfiguration - spring.jpa.open-in-view is enabled by default. Therefore, database queries may be performed during view rendering. Explicitly configure spring.jpa.open-in-view to disable this warning
2026-04-01 19:45:47 [restartedMain] WARN  org.springframework.boot.autoconfigure.security.servlet.UserDetailsServiceAutoConfiguration - 

Using generated security password: 4a3fd23e-08c6-47f8-86de-635967287119

This generated password is for development use only. Your security configuration must be updated before running your application in production.

2026-04-01 19:45:47 [restartedMain] INFO  org.springframework.security.config.annotation.authentication.configuration.InitializeUserDetailsBeanManagerConfigurer$InitializeUserDetailsManagerConfigurer - Global AuthenticationManager configured with UserDetailsService bean with name inMemoryUserDetailsManager
2026-04-01 19:45:47 [restartedMain] INFO  org.apache.kafka.clients.admin.AdminClientConfig - AdminClientConfig values: 
	auto.include.jmx.reporter = true
	bootstrap.controllers = []
	bootstrap.servers = [localhost:9092]
	client.dns.lookup = use_all_dns_ips
	client.id = gyan-admin-5
	connections.max.idle.ms = 300000
	default.api.timeout.ms = 60000
	enable.metrics.push = true
	metadata.max.age.ms = 300000
	metric.reporters = []
	metrics.num.samples = 2
	metrics.recording.level = INFO
	metrics.sample.window.ms = 30000
	receive.buffer.bytes = 65536
	reconnect.backoff.max.ms = 1000
	reconnect.backoff.ms = 50
	request.timeout.ms = 30000
	retries = 2147483647
	retry.backoff.max.ms = 1000
	retry.backoff.ms = 100
	sasl.client.callback.handler.class = null
	sasl.jaas.config = null
	sasl.kerberos.kinit.cmd = /usr/bin/kinit
	sasl.kerberos.min.time.before.relogin = 60000
	sasl.kerberos.service.name = null
	sasl.kerberos.ticket.renew.jitter = 0.05
	sasl.kerberos.ticket.renew.window.factor = 0.8
	sasl.login.callback.handler.class = null
	sasl.login.class = null
	sasl.login.connect.timeout.ms = null
	sasl.login.read.timeout.ms = null
	sasl.login.refresh.buffer.seconds = 300
	sasl.login.refresh.min.period.seconds = 60
	sasl.login.refresh.window.factor = 0.8
	sasl.login.refresh.window.jitter = 0.05
	sasl.login.retry.backoff.max.ms = 10000
	sasl.login.retry.backoff.ms = 100
	sasl.mechanism = GSSAPI
	sasl.oauthbearer.clock.skew.seconds = 30
	sasl.oauthbearer.expected.audience = null
	sasl.oauthbearer.expected.issuer = null
	sasl.oauthbearer.jwks.endpoint.refresh.ms = 3600000
	sasl.oauthbearer.jwks.endpoint.retry.backoff.max.ms = 10000
	sasl.oauthbearer.jwks.endpoint.retry.backoff.ms = 100
	sasl.oauthbearer.jwks.endpoint.url = null
	sasl.oauthbearer.scope.claim.name = scope
	sasl.oauthbearer.sub.claim.name = sub
	sasl.oauthbearer.token.endpoint.url = null
	security.protocol = PLAINTEXT
	security.providers = null
	send.buffer.bytes = 131072
	socket.connection.setup.timeout.max.ms = 30000
	socket.connection.setup.timeout.ms = 10000
	ssl.cipher.suites = null
	ssl.enabled.protocols = [TLSv1.2, TLSv1.3]
	ssl.endpoint.identification.algorithm = https
	ssl.engine.factory.class = null
	ssl.key.password = null
	ssl.keymanager.algorithm = SunX509
	ssl.keystore.certificate.chain = null
	ssl.keystore.key = null
	ssl.keystore.location = null
	ssl.keystore.password = null
	ssl.keystore.type = JKS
	ssl.protocol = TLSv1.3
	ssl.provider = null
	ssl.secure.random.implementation = null
	ssl.trustmanager.algorithm = PKIX
	ssl.truststore.certificates = null
	ssl.truststore.location = null
	ssl.truststore.password = null
	ssl.truststore.type = JKS

2026-04-01 19:45:47 [restartedMain] INFO  org.apache.kafka.common.utils.AppInfoParser - Kafka version: 3.7.1
2026-04-01 19:45:47 [restartedMain] INFO  org.apache.kafka.common.utils.AppInfoParser - Kafka commitId: e2494e6ffb89f828
2026-04-01 19:45:47 [restartedMain] INFO  org.apache.kafka.common.utils.AppInfoParser - Kafka startTimeMs: 1775052947276
2026-04-01 19:45:47 [kafka-admin-client-thread | gyan-admin-5] INFO  org.apache.kafka.common.utils.AppInfoParser - App info kafka.admin.client for gyan-admin-5 unregistered
2026-04-01 19:45:47 [kafka-admin-client-thread | gyan-admin-5] INFO  org.apache.kafka.common.metrics.Metrics - Metrics scheduler closed
2026-04-01 19:45:47 [kafka-admin-client-thread | gyan-admin-5] INFO  org.apache.kafka.common.metrics.Metrics - Closing reporter org.apache.kafka.common.metrics.JmxReporter
2026-04-01 19:45:47 [kafka-admin-client-thread | gyan-admin-5] INFO  org.apache.kafka.common.metrics.Metrics - Metrics reporters closed
2026-04-01 19:45:47 [restartedMain] INFO  org.apache.coyote.http11.Http11NioProtocol - Starting ProtocolHandler ["http-nio-8080"]
2026-04-01 19:45:47 [restartedMain] INFO  org.springframework.boot.web.embedded.tomcat.TomcatWebServer - Tomcat started on port 8080 (http) with context path '/'
2026-04-01 19:45:47 [restartedMain] INFO  org.apache.kafka.clients.consumer.ConsumerConfig - ConsumerConfig values: 
	allow.auto.create.topics = true
	auto.commit.interval.ms = 5000
	auto.include.jmx.reporter = true
	auto.offset.reset = earliest
	bootstrap.servers = [localhost:9092]
	check.crcs = true
	client.dns.lookup = use_all_dns_ips
	client.id = consumer-document-workers-6
	client.rack = 
	connections.max.idle.ms = 540000
	default.api.timeout.ms = 60000
	enable.auto.commit = false
	enable.metrics.push = true
	exclude.internal.topics = true
	fetch.max.bytes = 52428800
	fetch.max.wait.ms = 500
	fetch.min.bytes = 1
	group.id = document-workers
	group.instance.id = null
	group.protocol = classic
	group.remote.assignor = null
	heartbeat.interval.ms = 3000
	interceptor.classes = []
	internal.leave.group.on.close = true
	internal.throw.on.fetch.stable.offset.unsupported = false
	isolation.level = read_uncommitted
	key.deserializer = class org.apache.kafka.common.serialization.StringDeserializer
	max.partition.fetch.bytes = 1048576
	max.poll.interval.ms = 300000
	max.poll.records = 500
	metadata.max.age.ms = 300000
	metric.reporters = []
	metrics.num.samples = 2
	metrics.recording.level = INFO
	metrics.sample.window.ms = 30000
	partition.assignment.strategy = [class org.apache.kafka.clients.consumer.RangeAssignor, class org.apache.kafka.clients.consumer.CooperativeStickyAssignor]
	receive.buffer.bytes = 65536
	reconnect.backoff.max.ms = 1000
	reconnect.backoff.ms = 50
	request.timeout.ms = 30000
	retry.backoff.max.ms = 1000
	retry.backoff.ms = 100
	sasl.client.callback.handler.class = null
	sasl.jaas.config = null
	sasl.kerberos.kinit.cmd = /usr/bin/kinit
	sasl.kerberos.min.time.before.relogin = 60000
	sasl.kerberos.service.name = null
	sasl.kerberos.ticket.renew.jitter = 0.05
	sasl.kerberos.ticket.renew.window.factor = 0.8
	sasl.login.callback.handler.class = null
	sasl.login.class = null
	sasl.login.connect.timeout.ms = null
	sasl.login.read.timeout.ms = null
	sasl.login.refresh.buffer.seconds = 300
	sasl.login.refresh.min.period.seconds = 60
	sasl.login.refresh.window.factor = 0.8
	sasl.login.refresh.window.jitter = 0.05
	sasl.login.retry.backoff.max.ms = 10000
	sasl.login.retry.backoff.ms = 100
	sasl.mechanism = GSSAPI
	sasl.oauthbearer.clock.skew.seconds = 30
	sasl.oauthbearer.expected.audience = null
	sasl.oauthbearer.expected.issuer = null
	sasl.oauthbearer.jwks.endpoint.refresh.ms = 3600000
	sasl.oauthbearer.jwks.endpoint.retry.backoff.max.ms = 10000
	sasl.oauthbearer.jwks.endpoint.retry.backoff.ms = 100
	sasl.oauthbearer.jwks.endpoint.url = null
	sasl.oauthbearer.scope.claim.name = scope
	sasl.oauthbearer.sub.claim.name = sub
	sasl.oauthbearer.token.endpoint.url = null
	security.protocol = PLAINTEXT
	security.providers = null
	send.buffer.bytes = 131072
	session.timeout.ms = 45000
	socket.connection.setup.timeout.max.ms = 30000
	socket.connection.setup.timeout.ms = 10000
	ssl.cipher.suites = null
	ssl.enabled.protocols = [TLSv1.2, TLSv1.3]
	ssl.endpoint.identification.algorithm = https
	ssl.engine.factory.class = null
	ssl.key.password = null
	ssl.keymanager.algorithm = SunX509
	ssl.keystore.certificate.chain = null
	ssl.keystore.key = null
	ssl.keystore.location = null
	ssl.keystore.password = null
	ssl.keystore.type = JKS
	ssl.protocol = TLSv1.3
	ssl.provider = null
	ssl.secure.random.implementation = null
	ssl.trustmanager.algorithm = PKIX
	ssl.truststore.certificates = null
	ssl.truststore.location = null
	ssl.truststore.password = null
	ssl.truststore.type = JKS
	value.deserializer = class org.springframework.kafka.support.serializer.JsonDeserializer

2026-04-01 19:45:47 [restartedMain] INFO  org.apache.kafka.common.telemetry.internals.KafkaMetricsCollector - initializing Kafka metrics collector
2026-04-01 19:45:47 [restartedMain] INFO  org.apache.kafka.common.utils.AppInfoParser - Kafka version: 3.7.1
2026-04-01 19:45:47 [restartedMain] INFO  org.apache.kafka.common.utils.AppInfoParser - Kafka commitId: e2494e6ffb89f828
2026-04-01 19:45:47 [restartedMain] INFO  org.apache.kafka.common.utils.AppInfoParser - Kafka startTimeMs: 1775052947308
2026-04-01 19:45:47 [restartedMain] INFO  org.apache.kafka.clients.consumer.internals.LegacyKafkaConsumer - [Consumer clientId=consumer-document-workers-6, groupId=document-workers] Subscribed to topic(s): document-uploaded
2026-04-01 19:45:47 [restartedMain] INFO  com.gyan.GyanApplication - Started GyanApplication in 1.489 seconds (process running for 3454.084)
2026-04-01 19:45:47 [restartedMain] INFO  org.springframework.boot.devtools.autoconfigure.ConditionEvaluationDeltaLoggingListener - Condition evaluation unchanged
2026-04-01 19:45:47 [org.springframework.kafka.KafkaListenerEndpointContainer#0-0-C-1] INFO  org.apache.kafka.clients.Metadata - [Consumer clientId=consumer-document-workers-6, groupId=document-workers] Cluster ID: phIC6OCuTGem87Ywbqq44Q
2026-04-01 19:45:47 [org.springframework.kafka.KafkaListenerEndpointContainer#0-0-C-1] INFO  org.apache.kafka.clients.consumer.internals.ConsumerCoordinator - [Consumer clientId=consumer-document-workers-6, groupId=document-workers] Discovered group coordinator localhost:9092 (id: 2147483646 rack: null)
2026-04-01 19:45:47 [org.springframework.kafka.KafkaListenerEndpointContainer#0-0-C-1] INFO  org.apache.kafka.clients.consumer.internals.ConsumerCoordinator - [Consumer clientId=consumer-document-workers-6, groupId=document-workers] (Re-)joining group
2026-04-01 19:45:47 [org.springframework.kafka.KafkaListenerEndpointContainer#0-0-C-1] INFO  org.apache.kafka.clients.consumer.internals.ConsumerCoordinator - [Consumer clientId=consumer-document-workers-6, groupId=document-workers] Request joining group due to: need to re-join with the given member-id: consumer-document-workers-6-9566f5e5-cde5-451d-b5d2-d568a849d804
2026-04-01 19:45:47 [org.springframework.kafka.KafkaListenerEndpointContainer#0-0-C-1] INFO  org.apache.kafka.clients.consumer.internals.ConsumerCoordinator - [Consumer clientId=consumer-document-workers-6, groupId=document-workers] (Re-)joining group
2026-04-01 19:45:50 [org.springframework.kafka.KafkaListenerEndpointContainer#0-0-C-1] INFO  org.apache.kafka.clients.consumer.internals.ConsumerCoordinator - [Consumer clientId=consumer-document-workers-6, groupId=document-workers] Successfully joined group with generation Generation{generationId=16, memberId='consumer-document-workers-6-9566f5e5-cde5-451d-b5d2-d568a849d804', protocol='range'}
2026-04-01 19:45:50 [org.springframework.kafka.KafkaListenerEndpointContainer#0-0-C-1] INFO  org.apache.kafka.clients.consumer.internals.ConsumerCoordinator - [Consumer clientId=consumer-document-workers-6, groupId=document-workers] Finished assignment for group at generation 16: {consumer-document-workers-6-9566f5e5-cde5-451d-b5d2-d568a849d804=Assignment(partitions=[document-uploaded-0, document-uploaded-1, document-uploaded-2])}
2026-04-01 19:45:50 [org.springframework.kafka.KafkaListenerEndpointContainer#0-0-C-1] INFO  org.apache.kafka.clients.consumer.internals.ConsumerCoordinator - [Consumer clientId=consumer-document-workers-6, groupId=document-workers] Successfully synced group in generation Generation{generationId=16, memberId='consumer-document-workers-6-9566f5e5-cde5-451d-b5d2-d568a849d804', protocol='range'}
2026-04-01 19:45:50 [org.springframework.kafka.KafkaListenerEndpointContainer#0-0-C-1] INFO  org.apache.kafka.clients.consumer.internals.ConsumerCoordinator - [Consumer clientId=consumer-document-workers-6, groupId=document-workers] Notifying assignor about the new Assignment(partitions=[document-uploaded-0, document-uploaded-1, document-uploaded-2])
2026-04-01 19:45:50 [org.springframework.kafka.KafkaListenerEndpointContainer#0-0-C-1] INFO  org.apache.kafka.clients.consumer.internals.ConsumerRebalanceListenerInvoker - [Consumer clientId=consumer-document-workers-6, groupId=document-workers] Adding newly assigned partitions: document-uploaded-0, document-uploaded-1, document-uploaded-2
2026-04-01 19:45:50 [org.springframework.kafka.KafkaListenerEndpointContainer#0-0-C-1] INFO  org.apache.kafka.clients.consumer.internals.ConsumerCoordinator - [Consumer clientId=consumer-document-workers-6, groupId=document-workers] Found no committed offset for partition document-uploaded-2
2026-04-01 19:45:50 [org.springframework.kafka.KafkaListenerEndpointContainer#0-0-C-1] INFO  org.apache.kafka.clients.consumer.internals.ConsumerCoordinator - [Consumer clientId=consumer-document-workers-6, groupId=document-workers] Found no committed offset for partition document-uploaded-1
2026-04-01 19:45:50 [org.springframework.kafka.KafkaListenerEndpointContainer#0-0-C-1] INFO  org.apache.kafka.clients.consumer.internals.ConsumerUtils - Setting offset for partition document-uploaded-0 to the committed offset FetchPosition{offset=3, offsetEpoch=Optional.empty, currentLeader=LeaderAndEpoch{leader=Optional[localhost:9092 (id: 1 rack: null)], epoch=0}}
2026-04-01 19:45:50 [org.springframework.kafka.KafkaListenerEndpointContainer#0-0-C-1] INFO  org.apache.kafka.clients.consumer.internals.SubscriptionState - [Consumer clientId=consumer-document-workers-6, groupId=document-workers] Resetting offset for partition document-uploaded-2 to position FetchPosition{offset=0, offsetEpoch=Optional.empty, currentLeader=LeaderAndEpoch{leader=Optional[localhost:9092 (id: 1 rack: null)], epoch=0}}.
2026-04-01 19:45:50 [org.springframework.kafka.KafkaListenerEndpointContainer#0-0-C-1] INFO  org.apache.kafka.clients.consumer.internals.SubscriptionState - [Consumer clientId=consumer-document-workers-6, groupId=document-workers] Resetting offset for partition document-uploaded-1 to position FetchPosition{offset=0, offsetEpoch=Optional.empty, currentLeader=LeaderAndEpoch{leader=Optional[localhost:9092 (id: 1 rack: null)], epoch=0}}.
2026-04-01 19:45:50 [org.springframework.kafka.KafkaListenerEndpointContainer#0-0-C-1] INFO  org.springframework.kafka.listener.KafkaMessageListenerContainer - document-workers: partitions assigned: [document-uploaded-0, document-uploaded-1, document-uploaded-2]
2026-04-01 19:46:19 [File Watcher] INFO  org.springframework.boot.devtools.autoconfigure.LocalDevToolsAutoConfiguration$RestartingClassPathChangeChangedEventListener - Restarting due to 51 class path changes (0 additions, 51 deletions, 0 modifications)
2026-04-01 19:46:19 [org.springframework.kafka.KafkaListenerEndpointContainer#0-0-C-1] INFO  org.apache.kafka.clients.consumer.internals.ConsumerRebalanceListenerInvoker - [Consumer clientId=consumer-document-workers-6, groupId=document-workers] Revoke previously assigned partitions document-uploaded-0, document-uploaded-1, document-uploaded-2
2026-04-01 19:46:19 [org.springframework.kafka.KafkaListenerEndpointContainer#0-0-C-1] INFO  org.springframework.kafka.listener.KafkaMessageListenerContainer - document-workers: partitions revoked: [document-uploaded-0, document-uploaded-1, document-uploaded-2]
2026-04-01 19:46:19 [org.springframework.kafka.KafkaListenerEndpointContainer#0-0-C-1] INFO  org.apache.kafka.clients.consumer.internals.ConsumerCoordinator - [Consumer clientId=consumer-document-workers-6, groupId=document-workers] Member consumer-document-workers-6-9566f5e5-cde5-451d-b5d2-d568a849d804 sending LeaveGroup request to coordinator localhost:9092 (id: 2147483646 rack: null) due to the consumer unsubscribed from all topics
2026-04-01 19:46:19 [org.springframework.kafka.KafkaListenerEndpointContainer#0-0-C-1] INFO  org.apache.kafka.clients.consumer.internals.ConsumerCoordinator - [Consumer clientId=consumer-document-workers-6, groupId=document-workers] Resetting generation and member id due to: consumer pro-actively leaving the group
2026-04-01 19:46:19 [org.springframework.kafka.KafkaListenerEndpointContainer#0-0-C-1] INFO  org.apache.kafka.clients.consumer.internals.ConsumerCoordinator - [Consumer clientId=consumer-document-workers-6, groupId=document-workers] Request joining group due to: consumer pro-actively leaving the group
2026-04-01 19:46:19 [org.springframework.kafka.KafkaListenerEndpointContainer#0-0-C-1] INFO  org.apache.kafka.clients.consumer.internals.LegacyKafkaConsumer - [Consumer clientId=consumer-document-workers-6, groupId=document-workers] Unsubscribed all topics or patterns and assigned partitions
2026-04-01 19:46:19 [org.springframework.kafka.KafkaListenerEndpointContainer#0-0-C-1] INFO  org.apache.kafka.clients.consumer.internals.ConsumerCoordinator - [Consumer clientId=consumer-document-workers-6, groupId=document-workers] Resetting generation and member id due to: consumer pro-actively leaving the group
2026-04-01 19:46:19 [org.springframework.kafka.KafkaListenerEndpointContainer#0-0-C-1] INFO  org.apache.kafka.clients.consumer.internals.ConsumerCoordinator - [Consumer clientId=consumer-document-workers-6, groupId=document-workers] Request joining group due to: consumer pro-actively leaving the group
2026-04-01 19:46:19 [org.springframework.kafka.KafkaListenerEndpointContainer#0-0-C-1] INFO  org.apache.kafka.common.metrics.Metrics - Metrics scheduler closed
2026-04-01 19:46:19 [org.springframework.kafka.KafkaListenerEndpointContainer#0-0-C-1] INFO  org.apache.kafka.common.metrics.Metrics - Closing reporter org.apache.kafka.common.metrics.JmxReporter
2026-04-01 19:46:19 [org.springframework.kafka.KafkaListenerEndpointContainer#0-0-C-1] INFO  org.apache.kafka.common.metrics.Metrics - Closing reporter org.apache.kafka.common.telemetry.internals.ClientTelemetryReporter
2026-04-01 19:46:19 [org.springframework.kafka.KafkaListenerEndpointContainer#0-0-C-1] INFO  org.apache.kafka.common.metrics.Metrics - Metrics reporters closed
2026-04-01 19:46:19 [org.springframework.kafka.KafkaListenerEndpointContainer#0-0-C-1] INFO  org.apache.kafka.common.utils.AppInfoParser - App info kafka.consumer for consumer-document-workers-6 unregistered
2026-04-01 19:46:19 [org.springframework.kafka.KafkaListenerEndpointContainer#0-0-C-1] INFO  org.springframework.kafka.listener.KafkaMessageListenerContainer - document-workers: Consumer stopped
2026-04-01 19:46:19 [Thread-31] INFO  org.apache.coyote.http11.Http11NioProtocol - Stopping ProtocolHandler ["http-nio-8080"]
2026-04-01 19:46:19 [Thread-31] INFO  org.springframework.orm.jpa.LocalContainerEntityManagerFactoryBean - Closing JPA EntityManagerFactory for persistence unit 'default'
2026-04-01 19:46:19 [Thread-31] INFO  com.zaxxer.hikari.HikariDataSource - HikariPool-8 - Shutdown initiated...
2026-04-01 19:46:19 [Thread-31] INFO  com.zaxxer.hikari.HikariDataSource - HikariPool-8 - Shutdown completed.
2026-04-01 19:46:19 [restartedMain] INFO  com.gyan.GyanApplication - Starting GyanApplication using Java 21.0.8 with PID 3608 (C:\Users\manjk\OneDrive\Desktop\Discipline\gyan\backend\target\classes started by manjk in C:\Users\manjk\OneDrive\Desktop\Discipline\gyan\backend)
2026-04-01 19:46:19 [restartedMain] INFO  com.gyan.GyanApplication - No active profile set, falling back to 1 default profile: "default"
2026-04-01 19:46:19 [restartedMain] INFO  org.springframework.data.repository.config.RepositoryConfigurationDelegate - Multiple Spring Data modules found, entering strict repository configuration mode
2026-04-01 19:46:19 [restartedMain] INFO  org.springframework.data.repository.config.RepositoryConfigurationDelegate - Bootstrapping Spring Data Elasticsearch repositories in DEFAULT mode.
2026-04-01 19:46:19 [restartedMain] INFO  org.springframework.data.repository.config.RepositoryConfigurationExtensionSupport - Spring Data Elasticsearch - Could not safely identify store assignment for repository candidate interface com.gyan.repository.ChatRepository; If you want this repository to be a Elasticsearch repository, consider annotating your entities with one of these annotations: org.springframework.data.elasticsearch.annotations.Document (preferred), or consider extending one of the following types with your repository: org.springframework.data.elasticsearch.repository.ElasticsearchRepository
2026-04-01 19:46:19 [restartedMain] INFO  org.springframework.data.repository.config.RepositoryConfigurationDelegate - Finished Spring Data repository scanning in 8 ms. Found 0 Elasticsearch repository interfaces.
2026-04-01 19:46:19 [restartedMain] INFO  org.springframework.data.repository.config.RepositoryConfigurationDelegate - Multiple Spring Data modules found, entering strict repository configuration mode
2026-04-01 19:46:19 [restartedMain] INFO  org.springframework.data.repository.config.RepositoryConfigurationDelegate - Bootstrapping Spring Data JPA repositories in DEFAULT mode.
2026-04-01 19:46:19 [restartedMain] WARN  org.springframework.boot.web.servlet.context.AnnotationConfigServletWebServerApplicationContext - Exception encountered during context initialization - cancelling refresh attempt: java.lang.NoClassDefFoundError: com/gyan/entity/User
2026-04-01 19:46:19 [restartedMain] INFO  org.springframework.boot.autoconfigure.logging.ConditionEvaluationReportLogger - 

Error starting ApplicationContext. To display the condition evaluation report re-run your application with 'debug' enabled.
2026-04-01 19:46:19 [restartedMain] ERROR org.springframework.boot.SpringApplication - Application run failed
java.lang.NoClassDefFoundError: com/gyan/entity/User
	at java.base/java.lang.Class.getDeclaredMethods0(Native Method)
	at java.base/java.lang.Class.privateGetDeclaredMethods(Class.java:3578)
	at java.base/java.lang.Class.privateGetPublicMethods(Class.java:3603)
	at java.base/java.lang.Class.getMethods(Class.java:2185)
	at org.springframework.data.util.ReactiveWrappers.usesReactiveType(ReactiveWrappers.java:141)
	at org.springframework.data.repository.core.support.AbstractRepositoryMetadata.isReactiveRepository(AbstractRepositoryMetadata.java:133)
	at org.springframework.data.repository.config.RepositoryConfigurationExtensionSupport.useRepositoryConfiguration(RepositoryConfigurationExtensionSupport.java:343)
	at org.springframework.data.repository.config.RepositoryConfigurationExtensionSupport.getRepositoryConfigurations(RepositoryConfigurationExtensionSupport.java:97)
	at org.springframework.data.repository.config.RepositoryConfigurationDelegate.registerRepositoriesIn(RepositoryConfigurationDelegate.java:168)
	at org.springframework.boot.autoconfigure.data.AbstractRepositoryConfigurationSourceSupport.registerBeanDefinitions(AbstractRepositoryConfigurationSourceSupport.java:62)
	at org.springframework.context.annotation.ConfigurationClassBeanDefinitionReader.lambda$loadBeanDefinitionsFromRegistrars$1(ConfigurationClassBeanDefinitionReader.java:376)
	at java.base/java.util.LinkedHashMap.forEach(LinkedHashMap.java:986)
	at org.springframework.context.annotation.ConfigurationClassBeanDefinitionReader.loadBeanDefinitionsFromRegistrars(ConfigurationClassBeanDefinitionReader.java:375)
	at org.springframework.context.annotation.ConfigurationClassBeanDefinitionReader.loadBeanDefinitionsForConfigurationClass(ConfigurationClassBeanDefinitionReader.java:148)
	at org.springframework.context.annotation.ConfigurationClassBeanDefinitionReader.loadBeanDefinitions(ConfigurationClassBeanDefinitionReader.java:120)
	at org.springframework.context.annotation.ConfigurationClassPostProcessor.processConfigBeanDefinitions(ConfigurationClassPostProcessor.java:429)
	at org.springframework.context.annotation.ConfigurationClassPostProcessor.postProcessBeanDefinitionRegistry(ConfigurationClassPostProcessor.java:290)
	at org.springframework.context.support.PostProcessorRegistrationDelegate.invokeBeanDefinitionRegistryPostProcessors(PostProcessorRegistrationDelegate.java:349)
	at org.springframework.context.support.PostProcessorRegistrationDelegate.invokeBeanFactoryPostProcessors(PostProcessorRegistrationDelegate.java:118)
	at org.springframework.context.support.AbstractApplicationContext.invokeBeanFactoryPostProcessors(AbstractApplicationContext.java:789)
	at org.springframework.context.support.AbstractApplicationContext.refresh(AbstractApplicationContext.java:607)
	at org.springframework.boot.web.servlet.context.ServletWebServerApplicationContext.refresh(ServletWebServerApplicationContext.java:146)
	at org.springframework.boot.SpringApplication.refresh(SpringApplication.java:754)
	at org.springframework.boot.SpringApplication.refreshContext(SpringApplication.java:456)
	at org.springframework.boot.SpringApplication.run(SpringApplication.java:335)
	at org.springframework.boot.SpringApplication.run(SpringApplication.java:1363)
	at org.springframework.boot.SpringApplication.run(SpringApplication.java:1352)
	at com.gyan.GyanApplication.main(GyanApplication.java:13)
	at java.base/jdk.internal.reflect.DirectMethodHandleAccessor.invoke(DirectMethodHandleAccessor.java:103)
	at java.base/java.lang.reflect.Method.invoke(Method.java:580)
	at org.springframework.boot.devtools.restart.RestartLauncher.run(RestartLauncher.java:50)
Caused by: java.lang.ClassNotFoundException: com.gyan.entity.User
	at java.base/jdk.internal.loader.BuiltinClassLoader.loadClass(BuiltinClassLoader.java:641)
	at java.base/jdk.internal.loader.ClassLoaders$AppClassLoader.loadClass(ClassLoaders.java:188)
	at java.base/java.lang.ClassLoader.loadClass(ClassLoader.java:526)
	at java.base/java.lang.Class.forName0(Native Method)
	at java.base/java.lang.Class.forName(Class.java:534)
	at java.base/java.lang.Class.forName(Class.java:513)
	at org.springframework.boot.devtools.restart.classloader.RestartClassLoader.loadClass(RestartClassLoader.java:121)
	at java.base/java.lang.ClassLoader.loadClass(ClassLoader.java:526)
	... 31 common frames omitted
2026-04-01 19:46:22 [restartedMain] INFO  com.gyan.GyanApplication - Starting GyanApplication using Java 21.0.8 with PID 3608 (C:\Users\manjk\OneDrive\Desktop\Discipline\gyan\backend\target\classes started by manjk in C:\Users\manjk\OneDrive\Desktop\Discipline\gyan\backend)
2026-04-01 19:46:22 [restartedMain] INFO  com.gyan.GyanApplication - No active profile set, falling back to 1 default profile: "default"
2026-04-01 19:46:22 [restartedMain] INFO  org.springframework.data.repository.config.RepositoryConfigurationDelegate - Multiple Spring Data modules found, entering strict repository configuration mode
2026-04-01 19:46:22 [restartedMain] INFO  org.springframework.data.repository.config.RepositoryConfigurationDelegate - Bootstrapping Spring Data Elasticsearch repositories in DEFAULT mode.
2026-04-01 19:46:22 [restartedMain] INFO  org.springframework.data.repository.config.RepositoryConfigurationExtensionSupport - Spring Data Elasticsearch - Could not safely identify store assignment for repository candidate interface com.gyan.repository.ChatRepository; If you want this repository to be a Elasticsearch repository, consider annotating your entities with one of these annotations: org.springframework.data.elasticsearch.annotations.Document (preferred), or consider extending one of the following types with your repository: org.springframework.data.elasticsearch.repository.ElasticsearchRepository
2026-04-01 19:46:22 [restartedMain] INFO  org.springframework.data.repository.config.RepositoryConfigurationExtensionSupport - Spring Data Elasticsearch - Could not safely identify store assignment for repository candidate interface com.gyan.repository.DocumentChunkRepository; If you want this repository to be a Elasticsearch repository, consider annotating your entities with one of these annotations: org.springframework.data.elasticsearch.annotations.Document (preferred), or consider extending one of the following types with your repository: org.springframework.data.elasticsearch.repository.ElasticsearchRepository
2026-04-01 19:46:22 [restartedMain] INFO  org.springframework.data.repository.config.RepositoryConfigurationExtensionSupport - Spring Data Elasticsearch - Could not safely identify store assignment for repository candidate interface com.gyan.repository.DocumentRepository; If you want this repository to be a Elasticsearch repository, consider annotating your entities with one of these annotations: org.springframework.data.elasticsearch.annotations.Document (preferred), or consider extending one of the following types with your repository: org.springframework.data.elasticsearch.repository.ElasticsearchRepository
2026-04-01 19:46:22 [restartedMain] INFO  org.springframework.data.repository.config.RepositoryConfigurationExtensionSupport - Spring Data Elasticsearch - Could not safely identify store assignment for repository candidate interface com.gyan.repository.UserRepository; If you want this repository to be a Elasticsearch repository, consider annotating your entities with one of these annotations: org.springframework.data.elasticsearch.annotations.Document (preferred), or consider extending one of the following types with your repository: org.springframework.data.elasticsearch.repository.ElasticsearchRepository
2026-04-01 19:46:22 [restartedMain] INFO  org.springframework.data.repository.config.RepositoryConfigurationDelegate - Finished Spring Data repository scanning in 37 ms. Found 1 Elasticsearch repository interface.
2026-04-01 19:46:22 [restartedMain] INFO  org.springframework.data.repository.config.RepositoryConfigurationDelegate - Multiple Spring Data modules found, entering strict repository configuration mode
2026-04-01 19:46:22 [restartedMain] INFO  org.springframework.data.repository.config.RepositoryConfigurationDelegate - Bootstrapping Spring Data JPA repositories in DEFAULT mode.
2026-04-01 19:46:22 [restartedMain] INFO  org.springframework.data.repository.config.RepositoryConfigurationExtensionSupport - Spring Data JPA - Could not safely identify store assignment for repository candidate interface com.gyan.repository.DocumentSearchRepository; If you want this repository to be a JPA repository, consider annotating your entities with one of these annotations: jakarta.persistence.Entity, jakarta.persistence.MappedSuperclass (preferred), or consider extending one of the following types with your repository: org.springframework.data.jpa.repository.JpaRepository
2026-04-01 19:46:22 [restartedMain] INFO  org.springframework.data.repository.config.RepositoryConfigurationDelegate - Finished Spring Data repository scanning in 31 ms. Found 4 JPA repository interfaces.
2026-04-01 19:46:22 [restartedMain] INFO  org.springframework.boot.web.embedded.tomcat.TomcatWebServer - Tomcat initialized with port 8080 (http)
2026-04-01 19:46:22 [restartedMain] INFO  org.apache.coyote.http11.Http11NioProtocol - Initializing ProtocolHandler ["http-nio-8080"]
2026-04-01 19:46:22 [restartedMain] INFO  org.apache.catalina.core.StandardService - Starting service [Tomcat]
2026-04-01 19:46:22 [restartedMain] INFO  org.apache.catalina.core.StandardEngine - Starting Servlet engine: [Apache Tomcat/10.1.31]
2026-04-01 19:46:22 [restartedMain] INFO  org.apache.catalina.core.ContainerBase.[Tomcat-1].[localhost].[/] - Initializing Spring embedded WebApplicationContext
2026-04-01 19:46:22 [restartedMain] INFO  org.springframework.boot.web.servlet.context.ServletWebServerApplicationContext - Root WebApplicationContext: initialization completed in 628 ms
2026-04-01 19:46:22 [restartedMain] INFO  org.hibernate.jpa.internal.util.LogHelper - HHH000204: Processing PersistenceUnitInfo [name: default]
2026-04-01 19:46:22 [restartedMain] INFO  org.hibernate.cache.internal.RegionFactoryInitiator - HHH000026: Second-level cache disabled
2026-04-01 19:46:22 [restartedMain] INFO  org.springframework.orm.jpa.persistenceunit.SpringPersistenceUnitInfo - No LoadTimeWeaver setup: ignoring JPA class transformer
2026-04-01 19:46:22 [restartedMain] INFO  com.zaxxer.hikari.HikariDataSource - HikariPool-9 - Starting...
2026-04-01 19:46:23 [restartedMain] INFO  com.zaxxer.hikari.pool.HikariPool - HikariPool-9 - Added connection org.postgresql.jdbc.PgConnection@7fdf4e6
2026-04-01 19:46:23 [restartedMain] INFO  com.zaxxer.hikari.HikariDataSource - HikariPool-9 - Start completed.
2026-04-01 19:46:23 [restartedMain] WARN  org.hibernate.orm.deprecation - HHH90000025: PostgreSQLDialect does not need to be specified explicitly using 'hibernate.dialect' (remove the property setting and it will be selected by default)
2026-04-01 19:46:23 [restartedMain] INFO  org.hibernate.engine.transaction.jta.platform.internal.JtaPlatformInitiator - HHH000489: No JTA platform available (set 'hibernate.transaction.jta.platform' to enable JTA platform integration)
2026-04-01 19:46:23 [restartedMain] INFO  org.springframework.orm.jpa.LocalContainerEntityManagerFactoryBean - Initialized JPA EntityManagerFactory for persistence unit 'default'
2026-04-01 19:46:23 [restartedMain] INFO  org.springframework.boot.devtools.autoconfigure.OptionalLiveReloadServer - LiveReload server is running on port 35729
2026-04-01 19:46:23 [restartedMain] WARN  org.springframework.boot.autoconfigure.orm.jpa.JpaBaseConfiguration$JpaWebConfiguration - spring.jpa.open-in-view is enabled by default. Therefore, database queries may be performed during view rendering. Explicitly configure spring.jpa.open-in-view to disable this warning
2026-04-01 19:46:23 [restartedMain] WARN  org.springframework.boot.autoconfigure.security.servlet.UserDetailsServiceAutoConfiguration - 

Using generated security password: 8d741048-5b0a-4a21-a4e2-6fdcaab6fe1e

This generated password is for development use only. Your security configuration must be updated before running your application in production.

2026-04-01 19:46:23 [restartedMain] INFO  org.springframework.security.config.annotation.authentication.configuration.InitializeUserDetailsBeanManagerConfigurer$InitializeUserDetailsManagerConfigurer - Global AuthenticationManager configured with UserDetailsService bean with name inMemoryUserDetailsManager
2026-04-01 19:46:23 [restartedMain] INFO  org.apache.kafka.clients.admin.AdminClientConfig - AdminClientConfig values: 
	auto.include.jmx.reporter = true
	bootstrap.controllers = []
	bootstrap.servers = [localhost:9092]
	client.dns.lookup = use_all_dns_ips
	client.id = gyan-admin-6
	connections.max.idle.ms = 300000
	default.api.timeout.ms = 60000
	enable.metrics.push = true
	metadata.max.age.ms = 300000
	metric.reporters = []
	metrics.num.samples = 2
	metrics.recording.level = INFO
	metrics.sample.window.ms = 30000
	receive.buffer.bytes = 65536
	reconnect.backoff.max.ms = 1000
	reconnect.backoff.ms = 50
	request.timeout.ms = 30000
	retries = 2147483647
	retry.backoff.max.ms = 1000
	retry.backoff.ms = 100
	sasl.client.callback.handler.class = null
	sasl.jaas.config = null
	sasl.kerberos.kinit.cmd = /usr/bin/kinit
	sasl.kerberos.min.time.before.relogin = 60000
	sasl.kerberos.service.name = null
	sasl.kerberos.ticket.renew.jitter = 0.05
	sasl.kerberos.ticket.renew.window.factor = 0.8
	sasl.login.callback.handler.class = null
	sasl.login.class = null
	sasl.login.connect.timeout.ms = null
	sasl.login.read.timeout.ms = null
	sasl.login.refresh.buffer.seconds = 300
	sasl.login.refresh.min.period.seconds = 60
	sasl.login.refresh.window.factor = 0.8
	sasl.login.refresh.window.jitter = 0.05
	sasl.login.retry.backoff.max.ms = 10000
	sasl.login.retry.backoff.ms = 100
	sasl.mechanism = GSSAPI
	sasl.oauthbearer.clock.skew.seconds = 30
	sasl.oauthbearer.expected.audience = null
	sasl.oauthbearer.expected.issuer = null
	sasl.oauthbearer.jwks.endpoint.refresh.ms = 3600000
	sasl.oauthbearer.jwks.endpoint.retry.backoff.max.ms = 10000
	sasl.oauthbearer.jwks.endpoint.retry.backoff.ms = 100
	sasl.oauthbearer.jwks.endpoint.url = null
	sasl.oauthbearer.scope.claim.name = scope
	sasl.oauthbearer.sub.claim.name = sub
	sasl.oauthbearer.token.endpoint.url = null
	security.protocol = PLAINTEXT
	security.providers = null
	send.buffer.bytes = 131072
	socket.connection.setup.timeout.max.ms = 30000
	socket.connection.setup.timeout.ms = 10000
	ssl.cipher.suites = null
	ssl.enabled.protocols = [TLSv1.2, TLSv1.3]
	ssl.endpoint.identification.algorithm = https
	ssl.engine.factory.class = null
	ssl.key.password = null
	ssl.keymanager.algorithm = SunX509
	ssl.keystore.certificate.chain = null
	ssl.keystore.key = null
	ssl.keystore.location = null
	ssl.keystore.password = null
	ssl.keystore.type = JKS
	ssl.protocol = TLSv1.3
	ssl.provider = null
	ssl.secure.random.implementation = null
	ssl.trustmanager.algorithm = PKIX
	ssl.truststore.certificates = null
	ssl.truststore.location = null
	ssl.truststore.password = null
	ssl.truststore.type = JKS

2026-04-01 19:46:23 [restartedMain] INFO  org.apache.kafka.common.utils.AppInfoParser - Kafka version: 3.7.1
2026-04-01 19:46:23 [restartedMain] INFO  org.apache.kafka.common.utils.AppInfoParser - Kafka commitId: e2494e6ffb89f828
2026-04-01 19:46:23 [restartedMain] INFO  org.apache.kafka.common.utils.AppInfoParser - Kafka startTimeMs: 1775052983769
2026-04-01 19:46:23 [kafka-admin-client-thread | gyan-admin-6] INFO  org.apache.kafka.common.utils.AppInfoParser - App info kafka.admin.client for gyan-admin-6 unregistered
2026-04-01 19:46:23 [kafka-admin-client-thread | gyan-admin-6] INFO  org.apache.kafka.common.metrics.Metrics - Metrics scheduler closed
2026-04-01 19:46:23 [kafka-admin-client-thread | gyan-admin-6] INFO  org.apache.kafka.common.metrics.Metrics - Closing reporter org.apache.kafka.common.metrics.JmxReporter
2026-04-01 19:46:23 [kafka-admin-client-thread | gyan-admin-6] INFO  org.apache.kafka.common.metrics.Metrics - Metrics reporters closed
2026-04-01 19:46:23 [restartedMain] INFO  org.apache.coyote.http11.Http11NioProtocol - Starting ProtocolHandler ["http-nio-8080"]
2026-04-01 19:46:23 [restartedMain] INFO  org.springframework.boot.web.embedded.tomcat.TomcatWebServer - Tomcat started on port 8080 (http) with context path '/'
2026-04-01 19:46:23 [restartedMain] INFO  org.apache.kafka.clients.consumer.ConsumerConfig - ConsumerConfig values: 
	allow.auto.create.topics = true
	auto.commit.interval.ms = 5000
	auto.include.jmx.reporter = true
	auto.offset.reset = earliest
	bootstrap.servers = [localhost:9092]
	check.crcs = true
	client.dns.lookup = use_all_dns_ips
	client.id = consumer-document-workers-7
	client.rack = 
	connections.max.idle.ms = 540000
	default.api.timeout.ms = 60000
	enable.auto.commit = false
	enable.metrics.push = true
	exclude.internal.topics = true
	fetch.max.bytes = 52428800
	fetch.max.wait.ms = 500
	fetch.min.bytes = 1
	group.id = document-workers
	group.instance.id = null
	group.protocol = classic
	group.remote.assignor = null
	heartbeat.interval.ms = 3000
	interceptor.classes = []
	internal.leave.group.on.close = true
	internal.throw.on.fetch.stable.offset.unsupported = false
	isolation.level = read_uncommitted
	key.deserializer = class org.apache.kafka.common.serialization.StringDeserializer
	max.partition.fetch.bytes = 1048576
	max.poll.interval.ms = 300000
	max.poll.records = 500
	metadata.max.age.ms = 300000
	metric.reporters = []
	metrics.num.samples = 2
	metrics.recording.level = INFO
	metrics.sample.window.ms = 30000
	partition.assignment.strategy = [class org.apache.kafka.clients.consumer.RangeAssignor, class org.apache.kafka.clients.consumer.CooperativeStickyAssignor]
	receive.buffer.bytes = 65536
	reconnect.backoff.max.ms = 1000
	reconnect.backoff.ms = 50
	request.timeout.ms = 30000
	retry.backoff.max.ms = 1000
	retry.backoff.ms = 100
	sasl.client.callback.handler.class = null
	sasl.jaas.config = null
	sasl.kerberos.kinit.cmd = /usr/bin/kinit
	sasl.kerberos.min.time.before.relogin = 60000
	sasl.kerberos.service.name = null
	sasl.kerberos.ticket.renew.jitter = 0.05
	sasl.kerberos.ticket.renew.window.factor = 0.8
	sasl.login.callback.handler.class = null
	sasl.login.class = null
	sasl.login.connect.timeout.ms = null
	sasl.login.read.timeout.ms = null
	sasl.login.refresh.buffer.seconds = 300
	sasl.login.refresh.min.period.seconds = 60
	sasl.login.refresh.window.factor = 0.8
	sasl.login.refresh.window.jitter = 0.05
	sasl.login.retry.backoff.max.ms = 10000
	sasl.login.retry.backoff.ms = 100
	sasl.mechanism = GSSAPI
	sasl.oauthbearer.clock.skew.seconds = 30
	sasl.oauthbearer.expected.audience = null
	sasl.oauthbearer.expected.issuer = null
	sasl.oauthbearer.jwks.endpoint.refresh.ms = 3600000
	sasl.oauthbearer.jwks.endpoint.retry.backoff.max.ms = 10000
	sasl.oauthbearer.jwks.endpoint.retry.backoff.ms = 100
	sasl.oauthbearer.jwks.endpoint.url = null
	sasl.oauthbearer.scope.claim.name = scope
	sasl.oauthbearer.sub.claim.name = sub
	sasl.oauthbearer.token.endpoint.url = null
	security.protocol = PLAINTEXT
	security.providers = null
	send.buffer.bytes = 131072
	session.timeout.ms = 45000
	socket.connection.setup.timeout.max.ms = 30000
	socket.connection.setup.timeout.ms = 10000
	ssl.cipher.suites = null
	ssl.enabled.protocols = [TLSv1.2, TLSv1.3]
	ssl.endpoint.identification.algorithm = https
	ssl.engine.factory.class = null
	ssl.key.password = null
	ssl.keymanager.algorithm = SunX509
	ssl.keystore.certificate.chain = null
	ssl.keystore.key = null
	ssl.keystore.location = null
	ssl.keystore.password = null
	ssl.keystore.type = JKS
	ssl.protocol = TLSv1.3
	ssl.provider = null
	ssl.secure.random.implementation = null
	ssl.trustmanager.algorithm = PKIX
	ssl.truststore.certificates = null
	ssl.truststore.location = null
	ssl.truststore.password = null
	ssl.truststore.type = JKS
	value.deserializer = class org.springframework.kafka.support.serializer.JsonDeserializer

2026-04-01 19:46:23 [restartedMain] INFO  org.apache.kafka.common.telemetry.internals.KafkaMetricsCollector - initializing Kafka metrics collector
2026-04-01 19:46:23 [restartedMain] INFO  org.apache.kafka.common.utils.AppInfoParser - Kafka version: 3.7.1
2026-04-01 19:46:23 [restartedMain] INFO  org.apache.kafka.common.utils.AppInfoParser - Kafka commitId: e2494e6ffb89f828
2026-04-01 19:46:23 [restartedMain] INFO  org.apache.kafka.common.utils.AppInfoParser - Kafka startTimeMs: 1775052983799
2026-04-01 19:46:23 [restartedMain] INFO  org.apache.kafka.clients.consumer.internals.LegacyKafkaConsumer - [Consumer clientId=consumer-document-workers-7, groupId=document-workers] Subscribed to topic(s): document-uploaded
2026-04-01 19:46:23 [restartedMain] INFO  com.gyan.GyanApplication - Started GyanApplication in 1.553 seconds (process running for 3490.575)
2026-04-01 19:46:23 [restartedMain] INFO  org.springframework.boot.devtools.autoconfigure.ConditionEvaluationDeltaLoggingListener - Condition evaluation unchanged
2026-04-01 19:46:23 [org.springframework.kafka.KafkaListenerEndpointContainer#0-0-C-1] INFO  org.apache.kafka.clients.Metadata - [Consumer clientId=consumer-document-workers-7, groupId=document-workers] Cluster ID: phIC6OCuTGem87Ywbqq44Q
2026-04-01 19:46:23 [org.springframework.kafka.KafkaListenerEndpointContainer#0-0-C-1] INFO  org.apache.kafka.clients.consumer.internals.ConsumerCoordinator - [Consumer clientId=consumer-document-workers-7, groupId=document-workers] Discovered group coordinator localhost:9092 (id: 2147483646 rack: null)
2026-04-01 19:46:23 [org.springframework.kafka.KafkaListenerEndpointContainer#0-0-C-1] INFO  org.apache.kafka.clients.consumer.internals.ConsumerCoordinator - [Consumer clientId=consumer-document-workers-7, groupId=document-workers] (Re-)joining group
2026-04-01 19:46:23 [org.springframework.kafka.KafkaListenerEndpointContainer#0-0-C-1] INFO  org.apache.kafka.clients.consumer.internals.ConsumerCoordinator - [Consumer clientId=consumer-document-workers-7, groupId=document-workers] Request joining group due to: need to re-join with the given member-id: consumer-document-workers-7-4c1f779e-51eb-4b26-a2c2-1d7fd45d30b3
2026-04-01 19:46:23 [org.springframework.kafka.KafkaListenerEndpointContainer#0-0-C-1] INFO  org.apache.kafka.clients.consumer.internals.ConsumerCoordinator - [Consumer clientId=consumer-document-workers-7, groupId=document-workers] (Re-)joining group
2026-04-01 19:46:26 [org.springframework.kafka.KafkaListenerEndpointContainer#0-0-C-1] INFO  org.apache.kafka.clients.consumer.internals.ConsumerCoordinator - [Consumer clientId=consumer-document-workers-7, groupId=document-workers] Successfully joined group with generation Generation{generationId=18, memberId='consumer-document-workers-7-4c1f779e-51eb-4b26-a2c2-1d7fd45d30b3', protocol='range'}
2026-04-01 19:46:26 [org.springframework.kafka.KafkaListenerEndpointContainer#0-0-C-1] INFO  org.apache.kafka.clients.consumer.internals.ConsumerCoordinator - [Consumer clientId=consumer-document-workers-7, groupId=document-workers] Finished assignment for group at generation 18: {consumer-document-workers-7-4c1f779e-51eb-4b26-a2c2-1d7fd45d30b3=Assignment(partitions=[document-uploaded-0, document-uploaded-1, document-uploaded-2])}
2026-04-01 19:46:26 [org.springframework.kafka.KafkaListenerEndpointContainer#0-0-C-1] INFO  org.apache.kafka.clients.consumer.internals.ConsumerCoordinator - [Consumer clientId=consumer-document-workers-7, groupId=document-workers] Successfully synced group in generation Generation{generationId=18, memberId='consumer-document-workers-7-4c1f779e-51eb-4b26-a2c2-1d7fd45d30b3', protocol='range'}
2026-04-01 19:46:26 [org.springframework.kafka.KafkaListenerEndpointContainer#0-0-C-1] INFO  org.apache.kafka.clients.consumer.internals.ConsumerCoordinator - [Consumer clientId=consumer-document-workers-7, groupId=document-workers] Notifying assignor about the new Assignment(partitions=[document-uploaded-0, document-uploaded-1, document-uploaded-2])
2026-04-01 19:46:26 [org.springframework.kafka.KafkaListenerEndpointContainer#0-0-C-1] INFO  org.apache.kafka.clients.consumer.internals.ConsumerRebalanceListenerInvoker - [Consumer clientId=consumer-document-workers-7, groupId=document-workers] Adding newly assigned partitions: document-uploaded-0, document-uploaded-1, document-uploaded-2
2026-04-01 19:46:26 [org.springframework.kafka.KafkaListenerEndpointContainer#0-0-C-1] INFO  org.apache.kafka.clients.consumer.internals.ConsumerCoordinator - [Consumer clientId=consumer-document-workers-7, groupId=document-workers] Found no committed offset for partition document-uploaded-2
2026-04-01 19:46:26 [org.springframework.kafka.KafkaListenerEndpointContainer#0-0-C-1] INFO  org.apache.kafka.clients.consumer.internals.ConsumerCoordinator - [Consumer clientId=consumer-document-workers-7, groupId=document-workers] Found no committed offset for partition document-uploaded-1
2026-04-01 19:46:26 [org.springframework.kafka.KafkaListenerEndpointContainer#0-0-C-1] INFO  org.apache.kafka.clients.consumer.internals.ConsumerUtils - Setting offset for partition document-uploaded-0 to the committed offset FetchPosition{offset=3, offsetEpoch=Optional.empty, currentLeader=LeaderAndEpoch{leader=Optional[localhost:9092 (id: 1 rack: null)], epoch=0}}
2026-04-01 19:46:26 [org.springframework.kafka.KafkaListenerEndpointContainer#0-0-C-1] INFO  org.apache.kafka.clients.consumer.internals.SubscriptionState - [Consumer clientId=consumer-document-workers-7, groupId=document-workers] Resetting offset for partition document-uploaded-2 to position FetchPosition{offset=0, offsetEpoch=Optional.empty, currentLeader=LeaderAndEpoch{leader=Optional[localhost:9092 (id: 1 rack: null)], epoch=0}}.
2026-04-01 19:46:26 [org.springframework.kafka.KafkaListenerEndpointContainer#0-0-C-1] INFO  org.apache.kafka.clients.consumer.internals.SubscriptionState - [Consumer clientId=consumer-document-workers-7, groupId=document-workers] Resetting offset for partition document-uploaded-1 to position FetchPosition{offset=0, offsetEpoch=Optional.empty, currentLeader=LeaderAndEpoch{leader=Optional[localhost:9092 (id: 1 rack: null)], epoch=0}}.
2026-04-01 19:46:26 [org.springframework.kafka.KafkaListenerEndpointContainer#0-0-C-1] INFO  org.springframework.kafka.listener.KafkaMessageListenerContainer - document-workers: partitions assigned: [document-uploaded-0, document-uploaded-1, document-uploaded-2]
2026-04-01 19:52:15 [org.springframework.kafka.KafkaListenerEndpointContainer#0-0-C-1] INFO  org.apache.kafka.clients.consumer.internals.ConsumerRebalanceListenerInvoker - [Consumer clientId=consumer-document-workers-7, groupId=document-workers] Revoke previously assigned partitions document-uploaded-0, document-uploaded-1, document-uploaded-2
2026-04-01 19:52:15 [org.springframework.kafka.KafkaListenerEndpointContainer#0-0-C-1] INFO  org.springframework.kafka.listener.KafkaMessageListenerContainer - document-workers: partitions revoked: [document-uploaded-0, document-uploaded-1, document-uploaded-2]
2026-04-01 19:52:15 [org.springframework.kafka.KafkaListenerEndpointContainer#0-0-C-1] INFO  org.apache.kafka.clients.consumer.internals.ConsumerCoordinator - [Consumer clientId=consumer-document-workers-7, groupId=document-workers] Member consumer-document-workers-7-4c1f779e-51eb-4b26-a2c2-1d7fd45d30b3 sending LeaveGroup request to coordinator localhost:9092 (id: 2147483646 rack: null) due to the consumer unsubscribed from all topics
2026-04-01 19:52:15 [org.springframework.kafka.KafkaListenerEndpointContainer#0-0-C-1] INFO  org.apache.kafka.clients.consumer.internals.ConsumerCoordinator - [Consumer clientId=consumer-document-workers-7, groupId=document-workers] Resetting generation and member id due to: consumer pro-actively leaving the group
2026-04-01 19:52:15 [org.springframework.kafka.KafkaListenerEndpointContainer#0-0-C-1] INFO  org.apache.kafka.clients.consumer.internals.ConsumerCoordinator - [Consumer clientId=consumer-document-workers-7, groupId=document-workers] Request joining group due to: consumer pro-actively leaving the group
2026-04-01 19:52:15 [org.springframework.kafka.KafkaListenerEndpointContainer#0-0-C-1] INFO  org.apache.kafka.clients.consumer.internals.LegacyKafkaConsumer - [Consumer clientId=consumer-document-workers-7, groupId=document-workers] Unsubscribed all topics or patterns and assigned partitions
2026-04-01 19:52:15 [org.springframework.kafka.KafkaListenerEndpointContainer#0-0-C-1] INFO  org.apache.kafka.clients.consumer.internals.ConsumerCoordinator - [Consumer clientId=consumer-document-workers-7, groupId=document-workers] Resetting generation and member id due to: consumer pro-actively leaving the group
2026-04-01 19:52:15 [org.springframework.kafka.KafkaListenerEndpointContainer#0-0-C-1] INFO  org.apache.kafka.clients.consumer.internals.ConsumerCoordinator - [Consumer clientId=consumer-document-workers-7, groupId=document-workers] Request joining group due to: consumer pro-actively leaving the group
2026-04-01 19:52:15 [org.springframework.kafka.KafkaListenerEndpointContainer#0-0-C-1] INFO  org.apache.kafka.common.metrics.Metrics - Metrics scheduler closed
2026-04-01 19:52:15 [org.springframework.kafka.KafkaListenerEndpointContainer#0-0-C-1] INFO  org.apache.kafka.common.metrics.Metrics - Closing reporter org.apache.kafka.common.metrics.JmxReporter
2026-04-01 19:52:15 [org.springframework.kafka.KafkaListenerEndpointContainer#0-0-C-1] INFO  org.apache.kafka.common.metrics.Metrics - Closing reporter org.apache.kafka.common.telemetry.internals.ClientTelemetryReporter
2026-04-01 19:52:15 [org.springframework.kafka.KafkaListenerEndpointContainer#0-0-C-1] INFO  org.apache.kafka.common.metrics.Metrics - Metrics reporters closed
2026-04-01 19:52:15 [org.springframework.kafka.KafkaListenerEndpointContainer#0-0-C-1] INFO  org.apache.kafka.common.utils.AppInfoParser - App info kafka.consumer for consumer-document-workers-7 unregistered
2026-04-01 19:52:15 [org.springframework.kafka.KafkaListenerEndpointContainer#0-0-C-1] INFO  org.springframework.kafka.listener.KafkaMessageListenerContainer - document-workers: Consumer stopped
2026-04-01 19:52:15 [SpringApplicationShutdownHook] INFO  org.springframework.orm.jpa.LocalContainerEntityManagerFactoryBean - Closing JPA EntityManagerFactory for persistence unit 'default'
2026-04-01 19:52:15 [SpringApplicationShutdownHook] INFO  com.zaxxer.hikari.HikariDataSource - HikariPool-9 - Shutdown initiated...
2026-04-01 19:52:15 [SpringApplicationShutdownHook] INFO  com.zaxxer.hikari.HikariDataSource - HikariPool-9 - Shutdown completed.
2026-04-01 19:52:20 [background-preinit] INFO  org.hibernate.validator.internal.util.Version - HV000001: Hibernate Validator 8.0.1.Final
2026-04-01 19:52:20 [restartedMain] INFO  com.gyan.GyanApplication - Starting GyanApplication using Java 21.0.8 with PID 22280 (C:\Users\manjk\OneDrive\Desktop\Discipline\gyan\backend\target\classes started by manjk in C:\Users\manjk\OneDrive\Desktop\Discipline\gyan\backend)
2026-04-01 19:52:20 [restartedMain] INFO  com.gyan.GyanApplication - No active profile set, falling back to 1 default profile: "default"
2026-04-01 19:52:20 [restartedMain] INFO  org.springframework.boot.devtools.env.DevToolsPropertyDefaultsPostProcessor - Devtools property defaults active! Set 'spring.devtools.add-properties' to 'false' to disable
2026-04-01 19:52:20 [restartedMain] INFO  org.springframework.boot.devtools.env.DevToolsPropertyDefaultsPostProcessor - For additional web related logging consider setting the 'logging.level.web' property to 'DEBUG'
2026-04-01 19:52:21 [restartedMain] INFO  org.springframework.data.repository.config.RepositoryConfigurationDelegate - Multiple Spring Data modules found, entering strict repository configuration mode
2026-04-01 19:52:21 [restartedMain] INFO  org.springframework.data.repository.config.RepositoryConfigurationDelegate - Bootstrapping Spring Data Elasticsearch repositories in DEFAULT mode.
2026-04-01 19:52:22 [restartedMain] INFO  org.springframework.data.repository.config.RepositoryConfigurationExtensionSupport - Spring Data Elasticsearch - Could not safely identify store assignment for repository candidate interface com.gyan.repository.ChatRepository; If you want this repository to be a Elasticsearch repository, consider annotating your entities with one of these annotations: org.springframework.data.elasticsearch.annotations.Document (preferred), or consider extending one of the following types with your repository: org.springframework.data.elasticsearch.repository.ElasticsearchRepository
2026-04-01 19:52:22 [restartedMain] INFO  org.springframework.data.repository.config.RepositoryConfigurationExtensionSupport - Spring Data Elasticsearch - Could not safely identify store assignment for repository candidate interface com.gyan.repository.DocumentChunkRepository; If you want this repository to be a Elasticsearch repository, consider annotating your entities with one of these annotations: org.springframework.data.elasticsearch.annotations.Document (preferred), or consider extending one of the following types with your repository: org.springframework.data.elasticsearch.repository.ElasticsearchRepository
2026-04-01 19:52:22 [restartedMain] INFO  org.springframework.data.repository.config.RepositoryConfigurationExtensionSupport - Spring Data Elasticsearch - Could not safely identify store assignment for repository candidate interface com.gyan.repository.DocumentRepository; If you want this repository to be a Elasticsearch repository, consider annotating your entities with one of these annotations: org.springframework.data.elasticsearch.annotations.Document (preferred), or consider extending one of the following types with your repository: org.springframework.data.elasticsearch.repository.ElasticsearchRepository
2026-04-01 19:52:22 [restartedMain] INFO  org.springframework.data.repository.config.RepositoryConfigurationExtensionSupport - Spring Data Elasticsearch - Could not safely identify store assignment for repository candidate interface com.gyan.repository.UserRepository; If you want this repository to be a Elasticsearch repository, consider annotating your entities with one of these annotations: org.springframework.data.elasticsearch.annotations.Document (preferred), or consider extending one of the following types with your repository: org.springframework.data.elasticsearch.repository.ElasticsearchRepository
2026-04-01 19:52:22 [restartedMain] INFO  org.springframework.data.repository.config.RepositoryConfigurationDelegate - Finished Spring Data repository scanning in 86 ms. Found 1 Elasticsearch repository interface.
2026-04-01 19:52:22 [restartedMain] INFO  org.springframework.data.repository.config.RepositoryConfigurationDelegate - Multiple Spring Data modules found, entering strict repository configuration mode
2026-04-01 19:52:22 [restartedMain] INFO  org.springframework.data.repository.config.RepositoryConfigurationDelegate - Bootstrapping Spring Data JPA repositories in DEFAULT mode.
2026-04-01 19:52:22 [restartedMain] INFO  org.springframework.data.repository.config.RepositoryConfigurationExtensionSupport - Spring Data JPA - Could not safely identify store assignment for repository candidate interface com.gyan.repository.DocumentSearchRepository; If you want this repository to be a JPA repository, consider annotating your entities with one of these annotations: jakarta.persistence.Entity, jakarta.persistence.MappedSuperclass (preferred), or consider extending one of the following types with your repository: org.springframework.data.jpa.repository.JpaRepository
2026-04-01 19:52:22 [restartedMain] INFO  org.springframework.data.repository.config.RepositoryConfigurationDelegate - Finished Spring Data repository scanning in 29 ms. Found 4 JPA repository interfaces.
2026-04-01 19:52:23 [restartedMain] INFO  org.springframework.boot.web.embedded.tomcat.TomcatWebServer - Tomcat initialized with port 8080 (http)
2026-04-01 19:52:23 [restartedMain] INFO  org.apache.coyote.http11.Http11NioProtocol - Initializing ProtocolHandler ["http-nio-8080"]
2026-04-01 19:52:23 [restartedMain] INFO  org.apache.catalina.core.StandardService - Starting service [Tomcat]
2026-04-01 19:52:23 [restartedMain] INFO  org.apache.catalina.core.StandardEngine - Starting Servlet engine: [Apache Tomcat/10.1.31]
2026-04-01 19:52:23 [restartedMain] INFO  org.apache.catalina.core.ContainerBase.[Tomcat].[localhost].[/] - Initializing Spring embedded WebApplicationContext
2026-04-01 19:52:23 [restartedMain] INFO  org.springframework.boot.web.servlet.context.ServletWebServerApplicationContext - Root WebApplicationContext: initialization completed in 3032 ms
2026-04-01 19:52:24 [restartedMain] INFO  org.hibernate.jpa.internal.util.LogHelper - HHH000204: Processing PersistenceUnitInfo [name: default]
2026-04-01 19:52:24 [restartedMain] INFO  org.hibernate.Version - HHH000412: Hibernate ORM core version 6.5.3.Final
2026-04-01 19:52:24 [restartedMain] INFO  org.hibernate.cache.internal.RegionFactoryInitiator - HHH000026: Second-level cache disabled
2026-04-01 19:52:24 [restartedMain] INFO  org.springframework.orm.jpa.persistenceunit.SpringPersistenceUnitInfo - No LoadTimeWeaver setup: ignoring JPA class transformer
2026-04-01 19:52:24 [restartedMain] INFO  com.zaxxer.hikari.HikariDataSource - HikariPool-1 - Starting...
2026-04-01 19:52:24 [restartedMain] INFO  com.zaxxer.hikari.pool.HikariPool - HikariPool-1 - Added connection org.postgresql.jdbc.PgConnection@6c59a826
2026-04-01 19:52:24 [restartedMain] INFO  com.zaxxer.hikari.HikariDataSource - HikariPool-1 - Start completed.
2026-04-01 19:52:25 [restartedMain] WARN  org.hibernate.orm.deprecation - HHH90000025: PostgreSQLDialect does not need to be specified explicitly using 'hibernate.dialect' (remove the property setting and it will be selected by default)
2026-04-01 19:52:26 [restartedMain] INFO  org.hibernate.engine.transaction.jta.platform.internal.JtaPlatformInitiator - HHH000489: No JTA platform available (set 'hibernate.transaction.jta.platform' to enable JTA platform integration)
2026-04-01 19:52:26 [restartedMain] INFO  org.springframework.orm.jpa.LocalContainerEntityManagerFactoryBean - Initialized JPA EntityManagerFactory for persistence unit 'default'
2026-04-01 19:52:28 [restartedMain] INFO  org.springframework.boot.devtools.autoconfigure.OptionalLiveReloadServer - LiveReload server is running on port 35729
2026-04-01 19:52:28 [restartedMain] WARN  org.springframework.boot.autoconfigure.orm.jpa.JpaBaseConfiguration$JpaWebConfiguration - spring.jpa.open-in-view is enabled by default. Therefore, database queries may be performed during view rendering. Explicitly configure spring.jpa.open-in-view to disable this warning
2026-04-01 19:52:29 [restartedMain] WARN  org.springframework.boot.autoconfigure.security.servlet.UserDetailsServiceAutoConfiguration - 

Using generated security password: 3b4010f4-fac1-421c-9c15-b004504f8cc2

This generated password is for development use only. Your security configuration must be updated before running your application in production.

2026-04-01 19:52:29 [restartedMain] INFO  org.springframework.security.config.annotation.authentication.configuration.InitializeUserDetailsBeanManagerConfigurer$InitializeUserDetailsManagerConfigurer - Global AuthenticationManager configured with UserDetailsService bean with name inMemoryUserDetailsManager
2026-04-01 19:52:30 [restartedMain] INFO  org.apache.kafka.clients.admin.AdminClientConfig - AdminClientConfig values: 
	auto.include.jmx.reporter = true
	bootstrap.controllers = []
	bootstrap.servers = [localhost:9092]
	client.dns.lookup = use_all_dns_ips
	client.id = gyan-admin-0
	connections.max.idle.ms = 300000
	default.api.timeout.ms = 60000
	enable.metrics.push = true
	metadata.max.age.ms = 300000
	metric.reporters = []
	metrics.num.samples = 2
	metrics.recording.level = INFO
	metrics.sample.window.ms = 30000
	receive.buffer.bytes = 65536
	reconnect.backoff.max.ms = 1000
	reconnect.backoff.ms = 50
	request.timeout.ms = 30000
	retries = 2147483647
	retry.backoff.max.ms = 1000
	retry.backoff.ms = 100
	sasl.client.callback.handler.class = null
	sasl.jaas.config = null
	sasl.kerberos.kinit.cmd = /usr/bin/kinit
	sasl.kerberos.min.time.before.relogin = 60000
	sasl.kerberos.service.name = null
	sasl.kerberos.ticket.renew.jitter = 0.05
	sasl.kerberos.ticket.renew.window.factor = 0.8
	sasl.login.callback.handler.class = null
	sasl.login.class = null
	sasl.login.connect.timeout.ms = null
	sasl.login.read.timeout.ms = null
	sasl.login.refresh.buffer.seconds = 300
	sasl.login.refresh.min.period.seconds = 60
	sasl.login.refresh.window.factor = 0.8
	sasl.login.refresh.window.jitter = 0.05
	sasl.login.retry.backoff.max.ms = 10000
	sasl.login.retry.backoff.ms = 100
	sasl.mechanism = GSSAPI
	sasl.oauthbearer.clock.skew.seconds = 30
	sasl.oauthbearer.expected.audience = null
	sasl.oauthbearer.expected.issuer = null
	sasl.oauthbearer.jwks.endpoint.refresh.ms = 3600000
	sasl.oauthbearer.jwks.endpoint.retry.backoff.max.ms = 10000
	sasl.oauthbearer.jwks.endpoint.retry.backoff.ms = 100
	sasl.oauthbearer.jwks.endpoint.url = null
	sasl.oauthbearer.scope.claim.name = scope
	sasl.oauthbearer.sub.claim.name = sub
	sasl.oauthbearer.token.endpoint.url = null
	security.protocol = PLAINTEXT
	security.providers = null
	send.buffer.bytes = 131072
	socket.connection.setup.timeout.max.ms = 30000
	socket.connection.setup.timeout.ms = 10000
	ssl.cipher.suites = null
	ssl.enabled.protocols = [TLSv1.2, TLSv1.3]
	ssl.endpoint.identification.algorithm = https
	ssl.engine.factory.class = null
	ssl.key.password = null
	ssl.keymanager.algorithm = SunX509
	ssl.keystore.certificate.chain = null
	ssl.keystore.key = null
	ssl.keystore.location = null
	ssl.keystore.password = null
	ssl.keystore.type = JKS
	ssl.protocol = TLSv1.3
	ssl.provider = null
	ssl.secure.random.implementation = null
	ssl.trustmanager.algorithm = PKIX
	ssl.truststore.certificates = null
	ssl.truststore.location = null
	ssl.truststore.password = null
	ssl.truststore.type = JKS

2026-04-01 19:52:30 [restartedMain] INFO  org.apache.kafka.common.utils.AppInfoParser - Kafka version: 3.7.1
2026-04-01 19:52:30 [restartedMain] INFO  org.apache.kafka.common.utils.AppInfoParser - Kafka commitId: e2494e6ffb89f828
2026-04-01 19:52:30 [restartedMain] INFO  org.apache.kafka.common.utils.AppInfoParser - Kafka startTimeMs: 1775053350296
2026-04-01 19:52:30 [kafka-admin-client-thread | gyan-admin-0] INFO  org.apache.kafka.common.utils.AppInfoParser - App info kafka.admin.client for gyan-admin-0 unregistered
2026-04-01 19:52:30 [kafka-admin-client-thread | gyan-admin-0] INFO  org.apache.kafka.common.metrics.Metrics - Metrics scheduler closed
2026-04-01 19:52:30 [kafka-admin-client-thread | gyan-admin-0] INFO  org.apache.kafka.common.metrics.Metrics - Closing reporter org.apache.kafka.common.metrics.JmxReporter
2026-04-01 19:52:30 [kafka-admin-client-thread | gyan-admin-0] INFO  org.apache.kafka.common.metrics.Metrics - Metrics reporters closed
2026-04-01 19:52:30 [restartedMain] INFO  org.apache.coyote.http11.Http11NioProtocol - Starting ProtocolHandler ["http-nio-8080"]
2026-04-01 19:52:30 [restartedMain] INFO  org.springframework.boot.web.embedded.tomcat.TomcatWebServer - Tomcat started on port 8080 (http) with context path '/'
2026-04-01 19:52:30 [restartedMain] INFO  org.apache.kafka.clients.consumer.ConsumerConfig - ConsumerConfig values: 
	allow.auto.create.topics = true
	auto.commit.interval.ms = 5000
	auto.include.jmx.reporter = true
	auto.offset.reset = earliest
	bootstrap.servers = [localhost:9092]
	check.crcs = true
	client.dns.lookup = use_all_dns_ips
	client.id = consumer-document-workers-1
	client.rack = 
	connections.max.idle.ms = 540000
	default.api.timeout.ms = 60000
	enable.auto.commit = false
	enable.metrics.push = true
	exclude.internal.topics = true
	fetch.max.bytes = 52428800
	fetch.max.wait.ms = 500
	fetch.min.bytes = 1
	group.id = document-workers
	group.instance.id = null
	group.protocol = classic
	group.remote.assignor = null
	heartbeat.interval.ms = 3000
	interceptor.classes = []
	internal.leave.group.on.close = true
	internal.throw.on.fetch.stable.offset.unsupported = false
	isolation.level = read_uncommitted
	key.deserializer = class org.apache.kafka.common.serialization.StringDeserializer
	max.partition.fetch.bytes = 1048576
	max.poll.interval.ms = 300000
	max.poll.records = 500
	metadata.max.age.ms = 300000
	metric.reporters = []
	metrics.num.samples = 2
	metrics.recording.level = INFO
	metrics.sample.window.ms = 30000
	partition.assignment.strategy = [class org.apache.kafka.clients.consumer.RangeAssignor, class org.apache.kafka.clients.consumer.CooperativeStickyAssignor]
	receive.buffer.bytes = 65536
	reconnect.backoff.max.ms = 1000
	reconnect.backoff.ms = 50
	request.timeout.ms = 30000
	retry.backoff.max.ms = 1000
	retry.backoff.ms = 100
	sasl.client.callback.handler.class = null
	sasl.jaas.config = null
	sasl.kerberos.kinit.cmd = /usr/bin/kinit
	sasl.kerberos.min.time.before.relogin = 60000
	sasl.kerberos.service.name = null
	sasl.kerberos.ticket.renew.jitter = 0.05
	sasl.kerberos.ticket.renew.window.factor = 0.8
	sasl.login.callback.handler.class = null
	sasl.login.class = null
	sasl.login.connect.timeout.ms = null
	sasl.login.read.timeout.ms = null
	sasl.login.refresh.buffer.seconds = 300
	sasl.login.refresh.min.period.seconds = 60
	sasl.login.refresh.window.factor = 0.8
	sasl.login.refresh.window.jitter = 0.05
	sasl.login.retry.backoff.max.ms = 10000
	sasl.login.retry.backoff.ms = 100
	sasl.mechanism = GSSAPI
	sasl.oauthbearer.clock.skew.seconds = 30
	sasl.oauthbearer.expected.audience = null
	sasl.oauthbearer.expected.issuer = null
	sasl.oauthbearer.jwks.endpoint.refresh.ms = 3600000
	sasl.oauthbearer.jwks.endpoint.retry.backoff.max.ms = 10000
	sasl.oauthbearer.jwks.endpoint.retry.backoff.ms = 100
	sasl.oauthbearer.jwks.endpoint.url = null
	sasl.oauthbearer.scope.claim.name = scope
	sasl.oauthbearer.sub.claim.name = sub
	sasl.oauthbearer.token.endpoint.url = null
	security.protocol = PLAINTEXT
	security.providers = null
	send.buffer.bytes = 131072
	session.timeout.ms = 45000
	socket.connection.setup.timeout.max.ms = 30000
	socket.connection.setup.timeout.ms = 10000
	ssl.cipher.suites = null
	ssl.enabled.protocols = [TLSv1.2, TLSv1.3]
	ssl.endpoint.identification.algorithm = https
	ssl.engine.factory.class = null
	ssl.key.password = null
	ssl.keymanager.algorithm = SunX509
	ssl.keystore.certificate.chain = null
	ssl.keystore.key = null
	ssl.keystore.location = null
	ssl.keystore.password = null
	ssl.keystore.type = JKS
	ssl.protocol = TLSv1.3
	ssl.provider = null
	ssl.secure.random.implementation = null
	ssl.trustmanager.algorithm = PKIX
	ssl.truststore.certificates = null
	ssl.truststore.location = null
	ssl.truststore.password = null
	ssl.truststore.type = JKS
	value.deserializer = class org.springframework.kafka.support.serializer.JsonDeserializer

2026-04-01 19:52:30 [restartedMain] INFO  org.apache.kafka.common.telemetry.internals.KafkaMetricsCollector - initializing Kafka metrics collector
2026-04-01 19:52:31 [restartedMain] INFO  org.apache.kafka.common.utils.AppInfoParser - Kafka version: 3.7.1
2026-04-01 19:52:31 [restartedMain] INFO  org.apache.kafka.common.utils.AppInfoParser - Kafka commitId: e2494e6ffb89f828
2026-04-01 19:52:31 [restartedMain] INFO  org.apache.kafka.common.utils.AppInfoParser - Kafka startTimeMs: 1775053351059
2026-04-01 19:52:31 [restartedMain] INFO  org.apache.kafka.clients.consumer.internals.LegacyKafkaConsumer - [Consumer clientId=consumer-document-workers-1, groupId=document-workers] Subscribed to topic(s): document-uploaded
2026-04-01 19:52:31 [restartedMain] INFO  com.gyan.GyanApplication - Started GyanApplication in 11.079 seconds (process running for 11.664)
2026-04-01 19:52:31 [org.springframework.kafka.KafkaListenerEndpointContainer#0-0-C-1] INFO  org.apache.kafka.clients.Metadata - [Consumer clientId=consumer-document-workers-1, groupId=document-workers] Cluster ID: phIC6OCuTGem87Ywbqq44Q
2026-04-01 19:52:31 [org.springframework.kafka.KafkaListenerEndpointContainer#0-0-C-1] INFO  org.apache.kafka.clients.consumer.internals.ConsumerCoordinator - [Consumer clientId=consumer-document-workers-1, groupId=document-workers] Discovered group coordinator localhost:9092 (id: 2147483646 rack: null)
2026-04-01 19:52:31 [org.springframework.kafka.KafkaListenerEndpointContainer#0-0-C-1] INFO  org.apache.kafka.clients.consumer.internals.ConsumerCoordinator - [Consumer clientId=consumer-document-workers-1, groupId=document-workers] (Re-)joining group
2026-04-01 19:52:31 [org.springframework.kafka.KafkaListenerEndpointContainer#0-0-C-1] INFO  org.apache.kafka.clients.consumer.internals.ConsumerCoordinator - [Consumer clientId=consumer-document-workers-1, groupId=document-workers] Request joining group due to: need to re-join with the given member-id: consumer-document-workers-1-9e82615f-27bd-47bb-b5f9-40f42c4c8ed0
2026-04-01 19:52:31 [org.springframework.kafka.KafkaListenerEndpointContainer#0-0-C-1] INFO  org.apache.kafka.clients.consumer.internals.ConsumerCoordinator - [Consumer clientId=consumer-document-workers-1, groupId=document-workers] (Re-)joining group
2026-04-01 19:52:34 [org.springframework.kafka.KafkaListenerEndpointContainer#0-0-C-1] INFO  org.apache.kafka.clients.consumer.internals.ConsumerCoordinator - [Consumer clientId=consumer-document-workers-1, groupId=document-workers] Successfully joined group with generation Generation{generationId=20, memberId='consumer-document-workers-1-9e82615f-27bd-47bb-b5f9-40f42c4c8ed0', protocol='range'}
2026-04-01 19:52:34 [org.springframework.kafka.KafkaListenerEndpointContainer#0-0-C-1] INFO  org.apache.kafka.clients.consumer.internals.ConsumerCoordinator - [Consumer clientId=consumer-document-workers-1, groupId=document-workers] Finished assignment for group at generation 20: {consumer-document-workers-1-9e82615f-27bd-47bb-b5f9-40f42c4c8ed0=Assignment(partitions=[document-uploaded-0, document-uploaded-1, document-uploaded-2])}
2026-04-01 19:52:34 [org.springframework.kafka.KafkaListenerEndpointContainer#0-0-C-1] INFO  org.apache.kafka.clients.consumer.internals.ConsumerCoordinator - [Consumer clientId=consumer-document-workers-1, groupId=document-workers] Successfully synced group in generation Generation{generationId=20, memberId='consumer-document-workers-1-9e82615f-27bd-47bb-b5f9-40f42c4c8ed0', protocol='range'}
2026-04-01 19:52:34 [org.springframework.kafka.KafkaListenerEndpointContainer#0-0-C-1] INFO  org.apache.kafka.clients.consumer.internals.ConsumerCoordinator - [Consumer clientId=consumer-document-workers-1, groupId=document-workers] Notifying assignor about the new Assignment(partitions=[document-uploaded-0, document-uploaded-1, document-uploaded-2])
2026-04-01 19:52:34 [org.springframework.kafka.KafkaListenerEndpointContainer#0-0-C-1] INFO  org.apache.kafka.clients.consumer.internals.ConsumerRebalanceListenerInvoker - [Consumer clientId=consumer-document-workers-1, groupId=document-workers] Adding newly assigned partitions: document-uploaded-0, document-uploaded-1, document-uploaded-2
2026-04-01 19:52:34 [org.springframework.kafka.KafkaListenerEndpointContainer#0-0-C-1] INFO  org.apache.kafka.clients.consumer.internals.ConsumerCoordinator - [Consumer clientId=consumer-document-workers-1, groupId=document-workers] Found no committed offset for partition document-uploaded-2
2026-04-01 19:52:34 [org.springframework.kafka.KafkaListenerEndpointContainer#0-0-C-1] INFO  org.apache.kafka.clients.consumer.internals.ConsumerCoordinator - [Consumer clientId=consumer-document-workers-1, groupId=document-workers] Found no committed offset for partition document-uploaded-1
2026-04-01 19:52:34 [org.springframework.kafka.KafkaListenerEndpointContainer#0-0-C-1] INFO  org.apache.kafka.clients.consumer.internals.ConsumerUtils - Setting offset for partition document-uploaded-0 to the committed offset FetchPosition{offset=3, offsetEpoch=Optional.empty, currentLeader=LeaderAndEpoch{leader=Optional[localhost:9092 (id: 1 rack: null)], epoch=0}}
2026-04-01 19:52:34 [org.springframework.kafka.KafkaListenerEndpointContainer#0-0-C-1] INFO  org.apache.kafka.clients.consumer.internals.SubscriptionState - [Consumer clientId=consumer-document-workers-1, groupId=document-workers] Resetting offset for partition document-uploaded-2 to position FetchPosition{offset=0, offsetEpoch=Optional.empty, currentLeader=LeaderAndEpoch{leader=Optional[localhost:9092 (id: 1 rack: null)], epoch=0}}.
2026-04-01 19:52:34 [org.springframework.kafka.KafkaListenerEndpointContainer#0-0-C-1] INFO  org.apache.kafka.clients.consumer.internals.SubscriptionState - [Consumer clientId=consumer-document-workers-1, groupId=document-workers] Resetting offset for partition document-uploaded-1 to position FetchPosition{offset=0, offsetEpoch=Optional.empty, currentLeader=LeaderAndEpoch{leader=Optional[localhost:9092 (id: 1 rack: null)], epoch=0}}.
2026-04-01 19:52:34 [org.springframework.kafka.KafkaListenerEndpointContainer#0-0-C-1] INFO  org.springframework.kafka.listener.KafkaMessageListenerContainer - document-workers: partitions assigned: [document-uploaded-0, document-uploaded-1, document-uploaded-2]
2026-04-01 19:53:08 [http-nio-8080-exec-1] INFO  org.apache.catalina.core.ContainerBase.[Tomcat].[localhost].[/] - Initializing Spring DispatcherServlet 'dispatcherServlet'
2026-04-01 19:53:08 [http-nio-8080-exec-1] INFO  org.springframework.web.servlet.DispatcherServlet - Initializing Servlet 'dispatcherServlet'
2026-04-01 19:53:08 [http-nio-8080-exec-1] INFO  org.springframework.web.servlet.DispatcherServlet - Completed initialization in 2 ms
2026-04-01 19:53:08 [http-nio-8080-exec-1] INFO  com.gyan.util.RequestLoggingFilter - Request b7c175bc-cf59-4194-8b1d-f265a6e163b7 started: POST /auth/login
2026-04-01 19:53:08 [http-nio-8080-exec-1] INFO  com.gyan.util.RequestLoggingFilter - Request b7c175bc-cf59-4194-8b1d-f265a6e163b7 completed with status 200
2026-04-01 19:54:28 [http-nio-8080-exec-2] INFO  com.gyan.util.RequestLoggingFilter - Request 1d3ab8ab-2aef-4c31-aa5c-b6899f7792e6 started: GET /chats
2026-04-01 19:54:28 [http-nio-8080-exec-2] INFO  com.gyan.util.RequestLoggingFilter - Request 1d3ab8ab-2aef-4c31-aa5c-b6899f7792e6 completed with status 200
2026-04-01 19:54:28 [http-nio-8080-exec-5] INFO  com.gyan.util.RequestLoggingFilter - Request dc5b405e-d518-49ec-bef1-3f4f8ae1e7db started: GET /chats
2026-04-01 19:54:28 [http-nio-8080-exec-5] INFO  com.gyan.util.RequestLoggingFilter - Request dc5b405e-d518-49ec-bef1-3f4f8ae1e7db completed with status 200
2026-04-01 19:54:47 [http-nio-8080-exec-4] INFO  com.gyan.util.RequestLoggingFilter - Request 28d6af43-41ba-4a37-829f-209dea932f45 started: POST /chats
2026-04-01 19:54:47 [http-nio-8080-exec-4] INFO  com.gyan.util.RequestLoggingFilter - Request 28d6af43-41ba-4a37-829f-209dea932f45 completed with status 200
2026-04-01 19:54:47 [http-nio-8080-exec-3] INFO  com.gyan.util.RequestLoggingFilter - Request ca88d466-acdc-42b0-8a87-ebda42bf25d4 started: GET /chats
2026-04-01 19:54:47 [http-nio-8080-exec-3] INFO  com.gyan.util.RequestLoggingFilter - Request ca88d466-acdc-42b0-8a87-ebda42bf25d4 completed with status 200
2026-04-01 19:54:47 [http-nio-8080-exec-6] INFO  com.gyan.util.RequestLoggingFilter - Request 0c990088-40a3-4f3c-8a9c-6e72473a7740 started: GET /chats/1
2026-04-01 19:54:47 [http-nio-8080-exec-7] INFO  com.gyan.util.RequestLoggingFilter - Request 52b378a6-3b30-4844-9eea-dac109359515 started: GET /documents/chats/1
2026-04-01 19:54:47 [http-nio-8080-exec-6] INFO  com.gyan.util.RequestLoggingFilter - Request 0c990088-40a3-4f3c-8a9c-6e72473a7740 completed with status 200
2026-04-01 19:54:47 [http-nio-8080-exec-8] INFO  com.gyan.util.RequestLoggingFilter - Request 0323569e-973d-44f4-ae74-a593ae5e02b1 started: GET /chats/1
2026-04-01 19:54:47 [http-nio-8080-exec-8] INFO  com.gyan.util.RequestLoggingFilter - Request 0323569e-973d-44f4-ae74-a593ae5e02b1 completed with status 200
2026-04-01 19:54:47 [http-nio-8080-exec-7] WARN  org.springframework.data.web.config.SpringDataJacksonConfiguration$PageModule$WarningLoggingModifier - Serializing PageImpl instances as-is is not supported, meaning that there is no guarantee about the stability of the resulting JSON structure!
	For a stable JSON structure, please use Spring Data's PagedModel (globally via @EnableSpringDataWebSupport(pageSerializationMode = VIA_DTO))
	or Spring HATEOAS and Spring Data's PagedResourcesAssembler as documented in https://docs.spring.io/spring-data/commons/reference/repositories/core-extensions.html#core.web.pageables.

2026-04-01 19:54:47 [http-nio-8080-exec-7] INFO  com.gyan.util.RequestLoggingFilter - Request 52b378a6-3b30-4844-9eea-dac109359515 completed with status 200
2026-04-01 19:54:47 [http-nio-8080-exec-9] INFO  com.gyan.util.RequestLoggingFilter - Request 29b825c5-755c-48a5-a392-53e7221f527b started: GET /documents/chats/1
2026-04-01 19:54:47 [http-nio-8080-exec-9] INFO  com.gyan.util.RequestLoggingFilter - Request 29b825c5-755c-48a5-a392-53e7221f527b completed with status 200
2026-04-01 19:54:58 [http-nio-8080-exec-10] INFO  com.gyan.util.RequestLoggingFilter - Request 98dced52-7f0c-4f93-b5dc-b1d0fa12e9b9 started: GET /chats
2026-04-01 19:54:58 [http-nio-8080-exec-10] INFO  com.gyan.util.RequestLoggingFilter - Request 98dced52-7f0c-4f93-b5dc-b1d0fa12e9b9 completed with status 200
2026-04-01 19:54:58 [http-nio-8080-exec-1] INFO  com.gyan.util.RequestLoggingFilter - Request ba867051-55c8-457b-869e-a7c7def71022 started: GET /chats
2026-04-01 19:54:58 [http-nio-8080-exec-1] INFO  com.gyan.util.RequestLoggingFilter - Request ba867051-55c8-457b-869e-a7c7def71022 completed with status 200
2026-04-01 19:55:04 [http-nio-8080-exec-5] INFO  com.gyan.util.RequestLoggingFilter - Request 11716115-6215-4702-8c11-81c41f0f06dd started: GET /documents/chats/1
2026-04-01 19:55:04 [http-nio-8080-exec-2] INFO  com.gyan.util.RequestLoggingFilter - Request 4508a6a6-0101-4e5d-90f8-cd8d521989a7 started: GET /chats/1
2026-04-01 19:55:04 [http-nio-8080-exec-2] INFO  com.gyan.util.RequestLoggingFilter - Request 4508a6a6-0101-4e5d-90f8-cd8d521989a7 completed with status 200
2026-04-01 19:55:04 [http-nio-8080-exec-5] INFO  com.gyan.util.RequestLoggingFilter - Request 11716115-6215-4702-8c11-81c41f0f06dd completed with status 200
2026-04-01 19:55:04 [http-nio-8080-exec-3] INFO  com.gyan.util.RequestLoggingFilter - Request cf462ff7-23a3-4ffa-bd32-e45b711e60ad started: GET /documents/chats/1
2026-04-01 19:55:04 [http-nio-8080-exec-4] INFO  com.gyan.util.RequestLoggingFilter - Request 7909e3d1-8d3d-4d0a-833a-b4888a01ffa2 started: GET /chats/1
2026-04-01 19:55:04 [http-nio-8080-exec-3] INFO  com.gyan.util.RequestLoggingFilter - Request cf462ff7-23a3-4ffa-bd32-e45b711e60ad completed with status 200
2026-04-01 19:55:04 [http-nio-8080-exec-4] INFO  com.gyan.util.RequestLoggingFilter - Request 7909e3d1-8d3d-4d0a-833a-b4888a01ffa2 completed with status 200
2026-04-01 19:55:26 [http-nio-8080-exec-6] INFO  com.gyan.util.RequestLoggingFilter - Request d0aec58a-09cd-46a0-958a-6839ff7b9a1c started: GET /chats
2026-04-01 19:55:26 [http-nio-8080-exec-6] INFO  com.gyan.util.RequestLoggingFilter - Request d0aec58a-09cd-46a0-958a-6839ff7b9a1c completed with status 200
2026-04-01 19:55:26 [http-nio-8080-exec-8] INFO  com.gyan.util.RequestLoggingFilter - Request 333364d4-ce24-4ddb-88d3-c9d61ba8d633 started: GET /chats
2026-04-01 19:55:26 [http-nio-8080-exec-8] INFO  com.gyan.util.RequestLoggingFilter - Request 333364d4-ce24-4ddb-88d3-c9d61ba8d633 completed with status 200
2026-04-01 19:55:28 [http-nio-8080-exec-7] INFO  com.gyan.util.RequestLoggingFilter - Request 5c1cdea6-f9eb-4910-b6d4-f68f88179be8 started: GET /chats/1
2026-04-01 19:55:28 [http-nio-8080-exec-9] INFO  com.gyan.util.RequestLoggingFilter - Request 4da83c83-3038-45ec-ace9-47da81ed3c13 started: GET /documents/chats/1
2026-04-01 19:55:28 [http-nio-8080-exec-7] INFO  com.gyan.util.RequestLoggingFilter - Request 5c1cdea6-f9eb-4910-b6d4-f68f88179be8 completed with status 200
2026-04-01 19:55:28 [http-nio-8080-exec-9] INFO  com.gyan.util.RequestLoggingFilter - Request 4da83c83-3038-45ec-ace9-47da81ed3c13 completed with status 200
2026-04-01 19:55:28 [http-nio-8080-exec-10] INFO  com.gyan.util.RequestLoggingFilter - Request 18961d80-4fe1-4446-9d57-365f689a3de5 started: GET /chats/1
2026-04-01 19:55:28 [http-nio-8080-exec-1] INFO  com.gyan.util.RequestLoggingFilter - Request 8e473689-6387-4f2b-8f8e-0da74e72055e started: GET /documents/chats/1
2026-04-01 19:55:28 [http-nio-8080-exec-1] INFO  com.gyan.util.RequestLoggingFilter - Request 8e473689-6387-4f2b-8f8e-0da74e72055e completed with status 200
2026-04-01 19:55:28 [http-nio-8080-exec-10] INFO  com.gyan.util.RequestLoggingFilter - Request 18961d80-4fe1-4446-9d57-365f689a3de5 completed with status 200
2026-04-01 19:58:33 [http-nio-8080-exec-2] INFO  com.gyan.util.RequestLoggingFilter - Request 0d3fd395-154f-448d-8bab-6e3f24c71787 started: POST /ai/chats/1/ask
2026-04-01 19:58:33 [http-nio-8080-exec-2] INFO  com.gyan.service.QuestionAnswerService - Generating answers for chat 1 and question explain this document in 200 words
2026-04-01 19:58:34 [http-nio-8080-exec-2] INFO  com.gyan.util.RequestLoggingFilter - Request 0d3fd395-154f-448d-8bab-6e3f24c71787 completed with status 200
2026-04-01 19:58:45 [http-nio-8080-exec-5] INFO  com.gyan.util.RequestLoggingFilter - Request df314eae-d803-41b5-998d-1bb91eb15009 started: POST /documents/chats/1/upload
2026-04-01 19:58:45 [http-nio-8080-exec-5] INFO  org.apache.kafka.clients.producer.ProducerConfig - ProducerConfig values: 
	acks = -1
	auto.include.jmx.reporter = true
	batch.size = 16384
	bootstrap.servers = [localhost:9092]
	buffer.memory = 33554432
	client.dns.lookup = use_all_dns_ips
	client.id = gyan-producer-1
	compression.type = none
	connections.max.idle.ms = 540000
	delivery.timeout.ms = 120000
	enable.idempotence = true
	enable.metrics.push = true
	interceptor.classes = []
	key.serializer = class org.apache.kafka.common.serialization.StringSerializer
	linger.ms = 0
	max.block.ms = 60000
	max.in.flight.requests.per.connection = 5
	max.request.size = 1048576
	metadata.max.age.ms = 300000
	metadata.max.idle.ms = 300000
	metric.reporters = []
	metrics.num.samples = 2
	metrics.recording.level = INFO
	metrics.sample.window.ms = 30000
	partitioner.adaptive.partitioning.enable = true
	partitioner.availability.timeout.ms = 0
	partitioner.class = null
	partitioner.ignore.keys = false
	receive.buffer.bytes = 32768
	reconnect.backoff.max.ms = 1000
	reconnect.backoff.ms = 50
	request.timeout.ms = 30000
	retries = 2147483647
	retry.backoff.max.ms = 1000
	retry.backoff.ms = 100
	sasl.client.callback.handler.class = null
	sasl.jaas.config = null
	sasl.kerberos.kinit.cmd = /usr/bin/kinit
	sasl.kerberos.min.time.before.relogin = 60000
	sasl.kerberos.service.name = null
	sasl.kerberos.ticket.renew.jitter = 0.05
	sasl.kerberos.ticket.renew.window.factor = 0.8
	sasl.login.callback.handler.class = null
	sasl.login.class = null
	sasl.login.connect.timeout.ms = null
	sasl.login.read.timeout.ms = null
	sasl.login.refresh.buffer.seconds = 300
	sasl.login.refresh.min.period.seconds = 60
	sasl.login.refresh.window.factor = 0.8
	sasl.login.refresh.window.jitter = 0.05
	sasl.login.retry.backoff.max.ms = 10000
	sasl.login.retry.backoff.ms = 100
	sasl.mechanism = GSSAPI
	sasl.oauthbearer.clock.skew.seconds = 30
	sasl.oauthbearer.expected.audience = null
	sasl.oauthbearer.expected.issuer = null
	sasl.oauthbearer.jwks.endpoint.refresh.ms = 3600000
	sasl.oauthbearer.jwks.endpoint.retry.backoff.max.ms = 10000
	sasl.oauthbearer.jwks.endpoint.retry.backoff.ms = 100
	sasl.oauthbearer.jwks.endpoint.url = null
	sasl.oauthbearer.scope.claim.name = scope
	sasl.oauthbearer.sub.claim.name = sub
	sasl.oauthbearer.token.endpoint.url = null
	security.protocol = PLAINTEXT
	security.providers = null
	send.buffer.bytes = 131072
	socket.connection.setup.timeout.max.ms = 30000
	socket.connection.setup.timeout.ms = 10000
	ssl.cipher.suites = null
	ssl.enabled.protocols = [TLSv1.2, TLSv1.3]
	ssl.endpoint.identification.algorithm = https
	ssl.engine.factory.class = null
	ssl.key.password = null
	ssl.keymanager.algorithm = SunX509
	ssl.keystore.certificate.chain = null
	ssl.keystore.key = null
	ssl.keystore.location = null
	ssl.keystore.password = null
	ssl.keystore.type = JKS
	ssl.protocol = TLSv1.3
	ssl.provider = null
	ssl.secure.random.implementation = null
	ssl.trustmanager.algorithm = PKIX
	ssl.truststore.certificates = null
	ssl.truststore.location = null
	ssl.truststore.password = null
	ssl.truststore.type = JKS
	transaction.timeout.ms = 60000
	transactional.id = null
	value.serializer = class org.springframework.kafka.support.serializer.JsonSerializer

2026-04-01 19:58:45 [http-nio-8080-exec-5] INFO  org.apache.kafka.common.telemetry.internals.KafkaMetricsCollector - initializing Kafka metrics collector
2026-04-01 19:58:45 [http-nio-8080-exec-5] INFO  org.apache.kafka.clients.producer.KafkaProducer - [Producer clientId=gyan-producer-1] Instantiated an idempotent producer.
2026-04-01 19:58:45 [http-nio-8080-exec-5] INFO  org.apache.kafka.common.utils.AppInfoParser - Kafka version: 3.7.1
2026-04-01 19:58:45 [http-nio-8080-exec-5] INFO  org.apache.kafka.common.utils.AppInfoParser - Kafka commitId: e2494e6ffb89f828
2026-04-01 19:58:45 [http-nio-8080-exec-5] INFO  org.apache.kafka.common.utils.AppInfoParser - Kafka startTimeMs: 1775053725834
2026-04-01 19:58:45 [kafka-producer-network-thread | gyan-producer-1] INFO  org.apache.kafka.clients.Metadata - [Producer clientId=gyan-producer-1] Cluster ID: phIC6OCuTGem87Ywbqq44Q
2026-04-01 19:58:45 [kafka-producer-network-thread | gyan-producer-1] INFO  org.apache.kafka.clients.producer.internals.TransactionManager - [Producer clientId=gyan-producer-1] ProducerId set to 1001 with epoch 0
2026-04-01 19:58:45 [http-nio-8080-exec-5] INFO  com.gyan.util.RequestLoggingFilter - Request df314eae-d803-41b5-998d-1bb91eb15009 completed with status 200
2026-04-01 19:58:45 [http-nio-8080-exec-4] INFO  com.gyan.util.RequestLoggingFilter - Request 5eca4ecc-3ec8-4668-9eb4-ba869807fb8c started: GET /documents/chats/1
2026-04-01 19:58:45 [http-nio-8080-exec-4] INFO  com.gyan.util.RequestLoggingFilter - Request 5eca4ecc-3ec8-4668-9eb4-ba869807fb8c completed with status 200
2026-04-01 19:58:45 [org.springframework.kafka.KafkaListenerEndpointContainer#0-0-C-1] INFO  com.gyan.service.DocumentProcessingService - Processing document 72 of type application/vnd.openxmlformats-officedocument.wordprocessingml.document
2026-04-01 19:58:46 [org.springframework.kafka.KafkaListenerEndpointContainer#0-0-C-1] INFO  com.gyan.service.DocumentProcessingService - total chunks created : 1
2026-04-01 19:58:47 [org.springframework.kafka.KafkaListenerEndpointContainer#0-0-C-1] INFO  com.gyan.service.DocumentProcessingService - Index prepared for document 72
2026-04-01 19:58:47 [http-nio-8080-exec-3] INFO  com.gyan.util.RequestLoggingFilter - Request b1982ec3-6c1d-4d96-b327-84cd688686e6 started: POST /ai/chats/1/ask
2026-04-01 19:58:47 [http-nio-8080-exec-3] INFO  com.gyan.service.QuestionAnswerService - Generating answers for chat 1 and question explain this document in 200 words
2026-04-01 19:58:48 [http-nio-8080-exec-3] INFO  com.gyan.util.RequestLoggingFilter - Request b1982ec3-6c1d-4d96-b327-84cd688686e6 completed with status 200
2026-04-01 19:59:05 [http-nio-8080-exec-6] INFO  com.gyan.util.RequestLoggingFilter - Request eab15bca-2b29-4e56-86c0-c1ec9c4f8e4f started: GET /chats
2026-04-01 19:59:05 [http-nio-8080-exec-6] INFO  com.gyan.util.RequestLoggingFilter - Request eab15bca-2b29-4e56-86c0-c1ec9c4f8e4f completed with status 200
2026-04-01 19:59:05 [http-nio-8080-exec-8] INFO  com.gyan.util.RequestLoggingFilter - Request 406bd595-237a-4e24-9c7a-df18176b73df started: GET /chats
2026-04-01 19:59:05 [http-nio-8080-exec-8] INFO  com.gyan.util.RequestLoggingFilter - Request 406bd595-237a-4e24-9c7a-df18176b73df completed with status 200
2026-04-01 19:59:09 [http-nio-8080-exec-9] INFO  com.gyan.util.RequestLoggingFilter - Request 94a36e59-b2a3-49a1-bfb1-d03e6c2c00fb started: POST /chats
2026-04-01 19:59:09 [http-nio-8080-exec-9] INFO  com.gyan.util.RequestLoggingFilter - Request 94a36e59-b2a3-49a1-bfb1-d03e6c2c00fb completed with status 200
2026-04-01 19:59:09 [http-nio-8080-exec-7] INFO  com.gyan.util.RequestLoggingFilter - Request 33804366-22dc-424f-9bf7-7565b1a42ee5 started: GET /chats
2026-04-01 19:59:09 [http-nio-8080-exec-7] INFO  com.gyan.util.RequestLoggingFilter - Request 33804366-22dc-424f-9bf7-7565b1a42ee5 completed with status 200
2026-04-01 19:59:09 [http-nio-8080-exec-10] INFO  com.gyan.util.RequestLoggingFilter - Request ba536509-3e5e-4a0b-a20f-de4525cb923c started: GET /chats/2
2026-04-01 19:59:09 [http-nio-8080-exec-1] INFO  com.gyan.util.RequestLoggingFilter - Request 72960afd-9384-4eee-a5cc-6c11ce4ddc99 started: GET /documents/chats/2
2026-04-01 19:59:09 [http-nio-8080-exec-1] INFO  com.gyan.util.RequestLoggingFilter - Request 72960afd-9384-4eee-a5cc-6c11ce4ddc99 completed with status 200
2026-04-01 19:59:09 [http-nio-8080-exec-10] INFO  com.gyan.util.RequestLoggingFilter - Request ba536509-3e5e-4a0b-a20f-de4525cb923c completed with status 200
2026-04-01 19:59:09 [http-nio-8080-exec-5] INFO  com.gyan.util.RequestLoggingFilter - Request bb4b30b1-ca88-4513-9775-c5ffa23cee75 started: GET /documents/chats/2
2026-04-01 19:59:09 [http-nio-8080-exec-2] INFO  com.gyan.util.RequestLoggingFilter - Request ca04d7d2-261d-4f04-8164-199f6a88cb4a started: GET /chats/2
2026-04-01 19:59:09 [http-nio-8080-exec-5] INFO  com.gyan.util.RequestLoggingFilter - Request bb4b30b1-ca88-4513-9775-c5ffa23cee75 completed with status 200
2026-04-01 19:59:09 [http-nio-8080-exec-2] INFO  com.gyan.util.RequestLoggingFilter - Request ca04d7d2-261d-4f04-8164-199f6a88cb4a completed with status 200
2026-04-01 19:59:12 [http-nio-8080-exec-4] INFO  com.gyan.util.RequestLoggingFilter - Request dccaab99-1722-43f8-9a13-e703dc328621 started: GET /chats
2026-04-01 19:59:12 [http-nio-8080-exec-4] INFO  com.gyan.util.RequestLoggingFilter - Request dccaab99-1722-43f8-9a13-e703dc328621 completed with status 200
2026-04-01 19:59:12 [http-nio-8080-exec-3] INFO  com.gyan.util.RequestLoggingFilter - Request 2bedb11c-2f09-486a-ab05-22cd3e4dad57 started: GET /chats
2026-04-01 19:59:12 [http-nio-8080-exec-3] INFO  com.gyan.util.RequestLoggingFilter - Request 2bedb11c-2f09-486a-ab05-22cd3e4dad57 completed with status 200
2026-04-01 19:59:16 [http-nio-8080-exec-6] INFO  com.gyan.util.RequestLoggingFilter - Request 414998c2-63a0-4427-a51a-9b9d239826d8 started: POST /chats
2026-04-01 19:59:16 [http-nio-8080-exec-6] INFO  com.gyan.util.RequestLoggingFilter - Request 414998c2-63a0-4427-a51a-9b9d239826d8 completed with status 200
2026-04-01 19:59:16 [http-nio-8080-exec-8] INFO  com.gyan.util.RequestLoggingFilter - Request b940c36e-ec01-4db2-94b9-1168667b057e started: GET /chats
2026-04-01 19:59:16 [http-nio-8080-exec-8] INFO  com.gyan.util.RequestLoggingFilter - Request b940c36e-ec01-4db2-94b9-1168667b057e completed with status 200
2026-04-01 19:59:16 [http-nio-8080-exec-7] INFO  com.gyan.util.RequestLoggingFilter - Request b7d30d0b-3d49-4642-95c3-4b69677d32ab started: GET /documents/chats/3
2026-04-01 19:59:16 [http-nio-8080-exec-9] INFO  com.gyan.util.RequestLoggingFilter - Request 87a30850-21ac-491d-adcb-3eb375b9af53 started: GET /chats/3
2026-04-01 19:59:16 [http-nio-8080-exec-7] INFO  com.gyan.util.RequestLoggingFilter - Request b7d30d0b-3d49-4642-95c3-4b69677d32ab completed with status 200
2026-04-01 19:59:16 [http-nio-8080-exec-9] INFO  com.gyan.util.RequestLoggingFilter - Request 87a30850-21ac-491d-adcb-3eb375b9af53 completed with status 200
2026-04-01 19:59:16 [http-nio-8080-exec-10] INFO  com.gyan.util.RequestLoggingFilter - Request ae8e1ede-13f2-4a6a-8b03-8962de712c9d started: GET /chats/3
2026-04-01 19:59:16 [http-nio-8080-exec-1] INFO  com.gyan.util.RequestLoggingFilter - Request 687433ad-11cd-4688-b9f3-c11044e5d1a2 started: GET /documents/chats/3
2026-04-01 19:59:16 [http-nio-8080-exec-1] INFO  com.gyan.util.RequestLoggingFilter - Request 687433ad-11cd-4688-b9f3-c11044e5d1a2 completed with status 200
2026-04-01 19:59:16 [http-nio-8080-exec-10] INFO  com.gyan.util.RequestLoggingFilter - Request ae8e1ede-13f2-4a6a-8b03-8962de712c9d completed with status 200
2026-04-01 19:59:18 [http-nio-8080-exec-5] INFO  com.gyan.util.RequestLoggingFilter - Request 39c70130-9da5-479c-9c8c-a2ae44fd52f2 started: GET /chats
2026-04-01 19:59:18 [http-nio-8080-exec-5] INFO  com.gyan.util.RequestLoggingFilter - Request 39c70130-9da5-479c-9c8c-a2ae44fd52f2 completed with status 200
2026-04-01 19:59:18 [http-nio-8080-exec-2] INFO  com.gyan.util.RequestLoggingFilter - Request 4e6ac34d-7068-4b86-80e4-6b933da7268f started: GET /chats
2026-04-01 19:59:18 [http-nio-8080-exec-2] INFO  com.gyan.util.RequestLoggingFilter - Request 4e6ac34d-7068-4b86-80e4-6b933da7268f completed with status 200
2026-04-01 19:59:22 [http-nio-8080-exec-4] INFO  com.gyan.util.RequestLoggingFilter - Request 1000666c-25cb-472e-a25d-92010b2d3c54 started: POST /chats
2026-04-01 19:59:22 [http-nio-8080-exec-4] INFO  com.gyan.util.RequestLoggingFilter - Request 1000666c-25cb-472e-a25d-92010b2d3c54 completed with status 200
2026-04-01 19:59:22 [http-nio-8080-exec-3] INFO  com.gyan.util.RequestLoggingFilter - Request 56de6444-6bad-4b51-8bdb-b4994c7c37e7 started: GET /chats
2026-04-01 19:59:22 [http-nio-8080-exec-3] INFO  com.gyan.util.RequestLoggingFilter - Request 56de6444-6bad-4b51-8bdb-b4994c7c37e7 completed with status 200
2026-04-01 19:59:22 [http-nio-8080-exec-8] INFO  com.gyan.util.RequestLoggingFilter - Request d4f18a5b-8db1-4890-b922-5208a22b7243 started: GET /documents/chats/4
2026-04-01 19:59:22 [http-nio-8080-exec-6] INFO  com.gyan.util.RequestLoggingFilter - Request 8afc157f-ade1-4219-817e-b7aee85f80e0 started: GET /chats/4
2026-04-01 19:59:22 [http-nio-8080-exec-8] INFO  com.gyan.util.RequestLoggingFilter - Request d4f18a5b-8db1-4890-b922-5208a22b7243 completed with status 200
2026-04-01 19:59:22 [http-nio-8080-exec-6] INFO  com.gyan.util.RequestLoggingFilter - Request 8afc157f-ade1-4219-817e-b7aee85f80e0 completed with status 200
2026-04-01 19:59:22 [http-nio-8080-exec-7] INFO  com.gyan.util.RequestLoggingFilter - Request 34e9109c-ee24-4176-af0c-9a897d59179b started: GET /chats/4
2026-04-01 19:59:22 [http-nio-8080-exec-9] INFO  com.gyan.util.RequestLoggingFilter - Request a27629a5-15a8-41d8-91c5-7e5fde62f7b1 started: GET /documents/chats/4
2026-04-01 19:59:22 [http-nio-8080-exec-7] INFO  com.gyan.util.RequestLoggingFilter - Request 34e9109c-ee24-4176-af0c-9a897d59179b completed with status 200
2026-04-01 19:59:22 [http-nio-8080-exec-9] INFO  com.gyan.util.RequestLoggingFilter - Request a27629a5-15a8-41d8-91c5-7e5fde62f7b1 completed with status 200
2026-04-01 19:59:24 [http-nio-8080-exec-10] INFO  com.gyan.util.RequestLoggingFilter - Request efcd4726-731b-4244-aef3-10e70de3d0c9 started: GET /chats
2026-04-01 19:59:24 [http-nio-8080-exec-10] INFO  com.gyan.util.RequestLoggingFilter - Request efcd4726-731b-4244-aef3-10e70de3d0c9 completed with status 200
2026-04-01 19:59:24 [http-nio-8080-exec-1] INFO  com.gyan.util.RequestLoggingFilter - Request 9a85d29f-90a2-4623-8f5b-e226171cb4fd started: GET /chats
2026-04-01 19:59:24 [http-nio-8080-exec-1] INFO  com.gyan.util.RequestLoggingFilter - Request 9a85d29f-90a2-4623-8f5b-e226171cb4fd completed with status 200
2026-04-01 19:59:28 [http-nio-8080-exec-5] INFO  com.gyan.util.RequestLoggingFilter - Request b80ab2d2-8340-4578-aaf3-0f90e0aa7bf4 started: POST /chats
2026-04-01 19:59:28 [http-nio-8080-exec-5] INFO  com.gyan.util.RequestLoggingFilter - Request b80ab2d2-8340-4578-aaf3-0f90e0aa7bf4 completed with status 200
2026-04-01 19:59:28 [http-nio-8080-exec-2] INFO  com.gyan.util.RequestLoggingFilter - Request 6e3884e5-e1e8-48fc-bed4-774e108a2386 started: GET /chats
2026-04-01 19:59:28 [http-nio-8080-exec-2] INFO  com.gyan.util.RequestLoggingFilter - Request 6e3884e5-e1e8-48fc-bed4-774e108a2386 completed with status 200
2026-04-01 19:59:28 [http-nio-8080-exec-3] INFO  com.gyan.util.RequestLoggingFilter - Request 34a8176d-d5b0-44a2-8537-3a364c84f69d started: GET /documents/chats/5
2026-04-01 19:59:28 [http-nio-8080-exec-4] INFO  com.gyan.util.RequestLoggingFilter - Request b2936231-3efe-47e0-b28a-0e3c6d98be7b started: GET /chats/5
2026-04-01 19:59:28 [http-nio-8080-exec-3] INFO  com.gyan.util.RequestLoggingFilter - Request 34a8176d-d5b0-44a2-8537-3a364c84f69d completed with status 200
2026-04-01 19:59:28 [http-nio-8080-exec-4] INFO  com.gyan.util.RequestLoggingFilter - Request b2936231-3efe-47e0-b28a-0e3c6d98be7b completed with status 200
2026-04-01 19:59:28 [http-nio-8080-exec-8] INFO  com.gyan.util.RequestLoggingFilter - Request f5ada3b0-5430-478f-8ff6-a5d28692d441 started: GET /documents/chats/5
2026-04-01 19:59:28 [http-nio-8080-exec-6] INFO  com.gyan.util.RequestLoggingFilter - Request d51e8ed6-b8a9-4141-a21b-01e8aa1c9073 started: GET /chats/5
2026-04-01 19:59:28 [http-nio-8080-exec-8] INFO  com.gyan.util.RequestLoggingFilter - Request f5ada3b0-5430-478f-8ff6-a5d28692d441 completed with status 200
2026-04-01 19:59:28 [http-nio-8080-exec-6] INFO  com.gyan.util.RequestLoggingFilter - Request d51e8ed6-b8a9-4141-a21b-01e8aa1c9073 completed with status 200
2026-04-01 19:59:30 [http-nio-8080-exec-9] INFO  com.gyan.util.RequestLoggingFilter - Request 0e398f71-3ad9-4325-9ef7-f905ec779cdf started: GET /chats
2026-04-01 19:59:30 [http-nio-8080-exec-9] INFO  com.gyan.util.RequestLoggingFilter - Request 0e398f71-3ad9-4325-9ef7-f905ec779cdf completed with status 200
2026-04-01 19:59:30 [http-nio-8080-exec-7] INFO  com.gyan.util.RequestLoggingFilter - Request 06342ec3-a737-484f-b7d4-086d54612f22 started: GET /chats
2026-04-01 19:59:30 [http-nio-8080-exec-7] INFO  com.gyan.util.RequestLoggingFilter - Request 06342ec3-a737-484f-b7d4-086d54612f22 completed with status 200
2026-04-01 20:01:31 [org.springframework.kafka.KafkaListenerEndpointContainer#0-0-C-1] INFO  org.apache.kafka.clients.NetworkClient - [Consumer clientId=consumer-document-workers-1, groupId=document-workers] Node -1 disconnected.
2026-04-01 20:01:48 [http-nio-8080-exec-10] INFO  com.gyan.util.RequestLoggingFilter - Request cd3d0fd8-f9a7-4a53-8774-910207548456 started: POST /auth/login
2026-04-01 20:01:49 [http-nio-8080-exec-10] INFO  com.gyan.util.RequestLoggingFilter - Request cd3d0fd8-f9a7-4a53-8774-910207548456 completed with status 200
2026-04-01 20:01:49 [http-nio-8080-exec-1] INFO  com.gyan.util.RequestLoggingFilter - Request 3774664f-28ee-412d-a8c2-37c5c3cc0f11 started: GET /chats
2026-04-01 20:01:49 [http-nio-8080-exec-1] INFO  com.gyan.util.RequestLoggingFilter - Request 3774664f-28ee-412d-a8c2-37c5c3cc0f11 completed with status 200
2026-04-01 20:01:49 [http-nio-8080-exec-5] INFO  com.gyan.util.RequestLoggingFilter - Request f8c4e94b-f26e-40c9-b41c-ff23e3df0a7f started: GET /chats
2026-04-01 20:01:49 [http-nio-8080-exec-5] INFO  com.gyan.util.RequestLoggingFilter - Request f8c4e94b-f26e-40c9-b41c-ff23e3df0a7f completed with status 200
2026-04-01 20:01:51 [http-nio-8080-exec-2] INFO  com.gyan.util.RequestLoggingFilter - Request bbe4affe-fd85-47ef-9792-d6ede345d47f started: GET /chats/5
2026-04-01 20:01:51 [http-nio-8080-exec-3] INFO  com.gyan.util.RequestLoggingFilter - Request 4540c872-8147-4c19-a49f-be606597f9a1 started: GET /documents/chats/5
2026-04-01 20:01:51 [http-nio-8080-exec-2] INFO  com.gyan.util.RequestLoggingFilter - Request bbe4affe-fd85-47ef-9792-d6ede345d47f completed with status 200
2026-04-01 20:01:51 [http-nio-8080-exec-3] INFO  com.gyan.util.RequestLoggingFilter - Request 4540c872-8147-4c19-a49f-be606597f9a1 completed with status 200
2026-04-01 20:01:51 [http-nio-8080-exec-8] INFO  com.gyan.util.RequestLoggingFilter - Request 20003f05-83f3-4054-9f39-cd498ee4d3b4 started: GET /documents/chats/5
2026-04-01 20:01:51 [http-nio-8080-exec-4] INFO  com.gyan.util.RequestLoggingFilter - Request 11b28e36-96ce-4356-a04c-c21427aef15b started: GET /chats/5
2026-04-01 20:01:51 [http-nio-8080-exec-4] INFO  com.gyan.util.RequestLoggingFilter - Request 11b28e36-96ce-4356-a04c-c21427aef15b completed with status 200
2026-04-01 20:01:51 [http-nio-8080-exec-8] INFO  com.gyan.util.RequestLoggingFilter - Request 20003f05-83f3-4054-9f39-cd498ee4d3b4 completed with status 200
2026-04-01 20:01:54 [http-nio-8080-exec-6] INFO  com.gyan.util.RequestLoggingFilter - Request cd6e5d8d-9442-4adc-8c8f-52d14189c6a1 started: GET /documents/chats/5
2026-04-01 20:01:54 [http-nio-8080-exec-6] INFO  com.gyan.util.RequestLoggingFilter - Request cd6e5d8d-9442-4adc-8c8f-52d14189c6a1 completed with status 200
2026-04-01 20:01:54 [http-nio-8080-exec-9] INFO  com.gyan.util.RequestLoggingFilter - Request 1f86c573-3252-401c-a059-1082f257b140 started: GET /documents/chats/5
2026-04-01 20:01:54 [http-nio-8080-exec-9] INFO  com.gyan.util.RequestLoggingFilter - Request 1f86c573-3252-401c-a059-1082f257b140 completed with status 200
2026-04-01 20:01:54 [http-nio-8080-exec-7] INFO  com.gyan.util.RequestLoggingFilter - Request e2296276-645e-4c62-ad35-c33b7ab93432 started: GET /documents/chats/5
2026-04-01 20:01:54 [http-nio-8080-exec-7] INFO  com.gyan.util.RequestLoggingFilter - Request e2296276-645e-4c62-ad35-c33b7ab93432 completed with status 200
2026-04-01 20:01:55 [http-nio-8080-exec-10] INFO  com.gyan.util.RequestLoggingFilter - Request 00ef6410-0272-4c9a-891b-51a92627e769 started: GET /chats
2026-04-01 20:01:55 [http-nio-8080-exec-10] INFO  com.gyan.util.RequestLoggingFilter - Request 00ef6410-0272-4c9a-891b-51a92627e769 completed with status 200
2026-04-01 20:01:55 [http-nio-8080-exec-1] INFO  com.gyan.util.RequestLoggingFilter - Request 77c82c86-20e1-4737-b4e3-22388c436904 started: GET /chats
2026-04-01 20:01:55 [http-nio-8080-exec-1] INFO  com.gyan.util.RequestLoggingFilter - Request 77c82c86-20e1-4737-b4e3-22388c436904 completed with status 200
2026-04-01 20:01:57 [http-nio-8080-exec-5] INFO  com.gyan.util.RequestLoggingFilter - Request 34170d3a-e2a3-406f-8ca4-2e3651a5d2cf started: GET /chats/1
2026-04-01 20:01:57 [http-nio-8080-exec-3] INFO  com.gyan.util.RequestLoggingFilter - Request 7907ee26-544c-4840-b105-2b82f450a661 started: GET /documents/chats/1
2026-04-01 20:01:57 [http-nio-8080-exec-5] INFO  com.gyan.util.RequestLoggingFilter - Request 34170d3a-e2a3-406f-8ca4-2e3651a5d2cf completed with status 200
2026-04-01 20:01:57 [http-nio-8080-exec-3] INFO  com.gyan.util.RequestLoggingFilter - Request 7907ee26-544c-4840-b105-2b82f450a661 completed with status 200
2026-04-01 20:01:57 [http-nio-8080-exec-2] INFO  com.gyan.util.RequestLoggingFilter - Request 08f07ee5-2e2b-41bc-b4b6-8b59b3cbe980 started: GET /chats/1
2026-04-01 20:01:57 [http-nio-8080-exec-8] INFO  com.gyan.util.RequestLoggingFilter - Request 98e4ec92-a17e-4874-adfa-5f19596380b4 started: GET /documents/chats/1
2026-04-01 20:01:57 [http-nio-8080-exec-2] INFO  com.gyan.util.RequestLoggingFilter - Request 08f07ee5-2e2b-41bc-b4b6-8b59b3cbe980 completed with status 200
2026-04-01 20:01:57 [http-nio-8080-exec-8] INFO  com.gyan.util.RequestLoggingFilter - Request 98e4ec92-a17e-4874-adfa-5f19596380b4 completed with status 200
2026-04-01 20:02:02 [http-nio-8080-exec-4] INFO  com.gyan.util.RequestLoggingFilter - Request 8f64ef3e-59b2-482a-bad6-7bfd5afb96ad started: GET /chats
2026-04-01 20:02:02 [http-nio-8080-exec-4] INFO  com.gyan.util.RequestLoggingFilter - Request 8f64ef3e-59b2-482a-bad6-7bfd5afb96ad completed with status 200
2026-04-01 20:02:02 [http-nio-8080-exec-6] INFO  com.gyan.util.RequestLoggingFilter - Request a807a304-3ba2-4dc4-bd94-30d977ff8790 started: GET /chats
2026-04-01 20:02:02 [http-nio-8080-exec-6] INFO  com.gyan.util.RequestLoggingFilter - Request a807a304-3ba2-4dc4-bd94-30d977ff8790 completed with status 200
2026-04-01 20:04:40 [File Watcher] INFO  org.springframework.boot.devtools.autoconfigure.LocalDevToolsAutoConfiguration$RestartingClassPathChangeChangedEventListener - Restarting due to 12 class path changes (0 additions, 0 deletions, 12 modifications)
2026-04-01 20:04:40 [org.springframework.kafka.KafkaListenerEndpointContainer#0-0-C-1] INFO  org.apache.kafka.clients.consumer.internals.ConsumerRebalanceListenerInvoker - [Consumer clientId=consumer-document-workers-1, groupId=document-workers] Revoke previously assigned partitions document-uploaded-0, document-uploaded-1, document-uploaded-2
2026-04-01 20:04:40 [org.springframework.kafka.KafkaListenerEndpointContainer#0-0-C-1] INFO  org.springframework.kafka.listener.KafkaMessageListenerContainer - document-workers: partitions revoked: [document-uploaded-0, document-uploaded-1, document-uploaded-2]
2026-04-01 20:04:40 [org.springframework.kafka.KafkaListenerEndpointContainer#0-0-C-1] INFO  org.apache.kafka.clients.consumer.internals.ConsumerCoordinator - [Consumer clientId=consumer-document-workers-1, groupId=document-workers] Member consumer-document-workers-1-9e82615f-27bd-47bb-b5f9-40f42c4c8ed0 sending LeaveGroup request to coordinator localhost:9092 (id: 2147483646 rack: null) due to the consumer unsubscribed from all topics
2026-04-01 20:04:40 [org.springframework.kafka.KafkaListenerEndpointContainer#0-0-C-1] INFO  org.apache.kafka.clients.consumer.internals.ConsumerCoordinator - [Consumer clientId=consumer-document-workers-1, groupId=document-workers] Resetting generation and member id due to: consumer pro-actively leaving the group
2026-04-01 20:04:40 [org.springframework.kafka.KafkaListenerEndpointContainer#0-0-C-1] INFO  org.apache.kafka.clients.consumer.internals.ConsumerCoordinator - [Consumer clientId=consumer-document-workers-1, groupId=document-workers] Request joining group due to: consumer pro-actively leaving the group
2026-04-01 20:04:40 [org.springframework.kafka.KafkaListenerEndpointContainer#0-0-C-1] INFO  org.apache.kafka.clients.consumer.internals.LegacyKafkaConsumer - [Consumer clientId=consumer-document-workers-1, groupId=document-workers] Unsubscribed all topics or patterns and assigned partitions
2026-04-01 20:04:40 [org.springframework.kafka.KafkaListenerEndpointContainer#0-0-C-1] INFO  org.apache.kafka.clients.consumer.internals.ConsumerCoordinator - [Consumer clientId=consumer-document-workers-1, groupId=document-workers] Resetting generation and member id due to: consumer pro-actively leaving the group
2026-04-01 20:04:40 [org.springframework.kafka.KafkaListenerEndpointContainer#0-0-C-1] INFO  org.apache.kafka.clients.consumer.internals.ConsumerCoordinator - [Consumer clientId=consumer-document-workers-1, groupId=document-workers] Request joining group due to: consumer pro-actively leaving the group
2026-04-01 20:04:40 [org.springframework.kafka.KafkaListenerEndpointContainer#0-0-C-1] INFO  org.apache.kafka.common.metrics.Metrics - Metrics scheduler closed
2026-04-01 20:04:40 [org.springframework.kafka.KafkaListenerEndpointContainer#0-0-C-1] INFO  org.apache.kafka.common.metrics.Metrics - Closing reporter org.apache.kafka.common.metrics.JmxReporter
2026-04-01 20:04:40 [org.springframework.kafka.KafkaListenerEndpointContainer#0-0-C-1] INFO  org.apache.kafka.common.metrics.Metrics - Closing reporter org.apache.kafka.common.telemetry.internals.ClientTelemetryReporter
2026-04-01 20:04:40 [org.springframework.kafka.KafkaListenerEndpointContainer#0-0-C-1] INFO  org.apache.kafka.common.metrics.Metrics - Metrics reporters closed
2026-04-01 20:04:40 [org.springframework.kafka.KafkaListenerEndpointContainer#0-0-C-1] INFO  org.apache.kafka.common.utils.AppInfoParser - App info kafka.consumer for consumer-document-workers-1 unregistered
2026-04-01 20:04:40 [org.springframework.kafka.KafkaListenerEndpointContainer#0-0-C-1] INFO  org.springframework.kafka.listener.KafkaMessageListenerContainer - document-workers: Consumer stopped
2026-04-01 20:04:40 [Thread-5] INFO  org.apache.coyote.http11.Http11NioProtocol - Stopping ProtocolHandler ["http-nio-8080"]
2026-04-01 20:04:40 [Thread-5] INFO  org.apache.kafka.clients.producer.KafkaProducer - [Producer clientId=gyan-producer-1] Closing the Kafka producer with timeoutMillis = 30000 ms.
2026-04-01 20:04:40 [Thread-5] INFO  org.apache.kafka.common.metrics.Metrics - Metrics scheduler closed
2026-04-01 20:04:40 [Thread-5] INFO  org.apache.kafka.common.metrics.Metrics - Closing reporter org.apache.kafka.common.metrics.JmxReporter
2026-04-01 20:04:40 [Thread-5] INFO  org.apache.kafka.common.metrics.Metrics - Closing reporter org.apache.kafka.common.telemetry.internals.ClientTelemetryReporter
2026-04-01 20:04:40 [Thread-5] INFO  org.apache.kafka.common.metrics.Metrics - Metrics reporters closed
2026-04-01 20:04:40 [Thread-5] INFO  org.apache.kafka.common.utils.AppInfoParser - App info kafka.producer for gyan-producer-1 unregistered
2026-04-01 20:04:40 [Thread-5] INFO  org.springframework.orm.jpa.LocalContainerEntityManagerFactoryBean - Closing JPA EntityManagerFactory for persistence unit 'default'
2026-04-01 20:04:40 [Thread-5] INFO  com.zaxxer.hikari.HikariDataSource - HikariPool-1 - Shutdown initiated...
2026-04-01 20:04:40 [Thread-5] INFO  com.zaxxer.hikari.HikariDataSource - HikariPool-1 - Shutdown completed.
2026-04-01 20:04:40 [restartedMain] INFO  com.gyan.GyanApplication - Starting GyanApplication using Java 21.0.8 with PID 22280 (C:\Users\manjk\OneDrive\Desktop\Discipline\gyan\backend\target\classes started by manjk in C:\Users\manjk\OneDrive\Desktop\Discipline\gyan\backend)
2026-04-01 20:04:40 [restartedMain] INFO  com.gyan.GyanApplication - No active profile set, falling back to 1 default profile: "default"
2026-04-01 20:04:41 [restartedMain] INFO  org.springframework.data.repository.config.RepositoryConfigurationDelegate - Multiple Spring Data modules found, entering strict repository configuration mode
2026-04-01 20:04:41 [restartedMain] INFO  org.springframework.data.repository.config.RepositoryConfigurationDelegate - Bootstrapping Spring Data Elasticsearch repositories in DEFAULT mode.
2026-04-01 20:04:41 [restartedMain] INFO  org.springframework.data.repository.config.RepositoryConfigurationExtensionSupport - Spring Data Elasticsearch - Could not safely identify store assignment for repository candidate interface com.gyan.repository.ChatRepository; If you want this repository to be a Elasticsearch repository, consider annotating your entities with one of these annotations: org.springframework.data.elasticsearch.annotations.Document (preferred), or consider extending one of the following types with your repository: org.springframework.data.elasticsearch.repository.ElasticsearchRepository
2026-04-01 20:04:41 [restartedMain] INFO  org.springframework.data.repository.config.RepositoryConfigurationExtensionSupport - Spring Data Elasticsearch - Could not safely identify store assignment for repository candidate interface com.gyan.repository.DocumentChunkRepository; If you want this repository to be a Elasticsearch repository, consider annotating your entities with one of these annotations: org.springframework.data.elasticsearch.annotations.Document (preferred), or consider extending one of the following types with your repository: org.springframework.data.elasticsearch.repository.ElasticsearchRepository
2026-04-01 20:04:41 [restartedMain] INFO  org.springframework.data.repository.config.RepositoryConfigurationExtensionSupport - Spring Data Elasticsearch - Could not safely identify store assignment for repository candidate interface com.gyan.repository.DocumentRepository; If you want this repository to be a Elasticsearch repository, consider annotating your entities with one of these annotations: org.springframework.data.elasticsearch.annotations.Document (preferred), or consider extending one of the following types with your repository: org.springframework.data.elasticsearch.repository.ElasticsearchRepository
2026-04-01 20:04:41 [restartedMain] INFO  org.springframework.data.repository.config.RepositoryConfigurationExtensionSupport - Spring Data Elasticsearch - Could not safely identify store assignment for repository candidate interface com.gyan.repository.UserRepository; If you want this repository to be a Elasticsearch repository, consider annotating your entities with one of these annotations: org.springframework.data.elasticsearch.annotations.Document (preferred), or consider extending one of the following types with your repository: org.springframework.data.elasticsearch.repository.ElasticsearchRepository
2026-04-01 20:04:41 [restartedMain] INFO  org.springframework.data.repository.config.RepositoryConfigurationDelegate - Finished Spring Data repository scanning in 47 ms. Found 1 Elasticsearch repository interface.
2026-04-01 20:04:41 [restartedMain] INFO  org.springframework.data.repository.config.RepositoryConfigurationDelegate - Multiple Spring Data modules found, entering strict repository configuration mode
2026-04-01 20:04:41 [restartedMain] INFO  org.springframework.data.repository.config.RepositoryConfigurationDelegate - Bootstrapping Spring Data JPA repositories in DEFAULT mode.
2026-04-01 20:04:41 [restartedMain] INFO  org.springframework.data.repository.config.RepositoryConfigurationExtensionSupport - Spring Data JPA - Could not safely identify store assignment for repository candidate interface com.gyan.repository.DocumentSearchRepository; If you want this repository to be a JPA repository, consider annotating your entities with one of these annotations: jakarta.persistence.Entity, jakarta.persistence.MappedSuperclass (preferred), or consider extending one of the following types with your repository: org.springframework.data.jpa.repository.JpaRepository
2026-04-01 20:04:41 [restartedMain] INFO  org.springframework.data.repository.config.RepositoryConfigurationDelegate - Finished Spring Data repository scanning in 37 ms. Found 4 JPA repository interfaces.
2026-04-01 20:04:41 [restartedMain] INFO  org.springframework.boot.web.embedded.tomcat.TomcatWebServer - Tomcat initialized with port 8080 (http)
2026-04-01 20:04:41 [restartedMain] INFO  org.apache.coyote.http11.Http11NioProtocol - Initializing ProtocolHandler ["http-nio-8080"]
2026-04-01 20:04:41 [restartedMain] INFO  org.apache.catalina.core.StandardService - Starting service [Tomcat]
2026-04-01 20:04:41 [restartedMain] INFO  org.apache.catalina.core.StandardEngine - Starting Servlet engine: [Apache Tomcat/10.1.31]
2026-04-01 20:04:41 [restartedMain] INFO  org.apache.catalina.core.ContainerBase.[Tomcat].[localhost].[/] - Initializing Spring embedded WebApplicationContext
2026-04-01 20:04:41 [restartedMain] INFO  org.springframework.boot.web.servlet.context.ServletWebServerApplicationContext - Root WebApplicationContext: initialization completed in 1119 ms
2026-04-01 20:04:42 [restartedMain] INFO  org.hibernate.jpa.internal.util.LogHelper - HHH000204: Processing PersistenceUnitInfo [name: default]
2026-04-01 20:04:42 [restartedMain] INFO  org.hibernate.cache.internal.RegionFactoryInitiator - HHH000026: Second-level cache disabled
2026-04-01 20:04:42 [restartedMain] INFO  org.springframework.orm.jpa.persistenceunit.SpringPersistenceUnitInfo - No LoadTimeWeaver setup: ignoring JPA class transformer
2026-04-01 20:04:42 [restartedMain] INFO  com.zaxxer.hikari.HikariDataSource - HikariPool-2 - Starting...
2026-04-01 20:04:42 [restartedMain] INFO  com.zaxxer.hikari.pool.HikariPool - HikariPool-2 - Added connection org.postgresql.jdbc.PgConnection@624e4654
2026-04-01 20:04:42 [restartedMain] INFO  com.zaxxer.hikari.HikariDataSource - HikariPool-2 - Start completed.
2026-04-01 20:04:42 [restartedMain] WARN  org.hibernate.orm.deprecation - HHH90000025: PostgreSQLDialect does not need to be specified explicitly using 'hibernate.dialect' (remove the property setting and it will be selected by default)
2026-04-01 20:04:42 [restartedMain] INFO  org.hibernate.engine.transaction.jta.platform.internal.JtaPlatformInitiator - HHH000489: No JTA platform available (set 'hibernate.transaction.jta.platform' to enable JTA platform integration)
2026-04-01 20:04:42 [restartedMain] INFO  org.springframework.orm.jpa.LocalContainerEntityManagerFactoryBean - Initialized JPA EntityManagerFactory for persistence unit 'default'
2026-04-01 20:04:42 [restartedMain] INFO  org.springframework.boot.devtools.autoconfigure.OptionalLiveReloadServer - LiveReload server is running on port 35729
2026-04-01 20:04:42 [restartedMain] WARN  org.springframework.boot.web.servlet.context.AnnotationConfigServletWebServerApplicationContext - Exception encountered during context initialization - cancelling refresh attempt: org.springframework.beans.factory.UnsatisfiedDependencyException: Error creating bean with name 'askController' defined in file [C:\Users\manjk\OneDrive\Desktop\Discipline\gyan\backend\target\classes\com\gyan\controller\AskController.class]: Unsatisfied dependency expressed through constructor parameter 0: Error creating bean with name 'questionAnswerService' defined in file [C:\Users\manjk\OneDrive\Desktop\Discipline\gyan\backend\target\classes\com\gyan\service\QuestionAnswerService.class]: Unsatisfied dependency expressed through constructor parameter 0: Error creating bean with name 'semanticSearchService' defined in file [C:\Users\manjk\OneDrive\Desktop\Discipline\gyan\backend\target\classes\com\gyan\service\SemanticSearchService.class]: Unsatisfied dependency expressed through constructor parameter 3: Error creating bean with name 'chatService' defined in file [C:\Users\manjk\OneDrive\Desktop\Discipline\gyan\backend\target\classes\com\gyan\service\ChatService.class]: Unsatisfied dependency expressed through constructor parameter 3: Error creating bean with name 'documentService' defined in file [C:\Users\manjk\OneDrive\Desktop\Discipline\gyan\backend\target\classes\com\gyan\service\DocumentService.class]: Unsatisfied dependency expressed through constructor parameter 3: Error creating bean with name 'chatService': Requested bean is currently in creation: Is there an unresolvable circular reference?
2026-04-01 20:04:42 [restartedMain] INFO  org.springframework.orm.jpa.LocalContainerEntityManagerFactoryBean - Closing JPA EntityManagerFactory for persistence unit 'default'
2026-04-01 20:04:42 [restartedMain] INFO  com.zaxxer.hikari.HikariDataSource - HikariPool-2 - Shutdown initiated...
2026-04-01 20:04:42 [restartedMain] INFO  com.zaxxer.hikari.HikariDataSource - HikariPool-2 - Shutdown completed.
2026-04-01 20:04:42 [restartedMain] INFO  org.apache.catalina.core.StandardService - Stopping service [Tomcat]
2026-04-01 20:04:42 [restartedMain] INFO  org.springframework.boot.autoconfigure.logging.ConditionEvaluationReportLogger - 

Error starting ApplicationContext. To display the condition evaluation report re-run your application with 'debug' enabled.
2026-04-01 20:04:42 [restartedMain] ERROR org.springframework.boot.diagnostics.LoggingFailureAnalysisReporter - 

***************************
APPLICATION FAILED TO START
***************************

Description:

The dependencies of some of the beans in the application context form a cycle:

   askController defined in file [C:\Users\manjk\OneDrive\Desktop\Discipline\gyan\backend\target\classes\com\gyan\controller\AskController.class]
      ↓
   questionAnswerService defined in file [C:\Users\manjk\OneDrive\Desktop\Discipline\gyan\backend\target\classes\com\gyan\service\QuestionAnswerService.class]
      ↓
   semanticSearchService defined in file [C:\Users\manjk\OneDrive\Desktop\Discipline\gyan\backend\target\classes\com\gyan\service\SemanticSearchService.class]
┌─────┐
|  chatService defined in file [C:\Users\manjk\OneDrive\Desktop\Discipline\gyan\backend\target\classes\com\gyan\service\ChatService.class]
↑     ↓
|  documentService defined in file [C:\Users\manjk\OneDrive\Desktop\Discipline\gyan\backend\target\classes\com\gyan\service\DocumentService.class]
└─────┘


Action:

Relying upon circular references is discouraged and they are prohibited by default. Update your application to remove the dependency cycle between beans. As a last resort, it may be possible to break the cycle automatically by setting spring.main.allow-circular-references to true.

2026-04-01 20:04:52 [restartedMain] INFO  com.gyan.GyanApplication - Starting GyanApplication using Java 21.0.8 with PID 22280 (C:\Users\manjk\OneDrive\Desktop\Discipline\gyan\backend\target\classes started by manjk in C:\Users\manjk\OneDrive\Desktop\Discipline\gyan\backend)
2026-04-01 20:04:52 [restartedMain] INFO  com.gyan.GyanApplication - No active profile set, falling back to 1 default profile: "default"
2026-04-01 20:04:53 [restartedMain] INFO  org.springframework.data.repository.config.RepositoryConfigurationDelegate - Multiple Spring Data modules found, entering strict repository configuration mode
2026-04-01 20:04:53 [restartedMain] INFO  org.springframework.data.repository.config.RepositoryConfigurationDelegate - Bootstrapping Spring Data Elasticsearch repositories in DEFAULT mode.
2026-04-01 20:04:53 [restartedMain] INFO  org.springframework.data.repository.config.RepositoryConfigurationExtensionSupport - Spring Data Elasticsearch - Could not safely identify store assignment for repository candidate interface com.gyan.repository.ChatRepository; If you want this repository to be a Elasticsearch repository, consider annotating your entities with one of these annotations: org.springframework.data.elasticsearch.annotations.Document (preferred), or consider extending one of the following types with your repository: org.springframework.data.elasticsearch.repository.ElasticsearchRepository
2026-04-01 20:04:53 [restartedMain] INFO  org.springframework.data.repository.config.RepositoryConfigurationExtensionSupport - Spring Data Elasticsearch - Could not safely identify store assignment for repository candidate interface com.gyan.repository.DocumentChunkRepository; If you want this repository to be a Elasticsearch repository, consider annotating your entities with one of these annotations: org.springframework.data.elasticsearch.annotations.Document (preferred), or consider extending one of the following types with your repository: org.springframework.data.elasticsearch.repository.ElasticsearchRepository
2026-04-01 20:04:53 [restartedMain] INFO  org.springframework.data.repository.config.RepositoryConfigurationExtensionSupport - Spring Data Elasticsearch - Could not safely identify store assignment for repository candidate interface com.gyan.repository.DocumentRepository; If you want this repository to be a Elasticsearch repository, consider annotating your entities with one of these annotations: org.springframework.data.elasticsearch.annotations.Document (preferred), or consider extending one of the following types with your repository: org.springframework.data.elasticsearch.repository.ElasticsearchRepository
2026-04-01 20:04:53 [restartedMain] INFO  org.springframework.data.repository.config.RepositoryConfigurationExtensionSupport - Spring Data Elasticsearch - Could not safely identify store assignment for repository candidate interface com.gyan.repository.UserRepository; If you want this repository to be a Elasticsearch repository, consider annotating your entities with one of these annotations: org.springframework.data.elasticsearch.annotations.Document (preferred), or consider extending one of the following types with your repository: org.springframework.data.elasticsearch.repository.ElasticsearchRepository
2026-04-01 20:04:53 [restartedMain] INFO  org.springframework.data.repository.config.RepositoryConfigurationDelegate - Finished Spring Data repository scanning in 40 ms. Found 1 Elasticsearch repository interface.
2026-04-01 20:04:53 [restartedMain] INFO  org.springframework.data.repository.config.RepositoryConfigurationDelegate - Multiple Spring Data modules found, entering strict repository configuration mode
2026-04-01 20:04:53 [restartedMain] INFO  org.springframework.data.repository.config.RepositoryConfigurationDelegate - Bootstrapping Spring Data JPA repositories in DEFAULT mode.
2026-04-01 20:04:53 [restartedMain] INFO  org.springframework.data.repository.config.RepositoryConfigurationExtensionSupport - Spring Data JPA - Could not safely identify store assignment for repository candidate interface com.gyan.repository.DocumentSearchRepository; If you want this repository to be a JPA repository, consider annotating your entities with one of these annotations: jakarta.persistence.Entity, jakarta.persistence.MappedSuperclass (preferred), or consider extending one of the following types with your repository: org.springframework.data.jpa.repository.JpaRepository
2026-04-01 20:04:53 [restartedMain] INFO  org.springframework.data.repository.config.RepositoryConfigurationDelegate - Finished Spring Data repository scanning in 30 ms. Found 4 JPA repository interfaces.
2026-04-01 20:04:53 [restartedMain] INFO  org.springframework.boot.web.embedded.tomcat.TomcatWebServer - Tomcat initialized with port 8080 (http)
2026-04-01 20:04:53 [restartedMain] INFO  org.apache.coyote.http11.Http11NioProtocol - Initializing ProtocolHandler ["http-nio-8080"]
2026-04-01 20:04:53 [restartedMain] INFO  org.apache.catalina.core.StandardService - Starting service [Tomcat]
2026-04-01 20:04:53 [restartedMain] INFO  org.apache.catalina.core.StandardEngine - Starting Servlet engine: [Apache Tomcat/10.1.31]
2026-04-01 20:04:53 [restartedMain] INFO  org.apache.catalina.core.ContainerBase.[Tomcat-1].[localhost].[/] - Initializing Spring embedded WebApplicationContext
2026-04-01 20:04:53 [restartedMain] INFO  org.springframework.boot.web.servlet.context.ServletWebServerApplicationContext - Root WebApplicationContext: initialization completed in 854 ms
2026-04-01 20:04:53 [restartedMain] INFO  org.hibernate.jpa.internal.util.LogHelper - HHH000204: Processing PersistenceUnitInfo [name: default]
2026-04-01 20:04:53 [restartedMain] INFO  org.hibernate.cache.internal.RegionFactoryInitiator - HHH000026: Second-level cache disabled
2026-04-01 20:04:53 [restartedMain] INFO  org.springframework.orm.jpa.persistenceunit.SpringPersistenceUnitInfo - No LoadTimeWeaver setup: ignoring JPA class transformer
2026-04-01 20:04:53 [restartedMain] INFO  com.zaxxer.hikari.HikariDataSource - HikariPool-3 - Starting...
2026-04-01 20:04:53 [restartedMain] INFO  com.zaxxer.hikari.pool.HikariPool - HikariPool-3 - Added connection org.postgresql.jdbc.PgConnection@70cf072f
2026-04-01 20:04:53 [restartedMain] INFO  com.zaxxer.hikari.HikariDataSource - HikariPool-3 - Start completed.
2026-04-01 20:04:53 [restartedMain] WARN  org.hibernate.orm.deprecation - HHH90000025: PostgreSQLDialect does not need to be specified explicitly using 'hibernate.dialect' (remove the property setting and it will be selected by default)
2026-04-01 20:04:53 [restartedMain] INFO  org.hibernate.engine.transaction.jta.platform.internal.JtaPlatformInitiator - HHH000489: No JTA platform available (set 'hibernate.transaction.jta.platform' to enable JTA platform integration)
2026-04-01 20:04:53 [restartedMain] INFO  org.springframework.orm.jpa.LocalContainerEntityManagerFactoryBean - Initialized JPA EntityManagerFactory for persistence unit 'default'
2026-04-01 20:04:54 [restartedMain] INFO  org.springframework.boot.devtools.autoconfigure.OptionalLiveReloadServer - LiveReload server is running on port 35729
2026-04-01 20:04:54 [restartedMain] WARN  org.springframework.boot.autoconfigure.orm.jpa.JpaBaseConfiguration$JpaWebConfiguration - spring.jpa.open-in-view is enabled by default. Therefore, database queries may be performed during view rendering. Explicitly configure spring.jpa.open-in-view to disable this warning
2026-04-01 20:04:54 [restartedMain] WARN  org.springframework.boot.autoconfigure.security.servlet.UserDetailsServiceAutoConfiguration - 

Using generated security password: e449fe64-793d-40d0-bbaa-54d81d1bb0db

This generated password is for development use only. Your security configuration must be updated before running your application in production.

2026-04-01 20:04:54 [restartedMain] INFO  org.springframework.security.config.annotation.authentication.configuration.InitializeUserDetailsBeanManagerConfigurer$InitializeUserDetailsManagerConfigurer - Global AuthenticationManager configured with UserDetailsService bean with name inMemoryUserDetailsManager
2026-04-01 20:04:54 [restartedMain] INFO  org.apache.kafka.clients.admin.AdminClientConfig - AdminClientConfig values: 
	auto.include.jmx.reporter = true
	bootstrap.controllers = []
	bootstrap.servers = [localhost:9092]
	client.dns.lookup = use_all_dns_ips
	client.id = gyan-admin-1
	connections.max.idle.ms = 300000
	default.api.timeout.ms = 60000
	enable.metrics.push = true
	metadata.max.age.ms = 300000
	metric.reporters = []
	metrics.num.samples = 2
	metrics.recording.level = INFO
	metrics.sample.window.ms = 30000
	receive.buffer.bytes = 65536
	reconnect.backoff.max.ms = 1000
	reconnect.backoff.ms = 50
	request.timeout.ms = 30000
	retries = 2147483647
	retry.backoff.max.ms = 1000
	retry.backoff.ms = 100
	sasl.client.callback.handler.class = null
	sasl.jaas.config = null
	sasl.kerberos.kinit.cmd = /usr/bin/kinit
	sasl.kerberos.min.time.before.relogin = 60000
	sasl.kerberos.service.name = null
	sasl.kerberos.ticket.renew.jitter = 0.05
	sasl.kerberos.ticket.renew.window.factor = 0.8
	sasl.login.callback.handler.class = null
	sasl.login.class = null
	sasl.login.connect.timeout.ms = null
	sasl.login.read.timeout.ms = null
	sasl.login.refresh.buffer.seconds = 300
	sasl.login.refresh.min.period.seconds = 60
	sasl.login.refresh.window.factor = 0.8
	sasl.login.refresh.window.jitter = 0.05
	sasl.login.retry.backoff.max.ms = 10000
	sasl.login.retry.backoff.ms = 100
	sasl.mechanism = GSSAPI
	sasl.oauthbearer.clock.skew.seconds = 30
	sasl.oauthbearer.expected.audience = null
	sasl.oauthbearer.expected.issuer = null
	sasl.oauthbearer.jwks.endpoint.refresh.ms = 3600000
	sasl.oauthbearer.jwks.endpoint.retry.backoff.max.ms = 10000
	sasl.oauthbearer.jwks.endpoint.retry.backoff.ms = 100
	sasl.oauthbearer.jwks.endpoint.url = null
	sasl.oauthbearer.scope.claim.name = scope
	sasl.oauthbearer.sub.claim.name = sub
	sasl.oauthbearer.token.endpoint.url = null
	security.protocol = PLAINTEXT
	security.providers = null
	send.buffer.bytes = 131072
	socket.connection.setup.timeout.max.ms = 30000
	socket.connection.setup.timeout.ms = 10000
	ssl.cipher.suites = null
	ssl.enabled.protocols = [TLSv1.2, TLSv1.3]
	ssl.endpoint.identification.algorithm = https
	ssl.engine.factory.class = null
	ssl.key.password = null
	ssl.keymanager.algorithm = SunX509
	ssl.keystore.certificate.chain = null
	ssl.keystore.key = null
	ssl.keystore.location = null
	ssl.keystore.password = null
	ssl.keystore.type = JKS
	ssl.protocol = TLSv1.3
	ssl.provider = null
	ssl.secure.random.implementation = null
	ssl.trustmanager.algorithm = PKIX
	ssl.truststore.certificates = null
	ssl.truststore.location = null
	ssl.truststore.password = null
	ssl.truststore.type = JKS

2026-04-01 20:04:54 [restartedMain] INFO  org.apache.kafka.common.utils.AppInfoParser - Kafka version: 3.7.1
2026-04-01 20:04:54 [restartedMain] INFO  org.apache.kafka.common.utils.AppInfoParser - Kafka commitId: e2494e6ffb89f828
2026-04-01 20:04:54 [restartedMain] INFO  org.apache.kafka.common.utils.AppInfoParser - Kafka startTimeMs: 1775054094682
2026-04-01 20:04:54 [kafka-admin-client-thread | gyan-admin-1] INFO  org.apache.kafka.common.utils.AppInfoParser - App info kafka.admin.client for gyan-admin-1 unregistered
2026-04-01 20:04:54 [kafka-admin-client-thread | gyan-admin-1] INFO  org.apache.kafka.common.metrics.Metrics - Metrics scheduler closed
2026-04-01 20:04:54 [kafka-admin-client-thread | gyan-admin-1] INFO  org.apache.kafka.common.metrics.Metrics - Closing reporter org.apache.kafka.common.metrics.JmxReporter
2026-04-01 20:04:54 [kafka-admin-client-thread | gyan-admin-1] INFO  org.apache.kafka.common.metrics.Metrics - Metrics reporters closed
2026-04-01 20:04:54 [restartedMain] INFO  org.apache.coyote.http11.Http11NioProtocol - Starting ProtocolHandler ["http-nio-8080"]
2026-04-01 20:04:54 [restartedMain] INFO  org.springframework.boot.web.embedded.tomcat.TomcatWebServer - Tomcat started on port 8080 (http) with context path '/'
2026-04-01 20:04:54 [restartedMain] INFO  org.apache.kafka.clients.consumer.ConsumerConfig - ConsumerConfig values: 
	allow.auto.create.topics = true
	auto.commit.interval.ms = 5000
	auto.include.jmx.reporter = true
	auto.offset.reset = earliest
	bootstrap.servers = [localhost:9092]
	check.crcs = true
	client.dns.lookup = use_all_dns_ips
	client.id = consumer-document-workers-2
	client.rack = 
	connections.max.idle.ms = 540000
	default.api.timeout.ms = 60000
	enable.auto.commit = false
	enable.metrics.push = true
	exclude.internal.topics = true
	fetch.max.bytes = 52428800
	fetch.max.wait.ms = 500
	fetch.min.bytes = 1
	group.id = document-workers
	group.instance.id = null
	group.protocol = classic
	group.remote.assignor = null
	heartbeat.interval.ms = 3000
	interceptor.classes = []
	internal.leave.group.on.close = true
	internal.throw.on.fetch.stable.offset.unsupported = false
	isolation.level = read_uncommitted
	key.deserializer = class org.apache.kafka.common.serialization.StringDeserializer
	max.partition.fetch.bytes = 1048576
	max.poll.interval.ms = 300000
	max.poll.records = 500
	metadata.max.age.ms = 300000
	metric.reporters = []
	metrics.num.samples = 2
	metrics.recording.level = INFO
	metrics.sample.window.ms = 30000
	partition.assignment.strategy = [class org.apache.kafka.clients.consumer.RangeAssignor, class org.apache.kafka.clients.consumer.CooperativeStickyAssignor]
	receive.buffer.bytes = 65536
	reconnect.backoff.max.ms = 1000
	reconnect.backoff.ms = 50
	request.timeout.ms = 30000
	retry.backoff.max.ms = 1000
	retry.backoff.ms = 100
	sasl.client.callback.handler.class = null
	sasl.jaas.config = null
	sasl.kerberos.kinit.cmd = /usr/bin/kinit
	sasl.kerberos.min.time.before.relogin = 60000
	sasl.kerberos.service.name = null
	sasl.kerberos.ticket.renew.jitter = 0.05
	sasl.kerberos.ticket.renew.window.factor = 0.8
	sasl.login.callback.handler.class = null
	sasl.login.class = null
	sasl.login.connect.timeout.ms = null
	sasl.login.read.timeout.ms = null
	sasl.login.refresh.buffer.seconds = 300
	sasl.login.refresh.min.period.seconds = 60
	sasl.login.refresh.window.factor = 0.8
	sasl.login.refresh.window.jitter = 0.05
	sasl.login.retry.backoff.max.ms = 10000
	sasl.login.retry.backoff.ms = 100
	sasl.mechanism = GSSAPI
	sasl.oauthbearer.clock.skew.seconds = 30
	sasl.oauthbearer.expected.audience = null
	sasl.oauthbearer.expected.issuer = null
	sasl.oauthbearer.jwks.endpoint.refresh.ms = 3600000
	sasl.oauthbearer.jwks.endpoint.retry.backoff.max.ms = 10000
	sasl.oauthbearer.jwks.endpoint.retry.backoff.ms = 100
	sasl.oauthbearer.jwks.endpoint.url = null
	sasl.oauthbearer.scope.claim.name = scope
	sasl.oauthbearer.sub.claim.name = sub
	sasl.oauthbearer.token.endpoint.url = null
	security.protocol = PLAINTEXT
	security.providers = null
	send.buffer.bytes = 131072
	session.timeout.ms = 45000
	socket.connection.setup.timeout.max.ms = 30000
	socket.connection.setup.timeout.ms = 10000
	ssl.cipher.suites = null
	ssl.enabled.protocols = [TLSv1.2, TLSv1.3]
	ssl.endpoint.identification.algorithm = https
	ssl.engine.factory.class = null
	ssl.key.password = null
	ssl.keymanager.algorithm = SunX509
	ssl.keystore.certificate.chain = null
	ssl.keystore.key = null
	ssl.keystore.location = null
	ssl.keystore.password = null
	ssl.keystore.type = JKS
	ssl.protocol = TLSv1.3
	ssl.provider = null
	ssl.secure.random.implementation = null
	ssl.trustmanager.algorithm = PKIX
	ssl.truststore.certificates = null
	ssl.truststore.location = null
	ssl.truststore.password = null
	ssl.truststore.type = JKS
	value.deserializer = class org.springframework.kafka.support.serializer.JsonDeserializer

2026-04-01 20:04:54 [restartedMain] INFO  org.apache.kafka.common.telemetry.internals.KafkaMetricsCollector - initializing Kafka metrics collector
2026-04-01 20:04:54 [restartedMain] INFO  org.apache.kafka.common.utils.AppInfoParser - Kafka version: 3.7.1
2026-04-01 20:04:54 [restartedMain] INFO  org.apache.kafka.common.utils.AppInfoParser - Kafka commitId: e2494e6ffb89f828
2026-04-01 20:04:54 [restartedMain] INFO  org.apache.kafka.common.utils.AppInfoParser - Kafka startTimeMs: 1775054094724
2026-04-01 20:04:54 [restartedMain] INFO  org.apache.kafka.clients.consumer.internals.LegacyKafkaConsumer - [Consumer clientId=consumer-document-workers-2, groupId=document-workers] Subscribed to topic(s): document-uploaded
2026-04-01 20:04:54 [restartedMain] INFO  com.gyan.GyanApplication - Started GyanApplication in 2.051 seconds (process running for 755.308)
2026-04-01 20:04:54 [org.springframework.kafka.KafkaListenerEndpointContainer#0-0-C-1] INFO  org.apache.kafka.clients.Metadata - [Consumer clientId=consumer-document-workers-2, groupId=document-workers] Cluster ID: phIC6OCuTGem87Ywbqq44Q
2026-04-01 20:04:54 [restartedMain] INFO  org.springframework.boot.devtools.autoconfigure.ConditionEvaluationDeltaLoggingListener - Condition evaluation unchanged
2026-04-01 20:04:54 [org.springframework.kafka.KafkaListenerEndpointContainer#0-0-C-1] INFO  org.apache.kafka.clients.consumer.internals.ConsumerCoordinator - [Consumer clientId=consumer-document-workers-2, groupId=document-workers] Discovered group coordinator localhost:9092 (id: 2147483646 rack: null)
2026-04-01 20:04:54 [org.springframework.kafka.KafkaListenerEndpointContainer#0-0-C-1] INFO  org.apache.kafka.clients.consumer.internals.ConsumerCoordinator - [Consumer clientId=consumer-document-workers-2, groupId=document-workers] (Re-)joining group
2026-04-01 20:04:54 [org.springframework.kafka.KafkaListenerEndpointContainer#0-0-C-1] INFO  org.apache.kafka.clients.consumer.internals.ConsumerCoordinator - [Consumer clientId=consumer-document-workers-2, groupId=document-workers] Request joining group due to: need to re-join with the given member-id: consumer-document-workers-2-bde1c858-34b4-4cc6-99ff-915f4a151487
2026-04-01 20:04:54 [org.springframework.kafka.KafkaListenerEndpointContainer#0-0-C-1] INFO  org.apache.kafka.clients.consumer.internals.ConsumerCoordinator - [Consumer clientId=consumer-document-workers-2, groupId=document-workers] (Re-)joining group
2026-04-01 20:04:57 [org.springframework.kafka.KafkaListenerEndpointContainer#0-0-C-1] INFO  org.apache.kafka.clients.consumer.internals.ConsumerCoordinator - [Consumer clientId=consumer-document-workers-2, groupId=document-workers] Successfully joined group with generation Generation{generationId=22, memberId='consumer-document-workers-2-bde1c858-34b4-4cc6-99ff-915f4a151487', protocol='range'}
2026-04-01 20:04:57 [org.springframework.kafka.KafkaListenerEndpointContainer#0-0-C-1] INFO  org.apache.kafka.clients.consumer.internals.ConsumerCoordinator - [Consumer clientId=consumer-document-workers-2, groupId=document-workers] Finished assignment for group at generation 22: {consumer-document-workers-2-bde1c858-34b4-4cc6-99ff-915f4a151487=Assignment(partitions=[document-uploaded-0, document-uploaded-1, document-uploaded-2])}
2026-04-01 20:04:57 [org.springframework.kafka.KafkaListenerEndpointContainer#0-0-C-1] INFO  org.apache.kafka.clients.consumer.internals.ConsumerCoordinator - [Consumer clientId=consumer-document-workers-2, groupId=document-workers] Successfully synced group in generation Generation{generationId=22, memberId='consumer-document-workers-2-bde1c858-34b4-4cc6-99ff-915f4a151487', protocol='range'}
2026-04-01 20:04:57 [org.springframework.kafka.KafkaListenerEndpointContainer#0-0-C-1] INFO  org.apache.kafka.clients.consumer.internals.ConsumerCoordinator - [Consumer clientId=consumer-document-workers-2, groupId=document-workers] Notifying assignor about the new Assignment(partitions=[document-uploaded-0, document-uploaded-1, document-uploaded-2])
2026-04-01 20:04:57 [org.springframework.kafka.KafkaListenerEndpointContainer#0-0-C-1] INFO  org.apache.kafka.clients.consumer.internals.ConsumerRebalanceListenerInvoker - [Consumer clientId=consumer-document-workers-2, groupId=document-workers] Adding newly assigned partitions: document-uploaded-0, document-uploaded-1, document-uploaded-2
2026-04-01 20:04:57 [org.springframework.kafka.KafkaListenerEndpointContainer#0-0-C-1] INFO  org.apache.kafka.clients.consumer.internals.ConsumerCoordinator - [Consumer clientId=consumer-document-workers-2, groupId=document-workers] Found no committed offset for partition document-uploaded-1
2026-04-01 20:04:57 [org.springframework.kafka.KafkaListenerEndpointContainer#0-0-C-1] INFO  org.apache.kafka.clients.consumer.internals.ConsumerUtils - Setting offset for partition document-uploaded-2 to the committed offset FetchPosition{offset=1, offsetEpoch=Optional.empty, currentLeader=LeaderAndEpoch{leader=Optional[localhost:9092 (id: 1 rack: null)], epoch=0}}
2026-04-01 20:04:57 [org.springframework.kafka.KafkaListenerEndpointContainer#0-0-C-1] INFO  org.apache.kafka.clients.consumer.internals.ConsumerUtils - Setting offset for partition document-uploaded-0 to the committed offset FetchPosition{offset=3, offsetEpoch=Optional.empty, currentLeader=LeaderAndEpoch{leader=Optional[localhost:9092 (id: 1 rack: null)], epoch=0}}
2026-04-01 20:04:57 [org.springframework.kafka.KafkaListenerEndpointContainer#0-0-C-1] INFO  org.apache.kafka.clients.consumer.internals.SubscriptionState - [Consumer clientId=consumer-document-workers-2, groupId=document-workers] Resetting offset for partition document-uploaded-1 to position FetchPosition{offset=0, offsetEpoch=Optional.empty, currentLeader=LeaderAndEpoch{leader=Optional[localhost:9092 (id: 1 rack: null)], epoch=0}}.
2026-04-01 20:04:57 [org.springframework.kafka.KafkaListenerEndpointContainer#0-0-C-1] INFO  org.springframework.kafka.listener.KafkaMessageListenerContainer - document-workers: partitions assigned: [document-uploaded-0, document-uploaded-1, document-uploaded-2]
2026-04-01 20:06:54 [http-nio-8080-exec-1] INFO  org.apache.catalina.core.ContainerBase.[Tomcat-1].[localhost].[/] - Initializing Spring DispatcherServlet 'dispatcherServlet'
2026-04-01 20:06:54 [http-nio-8080-exec-1] INFO  org.springframework.web.servlet.DispatcherServlet - Initializing Servlet 'dispatcherServlet'
2026-04-01 20:06:54 [http-nio-8080-exec-1] INFO  org.springframework.web.servlet.DispatcherServlet - Completed initialization in 2 ms
2026-04-01 20:06:54 [http-nio-8080-exec-1] INFO  com.gyan.util.RequestLoggingFilter - Request 58862b80-e553-4306-9f22-bbe0951dc698 started: POST /auth/login
2026-04-01 20:06:54 [http-nio-8080-exec-1] INFO  com.gyan.util.RequestLoggingFilter - Request 58862b80-e553-4306-9f22-bbe0951dc698 completed with status 200
2026-04-01 20:06:54 [http-nio-8080-exec-2] INFO  com.gyan.util.RequestLoggingFilter - Request 4624ed5e-8464-434b-a003-4162df556520 started: GET /chats
2026-04-01 20:06:54 [http-nio-8080-exec-2] INFO  com.gyan.util.RequestLoggingFilter - Request 4624ed5e-8464-434b-a003-4162df556520 completed with status 200
2026-04-01 20:06:54 [http-nio-8080-exec-3] INFO  com.gyan.util.RequestLoggingFilter - Request d615aa52-cf2c-4d87-866f-2db81632fe34 started: GET /chats
2026-04-01 20:06:54 [http-nio-8080-exec-3] INFO  com.gyan.util.RequestLoggingFilter - Request d615aa52-cf2c-4d87-866f-2db81632fe34 completed with status 200
2026-04-01 20:07:06 [http-nio-8080-exec-5] INFO  com.gyan.util.RequestLoggingFilter - Request f678c894-f547-4b1c-9e18-f77c27c5c0d6 started: DELETE /chats/5
2026-04-01 20:07:06 [http-nio-8080-exec-5] INFO  com.gyan.util.RequestLoggingFilter - Request f678c894-f547-4b1c-9e18-f77c27c5c0d6 completed with status 200
2026-04-01 20:07:10 [http-nio-8080-exec-4] INFO  com.gyan.util.RequestLoggingFilter - Request ee0a2cb4-a1e1-4dfd-9055-ba67eeed81d0 started: DELETE /chats/5
2026-04-01 20:07:10 [http-nio-8080-exec-4] WARN  org.springframework.web.servlet.mvc.method.annotation.ExceptionHandlerExceptionResolver - Resolved [java.lang.RuntimeException: Chat not found]
2026-04-01 20:07:10 [http-nio-8080-exec-4] INFO  com.gyan.util.RequestLoggingFilter - Request ee0a2cb4-a1e1-4dfd-9055-ba67eeed81d0 completed with status 500
2026-04-01 20:07:13 [http-nio-8080-exec-9] INFO  com.gyan.util.RequestLoggingFilter - Request f65ab429-c408-479b-a1b4-5c6f2213f14b started: DELETE /chats/5
2026-04-01 20:07:13 [http-nio-8080-exec-9] WARN  org.springframework.web.servlet.mvc.method.annotation.ExceptionHandlerExceptionResolver - Resolved [java.lang.RuntimeException: Chat not found]
2026-04-01 20:07:13 [http-nio-8080-exec-9] INFO  com.gyan.util.RequestLoggingFilter - Request f65ab429-c408-479b-a1b4-5c6f2213f14b completed with status 500
2026-04-01 20:07:14 [http-nio-8080-exec-8] INFO  com.gyan.util.RequestLoggingFilter - Request 22830123-d57f-467b-b1ca-54f88ef3a419 started: GET /documents/chats/5
2026-04-01 20:07:14 [http-nio-8080-exec-7] INFO  com.gyan.util.RequestLoggingFilter - Request f27786ad-b263-486e-aebc-825f14909271 started: GET /chats/5
2026-04-01 20:07:14 [http-nio-8080-exec-8] WARN  org.springframework.web.servlet.mvc.method.annotation.ExceptionHandlerExceptionResolver - Resolved [java.lang.RuntimeException: Chat not found]
2026-04-01 20:07:14 [http-nio-8080-exec-8] INFO  com.gyan.util.RequestLoggingFilter - Request 22830123-d57f-467b-b1ca-54f88ef3a419 completed with status 500
2026-04-01 20:07:14 [http-nio-8080-exec-7] WARN  org.springframework.web.servlet.mvc.method.annotation.ExceptionHandlerExceptionResolver - Resolved [java.lang.RuntimeException: Chat not found]
2026-04-01 20:07:14 [http-nio-8080-exec-7] INFO  com.gyan.util.RequestLoggingFilter - Request f27786ad-b263-486e-aebc-825f14909271 completed with status 500
2026-04-01 20:07:14 [http-nio-8080-exec-6] INFO  com.gyan.util.RequestLoggingFilter - Request 9f166df8-afac-41f4-9fc8-b212d9852a82 started: GET /documents/chats/5
2026-04-01 20:07:14 [http-nio-8080-exec-6] WARN  org.springframework.web.servlet.mvc.method.annotation.ExceptionHandlerExceptionResolver - Resolved [java.lang.RuntimeException: Chat not found]
2026-04-01 20:07:14 [http-nio-8080-exec-10] INFO  com.gyan.util.RequestLoggingFilter - Request ad2f2de4-2ab8-4116-88d2-96545ce24fbd started: GET /chats/5
2026-04-01 20:07:14 [http-nio-8080-exec-6] INFO  com.gyan.util.RequestLoggingFilter - Request 9f166df8-afac-41f4-9fc8-b212d9852a82 completed with status 500
2026-04-01 20:07:14 [http-nio-8080-exec-10] WARN  org.springframework.web.servlet.mvc.method.annotation.ExceptionHandlerExceptionResolver - Resolved [java.lang.RuntimeException: Chat not found]
2026-04-01 20:07:14 [http-nio-8080-exec-10] INFO  com.gyan.util.RequestLoggingFilter - Request ad2f2de4-2ab8-4116-88d2-96545ce24fbd completed with status 500
2026-04-01 20:07:16 [http-nio-8080-exec-1] INFO  com.gyan.util.RequestLoggingFilter - Request 291752fe-a28b-4874-8e89-70aaaddba44a started: GET /documents/chats/5
2026-04-01 20:07:16 [http-nio-8080-exec-1] WARN  org.springframework.web.servlet.mvc.method.annotation.ExceptionHandlerExceptionResolver - Resolved [java.lang.RuntimeException: Chat not found]
2026-04-01 20:07:16 [http-nio-8080-exec-1] INFO  com.gyan.util.RequestLoggingFilter - Request 291752fe-a28b-4874-8e89-70aaaddba44a completed with status 500
2026-04-01 20:07:27 [http-nio-8080-exec-2] INFO  com.gyan.util.RequestLoggingFilter - Request e39b4ac7-60ac-4288-b5fc-9a202a384002 started: GET /chats
2026-04-01 20:07:27 [http-nio-8080-exec-2] INFO  com.gyan.util.RequestLoggingFilter - Request e39b4ac7-60ac-4288-b5fc-9a202a384002 completed with status 200
2026-04-01 20:07:27 [http-nio-8080-exec-3] INFO  com.gyan.util.RequestLoggingFilter - Request 0c4adc0b-3552-40cf-8357-5e4193c9d77f started: GET /chats
2026-04-01 20:07:27 [http-nio-8080-exec-3] INFO  com.gyan.util.RequestLoggingFilter - Request 0c4adc0b-3552-40cf-8357-5e4193c9d77f completed with status 200
2026-04-01 20:07:29 [http-nio-8080-exec-5] INFO  com.gyan.util.RequestLoggingFilter - Request 4f9556c1-31b8-4eab-a2c9-91e60e4412a9 started: GET /chats
2026-04-01 20:07:29 [http-nio-8080-exec-5] INFO  com.gyan.util.RequestLoggingFilter - Request 4f9556c1-31b8-4eab-a2c9-91e60e4412a9 completed with status 200
2026-04-01 20:07:31 [http-nio-8080-exec-4] INFO  com.gyan.util.RequestLoggingFilter - Request 4231600b-68b8-4f74-b304-9fc3dda8336c started: DELETE /chats/4
2026-04-01 20:07:31 [http-nio-8080-exec-4] INFO  com.gyan.util.RequestLoggingFilter - Request 4231600b-68b8-4f74-b304-9fc3dda8336c completed with status 200
2026-04-01 20:07:32 [http-nio-8080-exec-9] INFO  com.gyan.util.RequestLoggingFilter - Request d34ef659-c5bb-4b69-8b07-858567a9201f started: GET /chats
2026-04-01 20:07:32 [http-nio-8080-exec-9] INFO  com.gyan.util.RequestLoggingFilter - Request d34ef659-c5bb-4b69-8b07-858567a9201f completed with status 200
2026-04-01 20:07:35 [http-nio-8080-exec-8] INFO  com.gyan.util.RequestLoggingFilter - Request 58d9fa80-0845-4ae3-a546-234d5a9a5612 started: DELETE /chats/3
2026-04-01 20:07:35 [http-nio-8080-exec-8] INFO  com.gyan.util.RequestLoggingFilter - Request 58d9fa80-0845-4ae3-a546-234d5a9a5612 completed with status 200
2026-04-01 20:08:36 [http-nio-8080-exec-6] INFO  com.gyan.util.RequestLoggingFilter - Request d8871d1a-18bd-4b52-9fc8-dc703aa06ac5 started: GET /documents/chats/3
2026-04-01 20:08:36 [http-nio-8080-exec-7] INFO  com.gyan.util.RequestLoggingFilter - Request 896ce1b8-d823-42b0-8f4a-9f75261c4899 started: GET /chats/3
2026-04-01 20:08:36 [http-nio-8080-exec-7] WARN  org.springframework.web.servlet.mvc.method.annotation.ExceptionHandlerExceptionResolver - Resolved [java.lang.RuntimeException: Chat not found]
2026-04-01 20:08:36 [http-nio-8080-exec-6] WARN  org.springframework.web.servlet.mvc.method.annotation.ExceptionHandlerExceptionResolver - Resolved [java.lang.RuntimeException: Chat not found]
2026-04-01 20:08:36 [http-nio-8080-exec-7] INFO  com.gyan.util.RequestLoggingFilter - Request 896ce1b8-d823-42b0-8f4a-9f75261c4899 completed with status 500
2026-04-01 20:08:36 [http-nio-8080-exec-6] INFO  com.gyan.util.RequestLoggingFilter - Request d8871d1a-18bd-4b52-9fc8-dc703aa06ac5 completed with status 500
2026-04-01 20:08:36 [http-nio-8080-exec-10] INFO  com.gyan.util.RequestLoggingFilter - Request b402a2af-f8ab-4a3b-83a9-991f01973672 started: GET /chats/3
2026-04-01 20:08:36 [http-nio-8080-exec-1] INFO  com.gyan.util.RequestLoggingFilter - Request cf90e3ba-cf56-42ae-9be5-e79fe077f4b3 started: GET /documents/chats/3
2026-04-01 20:08:36 [http-nio-8080-exec-1] WARN  org.springframework.web.servlet.mvc.method.annotation.ExceptionHandlerExceptionResolver - Resolved [java.lang.RuntimeException: Chat not found]
2026-04-01 20:08:36 [http-nio-8080-exec-10] WARN  org.springframework.web.servlet.mvc.method.annotation.ExceptionHandlerExceptionResolver - Resolved [java.lang.RuntimeException: Chat not found]
2026-04-01 20:08:36 [http-nio-8080-exec-1] INFO  com.gyan.util.RequestLoggingFilter - Request cf90e3ba-cf56-42ae-9be5-e79fe077f4b3 completed with status 500
2026-04-01 20:08:36 [http-nio-8080-exec-10] INFO  com.gyan.util.RequestLoggingFilter - Request b402a2af-f8ab-4a3b-83a9-991f01973672 completed with status 500
2026-04-01 20:08:41 [http-nio-8080-exec-2] INFO  com.gyan.util.RequestLoggingFilter - Request f7ac1643-525c-4f5c-940f-abc2bb65a3cd started: GET /chats/3
2026-04-01 20:08:41 [http-nio-8080-exec-3] INFO  com.gyan.util.RequestLoggingFilter - Request 84c24416-7891-407e-877e-cb85d7605da7 started: GET /documents/chats/3
2026-04-01 20:08:41 [http-nio-8080-exec-2] WARN  org.springframework.web.servlet.mvc.method.annotation.ExceptionHandlerExceptionResolver - Resolved [java.lang.RuntimeException: Chat not found]
2026-04-01 20:08:41 [http-nio-8080-exec-3] WARN  org.springframework.web.servlet.mvc.method.annotation.ExceptionHandlerExceptionResolver - Resolved [java.lang.RuntimeException: Chat not found]
2026-04-01 20:08:41 [http-nio-8080-exec-2] INFO  com.gyan.util.RequestLoggingFilter - Request f7ac1643-525c-4f5c-940f-abc2bb65a3cd completed with status 500
2026-04-01 20:08:41 [http-nio-8080-exec-3] INFO  com.gyan.util.RequestLoggingFilter - Request 84c24416-7891-407e-877e-cb85d7605da7 completed with status 500
2026-04-01 20:08:43 [File Watcher] INFO  org.springframework.boot.devtools.autoconfigure.LocalDevToolsAutoConfiguration$RestartingClassPathChangeChangedEventListener - Restarting due to 2 class path changes (0 additions, 0 deletions, 2 modifications)
2026-04-01 20:08:43 [org.springframework.kafka.KafkaListenerEndpointContainer#0-0-C-1] INFO  org.apache.kafka.clients.consumer.internals.ConsumerRebalanceListenerInvoker - [Consumer clientId=consumer-document-workers-2, groupId=document-workers] Revoke previously assigned partitions document-uploaded-0, document-uploaded-1, document-uploaded-2
2026-04-01 20:08:43 [org.springframework.kafka.KafkaListenerEndpointContainer#0-0-C-1] INFO  org.springframework.kafka.listener.KafkaMessageListenerContainer - document-workers: partitions revoked: [document-uploaded-0, document-uploaded-1, document-uploaded-2]
2026-04-01 20:08:43 [org.springframework.kafka.KafkaListenerEndpointContainer#0-0-C-1] INFO  org.apache.kafka.clients.consumer.internals.ConsumerCoordinator - [Consumer clientId=consumer-document-workers-2, groupId=document-workers] Member consumer-document-workers-2-bde1c858-34b4-4cc6-99ff-915f4a151487 sending LeaveGroup request to coordinator localhost:9092 (id: 2147483646 rack: null) due to the consumer unsubscribed from all topics
2026-04-01 20:08:43 [org.springframework.kafka.KafkaListenerEndpointContainer#0-0-C-1] INFO  org.apache.kafka.clients.consumer.internals.ConsumerCoordinator - [Consumer clientId=consumer-document-workers-2, groupId=document-workers] Resetting generation and member id due to: consumer pro-actively leaving the group
2026-04-01 20:08:43 [org.springframework.kafka.KafkaListenerEndpointContainer#0-0-C-1] INFO  org.apache.kafka.clients.consumer.internals.ConsumerCoordinator - [Consumer clientId=consumer-document-workers-2, groupId=document-workers] Request joining group due to: consumer pro-actively leaving the group
2026-04-01 20:08:43 [org.springframework.kafka.KafkaListenerEndpointContainer#0-0-C-1] INFO  org.apache.kafka.clients.consumer.internals.LegacyKafkaConsumer - [Consumer clientId=consumer-document-workers-2, groupId=document-workers] Unsubscribed all topics or patterns and assigned partitions
2026-04-01 20:08:43 [org.springframework.kafka.KafkaListenerEndpointContainer#0-0-C-1] INFO  org.apache.kafka.clients.consumer.internals.ConsumerCoordinator - [Consumer clientId=consumer-document-workers-2, groupId=document-workers] Resetting generation and member id due to: consumer pro-actively leaving the group
2026-04-01 20:08:43 [org.springframework.kafka.KafkaListenerEndpointContainer#0-0-C-1] INFO  org.apache.kafka.clients.consumer.internals.ConsumerCoordinator - [Consumer clientId=consumer-document-workers-2, groupId=document-workers] Request joining group due to: consumer pro-actively leaving the group
2026-04-01 20:08:43 [org.springframework.kafka.KafkaListenerEndpointContainer#0-0-C-1] INFO  org.apache.kafka.common.metrics.Metrics - Metrics scheduler closed
2026-04-01 20:08:43 [org.springframework.kafka.KafkaListenerEndpointContainer#0-0-C-1] INFO  org.apache.kafka.common.metrics.Metrics - Closing reporter org.apache.kafka.common.metrics.JmxReporter
2026-04-01 20:08:43 [org.springframework.kafka.KafkaListenerEndpointContainer#0-0-C-1] INFO  org.apache.kafka.common.metrics.Metrics - Closing reporter org.apache.kafka.common.telemetry.internals.ClientTelemetryReporter
2026-04-01 20:08:43 [org.springframework.kafka.KafkaListenerEndpointContainer#0-0-C-1] INFO  org.apache.kafka.common.metrics.Metrics - Metrics reporters closed
2026-04-01 20:08:43 [org.springframework.kafka.KafkaListenerEndpointContainer#0-0-C-1] INFO  org.apache.kafka.common.utils.AppInfoParser - App info kafka.consumer for consumer-document-workers-2 unregistered
2026-04-01 20:08:43 [org.springframework.kafka.KafkaListenerEndpointContainer#0-0-C-1] INFO  org.springframework.kafka.listener.KafkaMessageListenerContainer - document-workers: Consumer stopped
2026-04-01 20:08:43 [Thread-8] INFO  org.apache.coyote.http11.Http11NioProtocol - Stopping ProtocolHandler ["http-nio-8080"]
2026-04-01 20:08:43 [Thread-8] INFO  org.springframework.orm.jpa.LocalContainerEntityManagerFactoryBean - Closing JPA EntityManagerFactory for persistence unit 'default'
2026-04-01 20:08:43 [Thread-8] INFO  com.zaxxer.hikari.HikariDataSource - HikariPool-3 - Shutdown initiated...
2026-04-01 20:08:43 [Thread-8] INFO  com.zaxxer.hikari.HikariDataSource - HikariPool-3 - Shutdown completed.
2026-04-01 20:08:43 [restartedMain] INFO  com.gyan.GyanApplication - Starting GyanApplication using Java 21.0.8 with PID 22280 (C:\Users\manjk\OneDrive\Desktop\Discipline\gyan\backend\target\classes started by manjk in C:\Users\manjk\OneDrive\Desktop\Discipline\gyan\backend)
2026-04-01 20:08:43 [restartedMain] INFO  com.gyan.GyanApplication - No active profile set, falling back to 1 default profile: "default"
2026-04-01 20:08:44 [restartedMain] INFO  org.springframework.data.repository.config.RepositoryConfigurationDelegate - Multiple Spring Data modules found, entering strict repository configuration mode
2026-04-01 20:08:44 [restartedMain] INFO  org.springframework.data.repository.config.RepositoryConfigurationDelegate - Bootstrapping Spring Data Elasticsearch repositories in DEFAULT mode.
2026-04-01 20:08:44 [restartedMain] INFO  org.springframework.data.repository.config.RepositoryConfigurationExtensionSupport - Spring Data Elasticsearch - Could not safely identify store assignment for repository candidate interface com.gyan.repository.ChatRepository; If you want this repository to be a Elasticsearch repository, consider annotating your entities with one of these annotations: org.springframework.data.elasticsearch.annotations.Document (preferred), or consider extending one of the following types with your repository: org.springframework.data.elasticsearch.repository.ElasticsearchRepository
2026-04-01 20:08:44 [restartedMain] INFO  org.springframework.data.repository.config.RepositoryConfigurationExtensionSupport - Spring Data Elasticsearch - Could not safely identify store assignment for repository candidate interface com.gyan.repository.DocumentChunkRepository; If you want this repository to be a Elasticsearch repository, consider annotating your entities with one of these annotations: org.springframework.data.elasticsearch.annotations.Document (preferred), or consider extending one of the following types with your repository: org.springframework.data.elasticsearch.repository.ElasticsearchRepository
2026-04-01 20:08:44 [restartedMain] INFO  org.springframework.data.repository.config.RepositoryConfigurationExtensionSupport - Spring Data Elasticsearch - Could not safely identify store assignment for repository candidate interface com.gyan.repository.DocumentRepository; If you want this repository to be a Elasticsearch repository, consider annotating your entities with one of these annotations: org.springframework.data.elasticsearch.annotations.Document (preferred), or consider extending one of the following types with your repository: org.springframework.data.elasticsearch.repository.ElasticsearchRepository
2026-04-01 20:08:44 [restartedMain] INFO  org.springframework.data.repository.config.RepositoryConfigurationExtensionSupport - Spring Data Elasticsearch - Could not safely identify store assignment for repository candidate interface com.gyan.repository.UserRepository; If you want this repository to be a Elasticsearch repository, consider annotating your entities with one of these annotations: org.springframework.data.elasticsearch.annotations.Document (preferred), or consider extending one of the following types with your repository: org.springframework.data.elasticsearch.repository.ElasticsearchRepository
2026-04-01 20:08:44 [restartedMain] INFO  org.springframework.data.repository.config.RepositoryConfigurationDelegate - Finished Spring Data repository scanning in 46 ms. Found 1 Elasticsearch repository interface.
2026-04-01 20:08:44 [restartedMain] INFO  org.springframework.data.repository.config.RepositoryConfigurationDelegate - Multiple Spring Data modules found, entering strict repository configuration mode
2026-04-01 20:08:44 [restartedMain] INFO  org.springframework.data.repository.config.RepositoryConfigurationDelegate - Bootstrapping Spring Data JPA repositories in DEFAULT mode.
2026-04-01 20:08:44 [restartedMain] INFO  org.springframework.data.repository.config.RepositoryConfigurationExtensionSupport - Spring Data JPA - Could not safely identify store assignment for repository candidate interface com.gyan.repository.DocumentSearchRepository; If you want this repository to be a JPA repository, consider annotating your entities with one of these annotations: jakarta.persistence.Entity, jakarta.persistence.MappedSuperclass (preferred), or consider extending one of the following types with your repository: org.springframework.data.jpa.repository.JpaRepository
2026-04-01 20:08:44 [restartedMain] INFO  org.springframework.data.repository.config.RepositoryConfigurationDelegate - Finished Spring Data repository scanning in 35 ms. Found 4 JPA repository interfaces.
2026-04-01 20:08:44 [restartedMain] INFO  org.springframework.boot.web.embedded.tomcat.TomcatWebServer - Tomcat initialized with port 8080 (http)
2026-04-01 20:08:44 [restartedMain] INFO  org.apache.coyote.http11.Http11NioProtocol - Initializing ProtocolHandler ["http-nio-8080"]
2026-04-01 20:08:44 [restartedMain] INFO  org.apache.catalina.core.StandardService - Starting service [Tomcat]
2026-04-01 20:08:44 [restartedMain] INFO  org.apache.catalina.core.StandardEngine - Starting Servlet engine: [Apache Tomcat/10.1.31]
2026-04-01 20:08:44 [restartedMain] INFO  org.apache.catalina.core.ContainerBase.[Tomcat-1].[localhost].[/] - Initializing Spring embedded WebApplicationContext
2026-04-01 20:08:44 [restartedMain] INFO  org.springframework.boot.web.servlet.context.ServletWebServerApplicationContext - Root WebApplicationContext: initialization completed in 937 ms
2026-04-01 20:08:44 [restartedMain] INFO  org.hibernate.jpa.internal.util.LogHelper - HHH000204: Processing PersistenceUnitInfo [name: default]
2026-04-01 20:08:44 [restartedMain] INFO  org.hibernate.cache.internal.RegionFactoryInitiator - HHH000026: Second-level cache disabled
2026-04-01 20:08:44 [restartedMain] INFO  org.springframework.orm.jpa.persistenceunit.SpringPersistenceUnitInfo - No LoadTimeWeaver setup: ignoring JPA class transformer
2026-04-01 20:08:44 [restartedMain] INFO  com.zaxxer.hikari.HikariDataSource - HikariPool-4 - Starting...
2026-04-01 20:08:44 [restartedMain] INFO  com.zaxxer.hikari.pool.HikariPool - HikariPool-4 - Added connection org.postgresql.jdbc.PgConnection@604c96f6
2026-04-01 20:08:44 [restartedMain] INFO  com.zaxxer.hikari.HikariDataSource - HikariPool-4 - Start completed.
2026-04-01 20:08:44 [restartedMain] WARN  org.hibernate.orm.deprecation - HHH90000025: PostgreSQLDialect does not need to be specified explicitly using 'hibernate.dialect' (remove the property setting and it will be selected by default)
2026-04-01 20:08:44 [restartedMain] INFO  org.hibernate.engine.transaction.jta.platform.internal.JtaPlatformInitiator - HHH000489: No JTA platform available (set 'hibernate.transaction.jta.platform' to enable JTA platform integration)
2026-04-01 20:08:45 [restartedMain] INFO  org.springframework.orm.jpa.LocalContainerEntityManagerFactoryBean - Initialized JPA EntityManagerFactory for persistence unit 'default'
2026-04-01 20:08:45 [restartedMain] INFO  org.springframework.boot.devtools.autoconfigure.OptionalLiveReloadServer - LiveReload server is running on port 35729
2026-04-01 20:08:45 [restartedMain] WARN  org.springframework.boot.autoconfigure.orm.jpa.JpaBaseConfiguration$JpaWebConfiguration - spring.jpa.open-in-view is enabled by default. Therefore, database queries may be performed during view rendering. Explicitly configure spring.jpa.open-in-view to disable this warning
2026-04-01 20:08:45 [restartedMain] WARN  org.springframework.boot.autoconfigure.security.servlet.UserDetailsServiceAutoConfiguration - 

Using generated security password: 58dc03bf-79e6-4601-bb12-b5cc5b921308

This generated password is for development use only. Your security configuration must be updated before running your application in production.

2026-04-01 20:08:45 [restartedMain] INFO  org.springframework.security.config.annotation.authentication.configuration.InitializeUserDetailsBeanManagerConfigurer$InitializeUserDetailsManagerConfigurer - Global AuthenticationManager configured with UserDetailsService bean with name inMemoryUserDetailsManager
2026-04-01 20:08:45 [restartedMain] INFO  org.apache.kafka.clients.admin.AdminClientConfig - AdminClientConfig values: 
	auto.include.jmx.reporter = true
	bootstrap.controllers = []
	bootstrap.servers = [localhost:9092]
	client.dns.lookup = use_all_dns_ips
	client.id = gyan-admin-2
	connections.max.idle.ms = 300000
	default.api.timeout.ms = 60000
	enable.metrics.push = true
	metadata.max.age.ms = 300000
	metric.reporters = []
	metrics.num.samples = 2
	metrics.recording.level = INFO
	metrics.sample.window.ms = 30000
	receive.buffer.bytes = 65536
	reconnect.backoff.max.ms = 1000
	reconnect.backoff.ms = 50
	request.timeout.ms = 30000
	retries = 2147483647
	retry.backoff.max.ms = 1000
	retry.backoff.ms = 100
	sasl.client.callback.handler.class = null
	sasl.jaas.config = null
	sasl.kerberos.kinit.cmd = /usr/bin/kinit
	sasl.kerberos.min.time.before.relogin = 60000
	sasl.kerberos.service.name = null
	sasl.kerberos.ticket.renew.jitter = 0.05
	sasl.kerberos.ticket.renew.window.factor = 0.8
	sasl.login.callback.handler.class = null
	sasl.login.class = null
	sasl.login.connect.timeout.ms = null
	sasl.login.read.timeout.ms = null
	sasl.login.refresh.buffer.seconds = 300
	sasl.login.refresh.min.period.seconds = 60
	sasl.login.refresh.window.factor = 0.8
	sasl.login.refresh.window.jitter = 0.05
	sasl.login.retry.backoff.max.ms = 10000
	sasl.login.retry.backoff.ms = 100
	sasl.mechanism = GSSAPI
	sasl.oauthbearer.clock.skew.seconds = 30
	sasl.oauthbearer.expected.audience = null
	sasl.oauthbearer.expected.issuer = null
	sasl.oauthbearer.jwks.endpoint.refresh.ms = 3600000
	sasl.oauthbearer.jwks.endpoint.retry.backoff.max.ms = 10000
	sasl.oauthbearer.jwks.endpoint.retry.backoff.ms = 100
	sasl.oauthbearer.jwks.endpoint.url = null
	sasl.oauthbearer.scope.claim.name = scope
	sasl.oauthbearer.sub.claim.name = sub
	sasl.oauthbearer.token.endpoint.url = null
	security.protocol = PLAINTEXT
	security.providers = null
	send.buffer.bytes = 131072
	socket.connection.setup.timeout.max.ms = 30000
	socket.connection.setup.timeout.ms = 10000
	ssl.cipher.suites = null
	ssl.enabled.protocols = [TLSv1.2, TLSv1.3]
	ssl.endpoint.identification.algorithm = https
	ssl.engine.factory.class = null
	ssl.key.password = null
	ssl.keymanager.algorithm = SunX509
	ssl.keystore.certificate.chain = null
	ssl.keystore.key = null
	ssl.keystore.location = null
	ssl.keystore.password = null
	ssl.keystore.type = JKS
	ssl.protocol = TLSv1.3
	ssl.provider = null
	ssl.secure.random.implementation = null
	ssl.trustmanager.algorithm = PKIX
	ssl.truststore.certificates = null
	ssl.truststore.location = null
	ssl.truststore.password = null
	ssl.truststore.type = JKS

2026-04-01 20:08:45 [restartedMain] INFO  org.apache.kafka.common.utils.AppInfoParser - Kafka version: 3.7.1
2026-04-01 20:08:45 [restartedMain] INFO  org.apache.kafka.common.utils.AppInfoParser - Kafka commitId: e2494e6ffb89f828
2026-04-01 20:08:45 [restartedMain] INFO  org.apache.kafka.common.utils.AppInfoParser - Kafka startTimeMs: 1775054325789
2026-04-01 20:08:45 [kafka-admin-client-thread | gyan-admin-2] INFO  org.apache.kafka.common.utils.AppInfoParser - App info kafka.admin.client for gyan-admin-2 unregistered
2026-04-01 20:08:45 [kafka-admin-client-thread | gyan-admin-2] INFO  org.apache.kafka.common.metrics.Metrics - Metrics scheduler closed
2026-04-01 20:08:45 [kafka-admin-client-thread | gyan-admin-2] INFO  org.apache.kafka.common.metrics.Metrics - Closing reporter org.apache.kafka.common.metrics.JmxReporter
2026-04-01 20:08:45 [kafka-admin-client-thread | gyan-admin-2] INFO  org.apache.kafka.common.metrics.Metrics - Metrics reporters closed
2026-04-01 20:08:45 [restartedMain] INFO  org.apache.coyote.http11.Http11NioProtocol - Starting ProtocolHandler ["http-nio-8080"]
2026-04-01 20:08:45 [restartedMain] INFO  org.springframework.boot.web.embedded.tomcat.TomcatWebServer - Tomcat started on port 8080 (http) with context path '/'
2026-04-01 20:08:45 [restartedMain] INFO  org.apache.kafka.clients.consumer.ConsumerConfig - ConsumerConfig values: 
	allow.auto.create.topics = true
	auto.commit.interval.ms = 5000
	auto.include.jmx.reporter = true
	auto.offset.reset = earliest
	bootstrap.servers = [localhost:9092]
	check.crcs = true
	client.dns.lookup = use_all_dns_ips
	client.id = consumer-document-workers-3
	client.rack = 
	connections.max.idle.ms = 540000
	default.api.timeout.ms = 60000
	enable.auto.commit = false
	enable.metrics.push = true
	exclude.internal.topics = true
	fetch.max.bytes = 52428800
	fetch.max.wait.ms = 500
	fetch.min.bytes = 1
	group.id = document-workers
	group.instance.id = null
	group.protocol = classic
	group.remote.assignor = null
	heartbeat.interval.ms = 3000
	interceptor.classes = []
	internal.leave.group.on.close = true
	internal.throw.on.fetch.stable.offset.unsupported = false
	isolation.level = read_uncommitted
	key.deserializer = class org.apache.kafka.common.serialization.StringDeserializer
	max.partition.fetch.bytes = 1048576
	max.poll.interval.ms = 300000
	max.poll.records = 500
	metadata.max.age.ms = 300000
	metric.reporters = []
	metrics.num.samples = 2
	metrics.recording.level = INFO
	metrics.sample.window.ms = 30000
	partition.assignment.strategy = [class org.apache.kafka.clients.consumer.RangeAssignor, class org.apache.kafka.clients.consumer.CooperativeStickyAssignor]
	receive.buffer.bytes = 65536
	reconnect.backoff.max.ms = 1000
	reconnect.backoff.ms = 50
	request.timeout.ms = 30000
	retry.backoff.max.ms = 1000
	retry.backoff.ms = 100
	sasl.client.callback.handler.class = null
	sasl.jaas.config = null
	sasl.kerberos.kinit.cmd = /usr/bin/kinit
	sasl.kerberos.min.time.before.relogin = 60000
	sasl.kerberos.service.name = null
	sasl.kerberos.ticket.renew.jitter = 0.05
	sasl.kerberos.ticket.renew.window.factor = 0.8
	sasl.login.callback.handler.class = null
	sasl.login.class = null
	sasl.login.connect.timeout.ms = null
	sasl.login.read.timeout.ms = null
	sasl.login.refresh.buffer.seconds = 300
	sasl.login.refresh.min.period.seconds = 60
	sasl.login.refresh.window.factor = 0.8
	sasl.login.refresh.window.jitter = 0.05
	sasl.login.retry.backoff.max.ms = 10000
	sasl.login.retry.backoff.ms = 100
	sasl.mechanism = GSSAPI
	sasl.oauthbearer.clock.skew.seconds = 30
	sasl.oauthbearer.expected.audience = null
	sasl.oauthbearer.expected.issuer = null
	sasl.oauthbearer.jwks.endpoint.refresh.ms = 3600000
	sasl.oauthbearer.jwks.endpoint.retry.backoff.max.ms = 10000
	sasl.oauthbearer.jwks.endpoint.retry.backoff.ms = 100
	sasl.oauthbearer.jwks.endpoint.url = null
	sasl.oauthbearer.scope.claim.name = scope
	sasl.oauthbearer.sub.claim.name = sub
	sasl.oauthbearer.token.endpoint.url = null
	security.protocol = PLAINTEXT
	security.providers = null
	send.buffer.bytes = 131072
	session.timeout.ms = 45000
	socket.connection.setup.timeout.max.ms = 30000
	socket.connection.setup.timeout.ms = 10000
	ssl.cipher.suites = null
	ssl.enabled.protocols = [TLSv1.2, TLSv1.3]
	ssl.endpoint.identification.algorithm = https
	ssl.engine.factory.class = null
	ssl.key.password = null
	ssl.keymanager.algorithm = SunX509
	ssl.keystore.certificate.chain = null
	ssl.keystore.key = null
	ssl.keystore.location = null
	ssl.keystore.password = null
	ssl.keystore.type = JKS
	ssl.protocol = TLSv1.3
	ssl.provider = null
	ssl.secure.random.implementation = null
	ssl.trustmanager.algorithm = PKIX
	ssl.truststore.certificates = null
	ssl.truststore.location = null
	ssl.truststore.password = null
	ssl.truststore.type = JKS
	value.deserializer = class org.springframework.kafka.support.serializer.JsonDeserializer

2026-04-01 20:08:45 [restartedMain] INFO  org.apache.kafka.common.telemetry.internals.KafkaMetricsCollector - initializing Kafka metrics collector
2026-04-01 20:08:45 [restartedMain] INFO  org.apache.kafka.common.utils.AppInfoParser - Kafka version: 3.7.1
2026-04-01 20:08:45 [restartedMain] INFO  org.apache.kafka.common.utils.AppInfoParser - Kafka commitId: e2494e6ffb89f828
2026-04-01 20:08:45 [restartedMain] INFO  org.apache.kafka.common.utils.AppInfoParser - Kafka startTimeMs: 1775054325836
2026-04-01 20:08:45 [restartedMain] INFO  org.apache.kafka.clients.consumer.internals.LegacyKafkaConsumer - [Consumer clientId=consumer-document-workers-3, groupId=document-workers] Subscribed to topic(s): document-uploaded
2026-04-01 20:08:45 [org.springframework.kafka.KafkaListenerEndpointContainer#0-0-C-1] INFO  org.apache.kafka.clients.Metadata - [Consumer clientId=consumer-document-workers-3, groupId=document-workers] Cluster ID: phIC6OCuTGem87Ywbqq44Q
2026-04-01 20:08:45 [restartedMain] INFO  com.gyan.GyanApplication - Started GyanApplication in 2.272 seconds (process running for 986.426)
2026-04-01 20:08:45 [org.springframework.kafka.KafkaListenerEndpointContainer#0-0-C-1] INFO  org.apache.kafka.clients.consumer.internals.ConsumerCoordinator - [Consumer clientId=consumer-document-workers-3, groupId=document-workers] Discovered group coordinator localhost:9092 (id: 2147483646 rack: null)
2026-04-01 20:08:45 [restartedMain] INFO  org.springframework.boot.devtools.autoconfigure.ConditionEvaluationDeltaLoggingListener - Condition evaluation unchanged
2026-04-01 20:08:45 [org.springframework.kafka.KafkaListenerEndpointContainer#0-0-C-1] INFO  org.apache.kafka.clients.consumer.internals.ConsumerCoordinator - [Consumer clientId=consumer-document-workers-3, groupId=document-workers] (Re-)joining group
2026-04-01 20:08:45 [org.springframework.kafka.KafkaListenerEndpointContainer#0-0-C-1] INFO  org.apache.kafka.clients.consumer.internals.ConsumerCoordinator - [Consumer clientId=consumer-document-workers-3, groupId=document-workers] Request joining group due to: need to re-join with the given member-id: consumer-document-workers-3-3d46a243-d57a-45b8-b75c-8c416be73328
2026-04-01 20:08:45 [org.springframework.kafka.KafkaListenerEndpointContainer#0-0-C-1] INFO  org.apache.kafka.clients.consumer.internals.ConsumerCoordinator - [Consumer clientId=consumer-document-workers-3, groupId=document-workers] (Re-)joining group
2026-04-01 20:08:47 [http-nio-8080-exec-1] INFO  org.apache.catalina.core.ContainerBase.[Tomcat-1].[localhost].[/] - Initializing Spring DispatcherServlet 'dispatcherServlet'
2026-04-01 20:08:47 [http-nio-8080-exec-1] INFO  org.springframework.web.servlet.DispatcherServlet - Initializing Servlet 'dispatcherServlet'
2026-04-01 20:08:47 [http-nio-8080-exec-1] INFO  org.springframework.web.servlet.DispatcherServlet - Completed initialization in 1 ms
2026-04-01 20:08:48 [org.springframework.kafka.KafkaListenerEndpointContainer#0-0-C-1] INFO  org.apache.kafka.clients.consumer.internals.ConsumerCoordinator - [Consumer clientId=consumer-document-workers-3, groupId=document-workers] Successfully joined group with generation Generation{generationId=24, memberId='consumer-document-workers-3-3d46a243-d57a-45b8-b75c-8c416be73328', protocol='range'}
2026-04-01 20:08:48 [org.springframework.kafka.KafkaListenerEndpointContainer#0-0-C-1] INFO  org.apache.kafka.clients.consumer.internals.ConsumerCoordinator - [Consumer clientId=consumer-document-workers-3, groupId=document-workers] Finished assignment for group at generation 24: {consumer-document-workers-3-3d46a243-d57a-45b8-b75c-8c416be73328=Assignment(partitions=[document-uploaded-0, document-uploaded-1, document-uploaded-2])}
2026-04-01 20:08:48 [org.springframework.kafka.KafkaListenerEndpointContainer#0-0-C-1] INFO  org.apache.kafka.clients.consumer.internals.ConsumerCoordinator - [Consumer clientId=consumer-document-workers-3, groupId=document-workers] Successfully synced group in generation Generation{generationId=24, memberId='consumer-document-workers-3-3d46a243-d57a-45b8-b75c-8c416be73328', protocol='range'}
2026-04-01 20:08:48 [org.springframework.kafka.KafkaListenerEndpointContainer#0-0-C-1] INFO  org.apache.kafka.clients.consumer.internals.ConsumerCoordinator - [Consumer clientId=consumer-document-workers-3, groupId=document-workers] Notifying assignor about the new Assignment(partitions=[document-uploaded-0, document-uploaded-1, document-uploaded-2])
2026-04-01 20:08:48 [org.springframework.kafka.KafkaListenerEndpointContainer#0-0-C-1] INFO  org.apache.kafka.clients.consumer.internals.ConsumerRebalanceListenerInvoker - [Consumer clientId=consumer-document-workers-3, groupId=document-workers] Adding newly assigned partitions: document-uploaded-0, document-uploaded-1, document-uploaded-2
2026-04-01 20:08:48 [org.springframework.kafka.KafkaListenerEndpointContainer#0-0-C-1] INFO  org.apache.kafka.clients.consumer.internals.ConsumerCoordinator - [Consumer clientId=consumer-document-workers-3, groupId=document-workers] Found no committed offset for partition document-uploaded-1
2026-04-01 20:08:48 [org.springframework.kafka.KafkaListenerEndpointContainer#0-0-C-1] INFO  org.apache.kafka.clients.consumer.internals.ConsumerUtils - Setting offset for partition document-uploaded-2 to the committed offset FetchPosition{offset=1, offsetEpoch=Optional.empty, currentLeader=LeaderAndEpoch{leader=Optional[localhost:9092 (id: 1 rack: null)], epoch=0}}
2026-04-01 20:08:48 [org.springframework.kafka.KafkaListenerEndpointContainer#0-0-C-1] INFO  org.apache.kafka.clients.consumer.internals.ConsumerUtils - Setting offset for partition document-uploaded-0 to the committed offset FetchPosition{offset=3, offsetEpoch=Optional.empty, currentLeader=LeaderAndEpoch{leader=Optional[localhost:9092 (id: 1 rack: null)], epoch=0}}
2026-04-01 20:08:48 [org.springframework.kafka.KafkaListenerEndpointContainer#0-0-C-1] INFO  org.apache.kafka.clients.consumer.internals.SubscriptionState - [Consumer clientId=consumer-document-workers-3, groupId=document-workers] Resetting offset for partition document-uploaded-1 to position FetchPosition{offset=0, offsetEpoch=Optional.empty, currentLeader=LeaderAndEpoch{leader=Optional[localhost:9092 (id: 1 rack: null)], epoch=0}}.
2026-04-01 20:08:48 [org.springframework.kafka.KafkaListenerEndpointContainer#0-0-C-1] INFO  org.springframework.kafka.listener.KafkaMessageListenerContainer - document-workers: partitions assigned: [document-uploaded-0, document-uploaded-1, document-uploaded-2]
2026-04-01 20:09:42 [org.springframework.kafka.KafkaListenerEndpointContainer#0-0-C-1] INFO  org.apache.kafka.clients.consumer.internals.ConsumerRebalanceListenerInvoker - [Consumer clientId=consumer-document-workers-3, groupId=document-workers] Revoke previously assigned partitions document-uploaded-0, document-uploaded-1, document-uploaded-2
2026-04-01 20:09:42 [org.springframework.kafka.KafkaListenerEndpointContainer#0-0-C-1] INFO  org.springframework.kafka.listener.KafkaMessageListenerContainer - document-workers: partitions revoked: [document-uploaded-0, document-uploaded-1, document-uploaded-2]
2026-04-01 20:09:42 [org.springframework.kafka.KafkaListenerEndpointContainer#0-0-C-1] INFO  org.apache.kafka.clients.consumer.internals.ConsumerCoordinator - [Consumer clientId=consumer-document-workers-3, groupId=document-workers] Member consumer-document-workers-3-3d46a243-d57a-45b8-b75c-8c416be73328 sending LeaveGroup request to coordinator localhost:9092 (id: 2147483646 rack: null) due to the consumer unsubscribed from all topics
2026-04-01 20:09:42 [org.springframework.kafka.KafkaListenerEndpointContainer#0-0-C-1] INFO  org.apache.kafka.clients.consumer.internals.ConsumerCoordinator - [Consumer clientId=consumer-document-workers-3, groupId=document-workers] Resetting generation and member id due to: consumer pro-actively leaving the group
2026-04-01 20:09:42 [org.springframework.kafka.KafkaListenerEndpointContainer#0-0-C-1] INFO  org.apache.kafka.clients.consumer.internals.ConsumerCoordinator - [Consumer clientId=consumer-document-workers-3, groupId=document-workers] Request joining group due to: consumer pro-actively leaving the group
2026-04-01 20:09:42 [org.springframework.kafka.KafkaListenerEndpointContainer#0-0-C-1] INFO  org.apache.kafka.clients.consumer.internals.LegacyKafkaConsumer - [Consumer clientId=consumer-document-workers-3, groupId=document-workers] Unsubscribed all topics or patterns and assigned partitions
2026-04-01 20:09:42 [org.springframework.kafka.KafkaListenerEndpointContainer#0-0-C-1] INFO  org.apache.kafka.clients.consumer.internals.ConsumerCoordinator - [Consumer clientId=consumer-document-workers-3, groupId=document-workers] Resetting generation and member id due to: consumer pro-actively leaving the group
2026-04-01 20:09:42 [org.springframework.kafka.KafkaListenerEndpointContainer#0-0-C-1] INFO  org.apache.kafka.clients.consumer.internals.ConsumerCoordinator - [Consumer clientId=consumer-document-workers-3, groupId=document-workers] Request joining group due to: consumer pro-actively leaving the group
2026-04-01 20:09:42 [org.springframework.kafka.KafkaListenerEndpointContainer#0-0-C-1] INFO  org.apache.kafka.common.metrics.Metrics - Metrics scheduler closed
2026-04-01 20:09:42 [org.springframework.kafka.KafkaListenerEndpointContainer#0-0-C-1] INFO  org.apache.kafka.common.metrics.Metrics - Closing reporter org.apache.kafka.common.metrics.JmxReporter
2026-04-01 20:09:42 [org.springframework.kafka.KafkaListenerEndpointContainer#0-0-C-1] INFO  org.apache.kafka.common.metrics.Metrics - Closing reporter org.apache.kafka.common.telemetry.internals.ClientTelemetryReporter
2026-04-01 20:09:42 [org.springframework.kafka.KafkaListenerEndpointContainer#0-0-C-1] INFO  org.apache.kafka.common.metrics.Metrics - Metrics reporters closed
2026-04-01 20:09:42 [org.springframework.kafka.KafkaListenerEndpointContainer#0-0-C-1] INFO  org.apache.kafka.common.utils.AppInfoParser - App info kafka.consumer for consumer-document-workers-3 unregistered
2026-04-01 20:09:42 [org.springframework.kafka.KafkaListenerEndpointContainer#0-0-C-1] INFO  org.springframework.kafka.listener.KafkaMessageListenerContainer - document-workers: Consumer stopped
2026-04-01 20:09:42 [SpringApplicationShutdownHook] INFO  org.springframework.orm.jpa.LocalContainerEntityManagerFactoryBean - Closing JPA EntityManagerFactory for persistence unit 'default'
2026-04-01 20:09:42 [SpringApplicationShutdownHook] INFO  com.zaxxer.hikari.HikariDataSource - HikariPool-4 - Shutdown initiated...
2026-04-01 20:09:42 [SpringApplicationShutdownHook] INFO  com.zaxxer.hikari.HikariDataSource - HikariPool-4 - Shutdown completed.
2026-04-01 20:09:47 [background-preinit] INFO  org.hibernate.validator.internal.util.Version - HV000001: Hibernate Validator 8.0.1.Final
2026-04-01 20:09:47 [restartedMain] INFO  com.gyan.GyanApplication - Starting GyanApplication using Java 21.0.8 with PID 36592 (C:\Users\manjk\OneDrive\Desktop\Discipline\gyan\backend\target\classes started by manjk in C:\Users\manjk\OneDrive\Desktop\Discipline\gyan\backend)
2026-04-01 20:09:47 [restartedMain] INFO  com.gyan.GyanApplication - No active profile set, falling back to 1 default profile: "default"
2026-04-01 20:09:47 [restartedMain] INFO  org.springframework.boot.devtools.env.DevToolsPropertyDefaultsPostProcessor - Devtools property defaults active! Set 'spring.devtools.add-properties' to 'false' to disable
2026-04-01 20:09:47 [restartedMain] INFO  org.springframework.boot.devtools.env.DevToolsPropertyDefaultsPostProcessor - For additional web related logging consider setting the 'logging.level.web' property to 'DEBUG'
2026-04-01 20:09:49 [restartedMain] INFO  org.springframework.data.repository.config.RepositoryConfigurationDelegate - Multiple Spring Data modules found, entering strict repository configuration mode
2026-04-01 20:09:49 [restartedMain] INFO  org.springframework.data.repository.config.RepositoryConfigurationDelegate - Bootstrapping Spring Data Elasticsearch repositories in DEFAULT mode.
2026-04-01 20:09:49 [restartedMain] INFO  org.springframework.data.repository.config.RepositoryConfigurationExtensionSupport - Spring Data Elasticsearch - Could not safely identify store assignment for repository candidate interface com.gyan.repository.ChatRepository; If you want this repository to be a Elasticsearch repository, consider annotating your entities with one of these annotations: org.springframework.data.elasticsearch.annotations.Document (preferred), or consider extending one of the following types with your repository: org.springframework.data.elasticsearch.repository.ElasticsearchRepository
2026-04-01 20:09:49 [restartedMain] INFO  org.springframework.data.repository.config.RepositoryConfigurationExtensionSupport - Spring Data Elasticsearch - Could not safely identify store assignment for repository candidate interface com.gyan.repository.DocumentChunkRepository; If you want this repository to be a Elasticsearch repository, consider annotating your entities with one of these annotations: org.springframework.data.elasticsearch.annotations.Document (preferred), or consider extending one of the following types with your repository: org.springframework.data.elasticsearch.repository.ElasticsearchRepository
2026-04-01 20:09:49 [restartedMain] INFO  org.springframework.data.repository.config.RepositoryConfigurationExtensionSupport - Spring Data Elasticsearch - Could not safely identify store assignment for repository candidate interface com.gyan.repository.DocumentRepository; If you want this repository to be a Elasticsearch repository, consider annotating your entities with one of these annotations: org.springframework.data.elasticsearch.annotations.Document (preferred), or consider extending one of the following types with your repository: org.springframework.data.elasticsearch.repository.ElasticsearchRepository
2026-04-01 20:09:49 [restartedMain] INFO  org.springframework.data.repository.config.RepositoryConfigurationExtensionSupport - Spring Data Elasticsearch - Could not safely identify store assignment for repository candidate interface com.gyan.repository.UserRepository; If you want this repository to be a Elasticsearch repository, consider annotating your entities with one of these annotations: org.springframework.data.elasticsearch.annotations.Document (preferred), or consider extending one of the following types with your repository: org.springframework.data.elasticsearch.repository.ElasticsearchRepository
2026-04-01 20:09:49 [restartedMain] INFO  org.springframework.data.repository.config.RepositoryConfigurationDelegate - Finished Spring Data repository scanning in 120 ms. Found 1 Elasticsearch repository interface.
2026-04-01 20:09:49 [restartedMain] INFO  org.springframework.data.repository.config.RepositoryConfigurationDelegate - Multiple Spring Data modules found, entering strict repository configuration mode
2026-04-01 20:09:49 [restartedMain] INFO  org.springframework.data.repository.config.RepositoryConfigurationDelegate - Bootstrapping Spring Data JPA repositories in DEFAULT mode.
2026-04-01 20:09:49 [restartedMain] INFO  org.springframework.data.repository.config.RepositoryConfigurationExtensionSupport - Spring Data JPA - Could not safely identify store assignment for repository candidate interface com.gyan.repository.DocumentSearchRepository; If you want this repository to be a JPA repository, consider annotating your entities with one of these annotations: jakarta.persistence.Entity, jakarta.persistence.MappedSuperclass (preferred), or consider extending one of the following types with your repository: org.springframework.data.jpa.repository.JpaRepository
2026-04-01 20:09:49 [restartedMain] INFO  org.springframework.data.repository.config.RepositoryConfigurationDelegate - Finished Spring Data repository scanning in 53 ms. Found 4 JPA repository interfaces.
2026-04-01 20:09:52 [restartedMain] INFO  org.springframework.boot.web.embedded.tomcat.TomcatWebServer - Tomcat initialized with port 8080 (http)
2026-04-01 20:09:52 [restartedMain] INFO  org.apache.coyote.http11.Http11NioProtocol - Initializing ProtocolHandler ["http-nio-8080"]
2026-04-01 20:09:52 [restartedMain] INFO  org.apache.catalina.core.StandardService - Starting service [Tomcat]
2026-04-01 20:09:52 [restartedMain] INFO  org.apache.catalina.core.StandardEngine - Starting Servlet engine: [Apache Tomcat/10.1.31]
2026-04-01 20:09:52 [restartedMain] INFO  org.apache.catalina.core.ContainerBase.[Tomcat].[localhost].[/] - Initializing Spring embedded WebApplicationContext
2026-04-01 20:09:52 [restartedMain] INFO  org.springframework.boot.web.servlet.context.ServletWebServerApplicationContext - Root WebApplicationContext: initialization completed in 4936 ms
2026-04-01 20:09:53 [restartedMain] INFO  org.hibernate.jpa.internal.util.LogHelper - HHH000204: Processing PersistenceUnitInfo [name: default]
2026-04-01 20:09:53 [restartedMain] INFO  org.hibernate.Version - HHH000412: Hibernate ORM core version 6.5.3.Final
2026-04-01 20:09:53 [restartedMain] INFO  org.hibernate.cache.internal.RegionFactoryInitiator - HHH000026: Second-level cache disabled
2026-04-01 20:09:53 [restartedMain] INFO  org.springframework.orm.jpa.persistenceunit.SpringPersistenceUnitInfo - No LoadTimeWeaver setup: ignoring JPA class transformer
2026-04-01 20:09:53 [restartedMain] INFO  com.zaxxer.hikari.HikariDataSource - HikariPool-1 - Starting...
2026-04-01 20:09:54 [restartedMain] INFO  com.zaxxer.hikari.pool.HikariPool - HikariPool-1 - Added connection org.postgresql.jdbc.PgConnection@49ddad3a
2026-04-01 20:09:54 [restartedMain] INFO  com.zaxxer.hikari.HikariDataSource - HikariPool-1 - Start completed.
2026-04-01 20:09:54 [restartedMain] WARN  org.hibernate.orm.deprecation - HHH90000025: PostgreSQLDialect does not need to be specified explicitly using 'hibernate.dialect' (remove the property setting and it will be selected by default)
2026-04-01 20:09:55 [restartedMain] INFO  org.hibernate.engine.transaction.jta.platform.internal.JtaPlatformInitiator - HHH000489: No JTA platform available (set 'hibernate.transaction.jta.platform' to enable JTA platform integration)
2026-04-01 20:09:55 [restartedMain] INFO  org.springframework.orm.jpa.LocalContainerEntityManagerFactoryBean - Initialized JPA EntityManagerFactory for persistence unit 'default'
2026-04-01 20:09:57 [restartedMain] INFO  org.springframework.boot.devtools.autoconfigure.OptionalLiveReloadServer - LiveReload server is running on port 35729
2026-04-01 20:09:58 [restartedMain] WARN  org.springframework.boot.autoconfigure.orm.jpa.JpaBaseConfiguration$JpaWebConfiguration - spring.jpa.open-in-view is enabled by default. Therefore, database queries may be performed during view rendering. Explicitly configure spring.jpa.open-in-view to disable this warning
2026-04-01 20:09:58 [restartedMain] WARN  org.springframework.boot.autoconfigure.security.servlet.UserDetailsServiceAutoConfiguration - 

Using generated security password: c0d6bea4-bdc8-49f5-99c7-496e63aadd40

This generated password is for development use only. Your security configuration must be updated before running your application in production.

2026-04-01 20:09:58 [restartedMain] INFO  org.springframework.security.config.annotation.authentication.configuration.InitializeUserDetailsBeanManagerConfigurer$InitializeUserDetailsManagerConfigurer - Global AuthenticationManager configured with UserDetailsService bean with name inMemoryUserDetailsManager
2026-04-01 20:09:59 [restartedMain] INFO  org.apache.kafka.clients.admin.AdminClientConfig - AdminClientConfig values: 
	auto.include.jmx.reporter = true
	bootstrap.controllers = []
	bootstrap.servers = [localhost:9092]
	client.dns.lookup = use_all_dns_ips
	client.id = gyan-admin-0
	connections.max.idle.ms = 300000
	default.api.timeout.ms = 60000
	enable.metrics.push = true
	metadata.max.age.ms = 300000
	metric.reporters = []
	metrics.num.samples = 2
	metrics.recording.level = INFO
	metrics.sample.window.ms = 30000
	receive.buffer.bytes = 65536
	reconnect.backoff.max.ms = 1000
	reconnect.backoff.ms = 50
	request.timeout.ms = 30000
	retries = 2147483647
	retry.backoff.max.ms = 1000
	retry.backoff.ms = 100
	sasl.client.callback.handler.class = null
	sasl.jaas.config = null
	sasl.kerberos.kinit.cmd = /usr/bin/kinit
	sasl.kerberos.min.time.before.relogin = 60000
	sasl.kerberos.service.name = null
	sasl.kerberos.ticket.renew.jitter = 0.05
	sasl.kerberos.ticket.renew.window.factor = 0.8
	sasl.login.callback.handler.class = null
	sasl.login.class = null
	sasl.login.connect.timeout.ms = null
	sasl.login.read.timeout.ms = null
	sasl.login.refresh.buffer.seconds = 300
	sasl.login.refresh.min.period.seconds = 60
	sasl.login.refresh.window.factor = 0.8
	sasl.login.refresh.window.jitter = 0.05
	sasl.login.retry.backoff.max.ms = 10000
	sasl.login.retry.backoff.ms = 100
	sasl.mechanism = GSSAPI
	sasl.oauthbearer.clock.skew.seconds = 30
	sasl.oauthbearer.expected.audience = null
	sasl.oauthbearer.expected.issuer = null
	sasl.oauthbearer.jwks.endpoint.refresh.ms = 3600000
	sasl.oauthbearer.jwks.endpoint.retry.backoff.max.ms = 10000
	sasl.oauthbearer.jwks.endpoint.retry.backoff.ms = 100
	sasl.oauthbearer.jwks.endpoint.url = null
	sasl.oauthbearer.scope.claim.name = scope
	sasl.oauthbearer.sub.claim.name = sub
	sasl.oauthbearer.token.endpoint.url = null
	security.protocol = PLAINTEXT
	security.providers = null
	send.buffer.bytes = 131072
	socket.connection.setup.timeout.max.ms = 30000
	socket.connection.setup.timeout.ms = 10000
	ssl.cipher.suites = null
	ssl.enabled.protocols = [TLSv1.2, TLSv1.3]
	ssl.endpoint.identification.algorithm = https
	ssl.engine.factory.class = null
	ssl.key.password = null
	ssl.keymanager.algorithm = SunX509
	ssl.keystore.certificate.chain = null
	ssl.keystore.key = null
	ssl.keystore.location = null
	ssl.keystore.password = null
	ssl.keystore.type = JKS
	ssl.protocol = TLSv1.3
	ssl.provider = null
	ssl.secure.random.implementation = null
	ssl.trustmanager.algorithm = PKIX
	ssl.truststore.certificates = null
	ssl.truststore.location = null
	ssl.truststore.password = null
	ssl.truststore.type = JKS

2026-04-01 20:10:00 [restartedMain] INFO  org.apache.kafka.common.utils.AppInfoParser - Kafka version: 3.7.1
2026-04-01 20:10:00 [restartedMain] INFO  org.apache.kafka.common.utils.AppInfoParser - Kafka commitId: e2494e6ffb89f828
2026-04-01 20:10:00 [restartedMain] INFO  org.apache.kafka.common.utils.AppInfoParser - Kafka startTimeMs: 1775054400139
2026-04-01 20:10:00 [kafka-admin-client-thread | gyan-admin-0] INFO  org.apache.kafka.common.utils.AppInfoParser - App info kafka.admin.client for gyan-admin-0 unregistered
2026-04-01 20:10:00 [kafka-admin-client-thread | gyan-admin-0] INFO  org.apache.kafka.common.metrics.Metrics - Metrics scheduler closed
2026-04-01 20:10:00 [kafka-admin-client-thread | gyan-admin-0] INFO  org.apache.kafka.common.metrics.Metrics - Closing reporter org.apache.kafka.common.metrics.JmxReporter
2026-04-01 20:10:00 [kafka-admin-client-thread | gyan-admin-0] INFO  org.apache.kafka.common.metrics.Metrics - Metrics reporters closed
2026-04-01 20:10:00 [restartedMain] INFO  org.apache.coyote.http11.Http11NioProtocol - Starting ProtocolHandler ["http-nio-8080"]
2026-04-01 20:10:00 [restartedMain] INFO  org.springframework.boot.web.embedded.tomcat.TomcatWebServer - Tomcat started on port 8080 (http) with context path '/'
2026-04-01 20:10:00 [restartedMain] INFO  org.apache.kafka.clients.consumer.ConsumerConfig - ConsumerConfig values: 
	allow.auto.create.topics = true
	auto.commit.interval.ms = 5000
	auto.include.jmx.reporter = true
	auto.offset.reset = earliest
	bootstrap.servers = [localhost:9092]
	check.crcs = true
	client.dns.lookup = use_all_dns_ips
	client.id = consumer-document-workers-1
	client.rack = 
	connections.max.idle.ms = 540000
	default.api.timeout.ms = 60000
	enable.auto.commit = false
	enable.metrics.push = true
	exclude.internal.topics = true
	fetch.max.bytes = 52428800
	fetch.max.wait.ms = 500
	fetch.min.bytes = 1
	group.id = document-workers
	group.instance.id = null
	group.protocol = classic
	group.remote.assignor = null
	heartbeat.interval.ms = 3000
	interceptor.classes = []
	internal.leave.group.on.close = true
	internal.throw.on.fetch.stable.offset.unsupported = false
	isolation.level = read_uncommitted
	key.deserializer = class org.apache.kafka.common.serialization.StringDeserializer
	max.partition.fetch.bytes = 1048576
	max.poll.interval.ms = 300000
	max.poll.records = 500
	metadata.max.age.ms = 300000
	metric.reporters = []
	metrics.num.samples = 2
	metrics.recording.level = INFO
	metrics.sample.window.ms = 30000
	partition.assignment.strategy = [class org.apache.kafka.clients.consumer.RangeAssignor, class org.apache.kafka.clients.consumer.CooperativeStickyAssignor]
	receive.buffer.bytes = 65536
	reconnect.backoff.max.ms = 1000
	reconnect.backoff.ms = 50
	request.timeout.ms = 30000
	retry.backoff.max.ms = 1000
	retry.backoff.ms = 100
	sasl.client.callback.handler.class = null
	sasl.jaas.config = null
	sasl.kerberos.kinit.cmd = /usr/bin/kinit
	sasl.kerberos.min.time.before.relogin = 60000
	sasl.kerberos.service.name = null
	sasl.kerberos.ticket.renew.jitter = 0.05
	sasl.kerberos.ticket.renew.window.factor = 0.8
	sasl.login.callback.handler.class = null
	sasl.login.class = null
	sasl.login.connect.timeout.ms = null
	sasl.login.read.timeout.ms = null
	sasl.login.refresh.buffer.seconds = 300
	sasl.login.refresh.min.period.seconds = 60
	sasl.login.refresh.window.factor = 0.8
	sasl.login.refresh.window.jitter = 0.05
	sasl.login.retry.backoff.max.ms = 10000
	sasl.login.retry.backoff.ms = 100
	sasl.mechanism = GSSAPI
	sasl.oauthbearer.clock.skew.seconds = 30
	sasl.oauthbearer.expected.audience = null
	sasl.oauthbearer.expected.issuer = null
	sasl.oauthbearer.jwks.endpoint.refresh.ms = 3600000
	sasl.oauthbearer.jwks.endpoint.retry.backoff.max.ms = 10000
	sasl.oauthbearer.jwks.endpoint.retry.backoff.ms = 100
	sasl.oauthbearer.jwks.endpoint.url = null
	sasl.oauthbearer.scope.claim.name = scope
	sasl.oauthbearer.sub.claim.name = sub
	sasl.oauthbearer.token.endpoint.url = null
	security.protocol = PLAINTEXT
	security.providers = null
	send.buffer.bytes = 131072
	session.timeout.ms = 45000
	socket.connection.setup.timeout.max.ms = 30000
	socket.connection.setup.timeout.ms = 10000
	ssl.cipher.suites = null
	ssl.enabled.protocols = [TLSv1.2, TLSv1.3]
	ssl.endpoint.identification.algorithm = https
	ssl.engine.factory.class = null
	ssl.key.password = null
	ssl.keymanager.algorithm = SunX509
	ssl.keystore.certificate.chain = null
	ssl.keystore.key = null
	ssl.keystore.location = null
	ssl.keystore.password = null
	ssl.keystore.type = JKS
	ssl.protocol = TLSv1.3
	ssl.provider = null
	ssl.secure.random.implementation = null
	ssl.trustmanager.algorithm = PKIX
	ssl.truststore.certificates = null
	ssl.truststore.location = null
	ssl.truststore.password = null
	ssl.truststore.type = JKS
	value.deserializer = class org.springframework.kafka.support.serializer.JsonDeserializer

2026-04-01 20:10:00 [restartedMain] INFO  org.apache.kafka.common.telemetry.internals.KafkaMetricsCollector - initializing Kafka metrics collector
2026-04-01 20:10:00 [restartedMain] INFO  org.apache.kafka.common.utils.AppInfoParser - Kafka version: 3.7.1
2026-04-01 20:10:00 [restartedMain] INFO  org.apache.kafka.common.utils.AppInfoParser - Kafka commitId: e2494e6ffb89f828
2026-04-01 20:10:00 [restartedMain] INFO  org.apache.kafka.common.utils.AppInfoParser - Kafka startTimeMs: 1775054400956
2026-04-01 20:10:00 [restartedMain] INFO  org.apache.kafka.clients.consumer.internals.LegacyKafkaConsumer - [Consumer clientId=consumer-document-workers-1, groupId=document-workers] Subscribed to topic(s): document-uploaded
2026-04-01 20:10:00 [restartedMain] INFO  com.gyan.GyanApplication - Started GyanApplication in 14.571 seconds (process running for 15.308)
2026-04-01 20:10:01 [org.springframework.kafka.KafkaListenerEndpointContainer#0-0-C-1] INFO  org.apache.kafka.clients.Metadata - [Consumer clientId=consumer-document-workers-1, groupId=document-workers] Cluster ID: phIC6OCuTGem87Ywbqq44Q
2026-04-01 20:10:01 [org.springframework.kafka.KafkaListenerEndpointContainer#0-0-C-1] INFO  org.apache.kafka.clients.consumer.internals.ConsumerCoordinator - [Consumer clientId=consumer-document-workers-1, groupId=document-workers] Discovered group coordinator localhost:9092 (id: 2147483646 rack: null)
2026-04-01 20:10:01 [org.springframework.kafka.KafkaListenerEndpointContainer#0-0-C-1] INFO  org.apache.kafka.clients.consumer.internals.ConsumerCoordinator - [Consumer clientId=consumer-document-workers-1, groupId=document-workers] (Re-)joining group
2026-04-01 20:10:01 [org.springframework.kafka.KafkaListenerEndpointContainer#0-0-C-1] INFO  org.apache.kafka.clients.consumer.internals.ConsumerCoordinator - [Consumer clientId=consumer-document-workers-1, groupId=document-workers] Request joining group due to: need to re-join with the given member-id: consumer-document-workers-1-77f13b2b-b767-4c97-a396-4c02333b6909
2026-04-01 20:10:01 [org.springframework.kafka.KafkaListenerEndpointContainer#0-0-C-1] INFO  org.apache.kafka.clients.consumer.internals.ConsumerCoordinator - [Consumer clientId=consumer-document-workers-1, groupId=document-workers] (Re-)joining group
2026-04-01 20:10:04 [org.springframework.kafka.KafkaListenerEndpointContainer#0-0-C-1] INFO  org.apache.kafka.clients.consumer.internals.ConsumerCoordinator - [Consumer clientId=consumer-document-workers-1, groupId=document-workers] Successfully joined group with generation Generation{generationId=26, memberId='consumer-document-workers-1-77f13b2b-b767-4c97-a396-4c02333b6909', protocol='range'}
2026-04-01 20:10:04 [org.springframework.kafka.KafkaListenerEndpointContainer#0-0-C-1] INFO  org.apache.kafka.clients.consumer.internals.ConsumerCoordinator - [Consumer clientId=consumer-document-workers-1, groupId=document-workers] Finished assignment for group at generation 26: {consumer-document-workers-1-77f13b2b-b767-4c97-a396-4c02333b6909=Assignment(partitions=[document-uploaded-0, document-uploaded-1, document-uploaded-2])}
2026-04-01 20:10:04 [org.springframework.kafka.KafkaListenerEndpointContainer#0-0-C-1] INFO  org.apache.kafka.clients.consumer.internals.ConsumerCoordinator - [Consumer clientId=consumer-document-workers-1, groupId=document-workers] Successfully synced group in generation Generation{generationId=26, memberId='consumer-document-workers-1-77f13b2b-b767-4c97-a396-4c02333b6909', protocol='range'}
2026-04-01 20:10:04 [org.springframework.kafka.KafkaListenerEndpointContainer#0-0-C-1] INFO  org.apache.kafka.clients.consumer.internals.ConsumerCoordinator - [Consumer clientId=consumer-document-workers-1, groupId=document-workers] Notifying assignor about the new Assignment(partitions=[document-uploaded-0, document-uploaded-1, document-uploaded-2])
2026-04-01 20:10:04 [org.springframework.kafka.KafkaListenerEndpointContainer#0-0-C-1] INFO  org.apache.kafka.clients.consumer.internals.ConsumerRebalanceListenerInvoker - [Consumer clientId=consumer-document-workers-1, groupId=document-workers] Adding newly assigned partitions: document-uploaded-0, document-uploaded-1, document-uploaded-2
2026-04-01 20:10:04 [org.springframework.kafka.KafkaListenerEndpointContainer#0-0-C-1] INFO  org.apache.kafka.clients.consumer.internals.ConsumerCoordinator - [Consumer clientId=consumer-document-workers-1, groupId=document-workers] Found no committed offset for partition document-uploaded-1
2026-04-01 20:10:04 [org.springframework.kafka.KafkaListenerEndpointContainer#0-0-C-1] INFO  org.apache.kafka.clients.consumer.internals.ConsumerUtils - Setting offset for partition document-uploaded-2 to the committed offset FetchPosition{offset=1, offsetEpoch=Optional.empty, currentLeader=LeaderAndEpoch{leader=Optional[localhost:9092 (id: 1 rack: null)], epoch=0}}
2026-04-01 20:10:04 [org.springframework.kafka.KafkaListenerEndpointContainer#0-0-C-1] INFO  org.apache.kafka.clients.consumer.internals.ConsumerUtils - Setting offset for partition document-uploaded-0 to the committed offset FetchPosition{offset=3, offsetEpoch=Optional.empty, currentLeader=LeaderAndEpoch{leader=Optional[localhost:9092 (id: 1 rack: null)], epoch=0}}
2026-04-01 20:10:04 [org.springframework.kafka.KafkaListenerEndpointContainer#0-0-C-1] INFO  org.apache.kafka.clients.consumer.internals.SubscriptionState - [Consumer clientId=consumer-document-workers-1, groupId=document-workers] Resetting offset for partition document-uploaded-1 to position FetchPosition{offset=0, offsetEpoch=Optional.empty, currentLeader=LeaderAndEpoch{leader=Optional[localhost:9092 (id: 1 rack: null)], epoch=0}}.
2026-04-01 20:10:04 [org.springframework.kafka.KafkaListenerEndpointContainer#0-0-C-1] INFO  org.springframework.kafka.listener.KafkaMessageListenerContainer - document-workers: partitions assigned: [document-uploaded-0, document-uploaded-1, document-uploaded-2]
2026-04-01 20:10:22 [http-nio-8080-exec-1] INFO  org.apache.catalina.core.ContainerBase.[Tomcat].[localhost].[/] - Initializing Spring DispatcherServlet 'dispatcherServlet'
2026-04-01 20:10:22 [http-nio-8080-exec-1] INFO  org.springframework.web.servlet.DispatcherServlet - Initializing Servlet 'dispatcherServlet'
2026-04-01 20:10:22 [http-nio-8080-exec-1] INFO  org.springframework.web.servlet.DispatcherServlet - Completed initialization in 6 ms
2026-04-01 20:10:22 [http-nio-8080-exec-1] INFO  com.gyan.util.RequestLoggingFilter - Request 5f99ce6e-3776-4a64-9268-49cf8e9313fd started: POST /auth/login
2026-04-01 20:10:22 [http-nio-8080-exec-1] INFO  com.gyan.util.RequestLoggingFilter - Request 5f99ce6e-3776-4a64-9268-49cf8e9313fd completed with status 200
2026-04-01 20:10:23 [http-nio-8080-exec-8] INFO  com.gyan.util.RequestLoggingFilter - Request 8a747840-ad00-4efa-8050-1990d834b5bf started: GET /chats
2026-04-01 20:10:23 [http-nio-8080-exec-8] INFO  com.gyan.util.RequestLoggingFilter - Request 8a747840-ad00-4efa-8050-1990d834b5bf completed with status 200
2026-04-01 20:10:23 [http-nio-8080-exec-9] INFO  com.gyan.util.RequestLoggingFilter - Request 58bb56ba-d1b1-4c92-8e44-78eeddc1e0fa started: GET /chats
2026-04-01 20:10:23 [http-nio-8080-exec-9] INFO  com.gyan.util.RequestLoggingFilter - Request 58bb56ba-d1b1-4c92-8e44-78eeddc1e0fa completed with status 200
2026-04-01 20:10:30 [http-nio-8080-exec-10] INFO  com.gyan.util.RequestLoggingFilter - Request f72d8226-0aa2-4038-9161-793c814b736c started: DELETE /chats/2
2026-04-01 20:10:31 [http-nio-8080-exec-10] INFO  com.gyan.util.RequestLoggingFilter - Request f72d8226-0aa2-4038-9161-793c814b736c completed with status 204
2026-04-01 20:10:34 [http-nio-8080-exec-3] INFO  com.gyan.util.RequestLoggingFilter - Request f14ddc45-6b32-466f-af86-bb8a85a84f9f started: GET /chats
2026-04-01 20:10:34 [http-nio-8080-exec-3] INFO  com.gyan.util.RequestLoggingFilter - Request f14ddc45-6b32-466f-af86-bb8a85a84f9f completed with status 200
2026-04-01 20:10:35 [http-nio-8080-exec-6] INFO  com.gyan.util.RequestLoggingFilter - Request 2a6767a6-e03b-4363-bb4c-f79228118fab started: GET /chats/1
2026-04-01 20:10:35 [http-nio-8080-exec-7] INFO  com.gyan.util.RequestLoggingFilter - Request 358c462d-62a6-4c6f-a549-6300e903f9ca started: GET /documents/chats/1
2026-04-01 20:10:35 [http-nio-8080-exec-6] INFO  com.gyan.util.RequestLoggingFilter - Request 2a6767a6-e03b-4363-bb4c-f79228118fab completed with status 200
2026-04-01 20:10:35 [http-nio-8080-exec-2] INFO  com.gyan.util.RequestLoggingFilter - Request e29de0b6-26ef-4f9f-9dfb-f40ea0d738dc started: GET /chats/1
2026-04-01 20:10:35 [http-nio-8080-exec-7] WARN  org.springframework.data.web.config.SpringDataJacksonConfiguration$PageModule$WarningLoggingModifier - Serializing PageImpl instances as-is is not supported, meaning that there is no guarantee about the stability of the resulting JSON structure!
	For a stable JSON structure, please use Spring Data's PagedModel (globally via @EnableSpringDataWebSupport(pageSerializationMode = VIA_DTO))
	or Spring HATEOAS and Spring Data's PagedResourcesAssembler as documented in https://docs.spring.io/spring-data/commons/reference/repositories/core-extensions.html#core.web.pageables.

2026-04-01 20:10:35 [http-nio-8080-exec-2] INFO  com.gyan.util.RequestLoggingFilter - Request e29de0b6-26ef-4f9f-9dfb-f40ea0d738dc completed with status 200
2026-04-01 20:10:35 [http-nio-8080-exec-7] INFO  com.gyan.util.RequestLoggingFilter - Request 358c462d-62a6-4c6f-a549-6300e903f9ca completed with status 200
2026-04-01 20:10:35 [http-nio-8080-exec-5] INFO  com.gyan.util.RequestLoggingFilter - Request 762954f9-e6a5-45ad-a3c6-3e98fb30e105 started: GET /documents/chats/1
2026-04-01 20:10:35 [http-nio-8080-exec-5] INFO  com.gyan.util.RequestLoggingFilter - Request 762954f9-e6a5-45ad-a3c6-3e98fb30e105 completed with status 200
2026-04-01 20:10:40 [http-nio-8080-exec-4] INFO  com.gyan.util.RequestLoggingFilter - Request ef230d5a-19c0-4747-bb96-3f0326652470 started: DELETE /documents/chats/1/72
2026-04-01 20:10:40 [http-nio-8080-exec-4] WARN  org.springframework.web.servlet.mvc.method.annotation.ExceptionHandlerExceptionResolver - Resolved [org.springframework.dao.InvalidDataAccessApiUsageException: No EntityManager with actual transaction available for current thread - cannot reliably process 'remove' call]
2026-04-01 20:10:40 [http-nio-8080-exec-4] INFO  com.gyan.util.RequestLoggingFilter - Request ef230d5a-19c0-4747-bb96-3f0326652470 completed with status 500
2026-04-01 20:10:43 [http-nio-8080-exec-1] INFO  com.gyan.util.RequestLoggingFilter - Request 7e42a21a-af25-4aec-96ed-121f301f4759 started: DELETE /documents/chats/1/72
2026-04-01 20:10:43 [http-nio-8080-exec-1] WARN  org.springframework.web.servlet.mvc.method.annotation.ExceptionHandlerExceptionResolver - Resolved [org.springframework.dao.InvalidDataAccessApiUsageException: No EntityManager with actual transaction available for current thread - cannot reliably process 'remove' call]
2026-04-01 20:10:43 [http-nio-8080-exec-1] INFO  com.gyan.util.RequestLoggingFilter - Request 7e42a21a-af25-4aec-96ed-121f301f4759 completed with status 500
2026-04-01 20:10:44 [http-nio-8080-exec-8] INFO  com.gyan.util.RequestLoggingFilter - Request 737d0fda-84bb-43b9-96bd-fc5c27c203eb started: GET /documents/chats/1
2026-04-01 20:10:44 [http-nio-8080-exec-8] INFO  com.gyan.util.RequestLoggingFilter - Request 737d0fda-84bb-43b9-96bd-fc5c27c203eb completed with status 200
2026-04-01 20:10:45 [http-nio-8080-exec-9] INFO  com.gyan.util.RequestLoggingFilter - Request b34bc496-c5ca-440c-b0ac-6b57b1190f3e started: GET /documents/chats/1
2026-04-01 20:10:45 [http-nio-8080-exec-9] INFO  com.gyan.util.RequestLoggingFilter - Request b34bc496-c5ca-440c-b0ac-6b57b1190f3e completed with status 200
2026-04-01 20:10:45 [http-nio-8080-exec-10] INFO  com.gyan.util.RequestLoggingFilter - Request c2b066fb-38b8-47c1-a05e-b63ba373a7f2 started: GET /documents/chats/1
2026-04-01 20:10:45 [http-nio-8080-exec-10] INFO  com.gyan.util.RequestLoggingFilter - Request c2b066fb-38b8-47c1-a05e-b63ba373a7f2 completed with status 200
2026-04-01 20:10:45 [http-nio-8080-exec-3] INFO  com.gyan.util.RequestLoggingFilter - Request 170d4854-d437-4eec-a003-e0224882a6f4 started: GET /documents/chats/1
2026-04-01 20:10:45 [http-nio-8080-exec-3] INFO  com.gyan.util.RequestLoggingFilter - Request 170d4854-d437-4eec-a003-e0224882a6f4 completed with status 200
2026-04-01 20:11:37 [File Watcher] INFO  org.springframework.boot.devtools.autoconfigure.LocalDevToolsAutoConfiguration$RestartingClassPathChangeChangedEventListener - Restarting due to 2 class path changes (0 additions, 0 deletions, 2 modifications)
2026-04-01 20:11:37 [org.springframework.kafka.KafkaListenerEndpointContainer#0-0-C-1] INFO  org.apache.kafka.clients.consumer.internals.ConsumerRebalanceListenerInvoker - [Consumer clientId=consumer-document-workers-1, groupId=document-workers] Revoke previously assigned partitions document-uploaded-0, document-uploaded-1, document-uploaded-2
2026-04-01 20:11:37 [org.springframework.kafka.KafkaListenerEndpointContainer#0-0-C-1] INFO  org.springframework.kafka.listener.KafkaMessageListenerContainer - document-workers: partitions revoked: [document-uploaded-0, document-uploaded-1, document-uploaded-2]
2026-04-01 20:11:37 [org.springframework.kafka.KafkaListenerEndpointContainer#0-0-C-1] INFO  org.apache.kafka.clients.consumer.internals.ConsumerCoordinator - [Consumer clientId=consumer-document-workers-1, groupId=document-workers] Member consumer-document-workers-1-77f13b2b-b767-4c97-a396-4c02333b6909 sending LeaveGroup request to coordinator localhost:9092 (id: 2147483646 rack: null) due to the consumer unsubscribed from all topics
2026-04-01 20:11:37 [org.springframework.kafka.KafkaListenerEndpointContainer#0-0-C-1] INFO  org.apache.kafka.clients.consumer.internals.ConsumerCoordinator - [Consumer clientId=consumer-document-workers-1, groupId=document-workers] Resetting generation and member id due to: consumer pro-actively leaving the group
2026-04-01 20:11:37 [org.springframework.kafka.KafkaListenerEndpointContainer#0-0-C-1] INFO  org.apache.kafka.clients.consumer.internals.ConsumerCoordinator - [Consumer clientId=consumer-document-workers-1, groupId=document-workers] Request joining group due to: consumer pro-actively leaving the group
2026-04-01 20:11:37 [org.springframework.kafka.KafkaListenerEndpointContainer#0-0-C-1] INFO  org.apache.kafka.clients.consumer.internals.LegacyKafkaConsumer - [Consumer clientId=consumer-document-workers-1, groupId=document-workers] Unsubscribed all topics or patterns and assigned partitions
2026-04-01 20:11:37 [org.springframework.kafka.KafkaListenerEndpointContainer#0-0-C-1] INFO  org.apache.kafka.clients.consumer.internals.ConsumerCoordinator - [Consumer clientId=consumer-document-workers-1, groupId=document-workers] Resetting generation and member id due to: consumer pro-actively leaving the group
2026-04-01 20:11:37 [org.springframework.kafka.KafkaListenerEndpointContainer#0-0-C-1] INFO  org.apache.kafka.clients.consumer.internals.ConsumerCoordinator - [Consumer clientId=consumer-document-workers-1, groupId=document-workers] Request joining group due to: consumer pro-actively leaving the group
2026-04-01 20:11:37 [org.springframework.kafka.KafkaListenerEndpointContainer#0-0-C-1] INFO  org.apache.kafka.common.metrics.Metrics - Metrics scheduler closed
2026-04-01 20:11:37 [org.springframework.kafka.KafkaListenerEndpointContainer#0-0-C-1] INFO  org.apache.kafka.common.metrics.Metrics - Closing reporter org.apache.kafka.common.metrics.JmxReporter
2026-04-01 20:11:37 [org.springframework.kafka.KafkaListenerEndpointContainer#0-0-C-1] INFO  org.apache.kafka.common.metrics.Metrics - Closing reporter org.apache.kafka.common.telemetry.internals.ClientTelemetryReporter
2026-04-01 20:11:37 [org.springframework.kafka.KafkaListenerEndpointContainer#0-0-C-1] INFO  org.apache.kafka.common.metrics.Metrics - Metrics reporters closed
2026-04-01 20:11:37 [org.springframework.kafka.KafkaListenerEndpointContainer#0-0-C-1] INFO  org.apache.kafka.common.utils.AppInfoParser - App info kafka.consumer for consumer-document-workers-1 unregistered
2026-04-01 20:11:37 [org.springframework.kafka.KafkaListenerEndpointContainer#0-0-C-1] INFO  org.springframework.kafka.listener.KafkaMessageListenerContainer - document-workers: Consumer stopped
2026-04-01 20:11:37 [Thread-5] INFO  org.apache.coyote.http11.Http11NioProtocol - Stopping ProtocolHandler ["http-nio-8080"]
2026-04-01 20:11:38 [Thread-5] INFO  org.springframework.orm.jpa.LocalContainerEntityManagerFactoryBean - Closing JPA EntityManagerFactory for persistence unit 'default'
2026-04-01 20:11:38 [Thread-5] INFO  com.zaxxer.hikari.HikariDataSource - HikariPool-1 - Shutdown initiated...
2026-04-01 20:11:38 [Thread-5] INFO  com.zaxxer.hikari.HikariDataSource - HikariPool-1 - Shutdown completed.
2026-04-01 20:11:38 [restartedMain] INFO  com.gyan.GyanApplication - Starting GyanApplication using Java 21.0.8 with PID 36592 (C:\Users\manjk\OneDrive\Desktop\Discipline\gyan\backend\target\classes started by manjk in C:\Users\manjk\OneDrive\Desktop\Discipline\gyan\backend)
2026-04-01 20:11:38 [restartedMain] INFO  com.gyan.GyanApplication - No active profile set, falling back to 1 default profile: "default"
2026-04-01 20:11:38 [restartedMain] INFO  org.springframework.data.repository.config.RepositoryConfigurationDelegate - Multiple Spring Data modules found, entering strict repository configuration mode
2026-04-01 20:11:38 [restartedMain] INFO  org.springframework.data.repository.config.RepositoryConfigurationDelegate - Bootstrapping Spring Data Elasticsearch repositories in DEFAULT mode.
2026-04-01 20:11:38 [restartedMain] INFO  org.springframework.data.repository.config.RepositoryConfigurationExtensionSupport - Spring Data Elasticsearch - Could not safely identify store assignment for repository candidate interface com.gyan.repository.ChatRepository; If you want this repository to be a Elasticsearch repository, consider annotating your entities with one of these annotations: org.springframework.data.elasticsearch.annotations.Document (preferred), or consider extending one of the following types with your repository: org.springframework.data.elasticsearch.repository.ElasticsearchRepository
2026-04-01 20:11:38 [restartedMain] INFO  org.springframework.data.repository.config.RepositoryConfigurationExtensionSupport - Spring Data Elasticsearch - Could not safely identify store assignment for repository candidate interface com.gyan.repository.DocumentChunkRepository; If you want this repository to be a Elasticsearch repository, consider annotating your entities with one of these annotations: org.springframework.data.elasticsearch.annotations.Document (preferred), or consider extending one of the following types with your repository: org.springframework.data.elasticsearch.repository.ElasticsearchRepository
2026-04-01 20:11:38 [restartedMain] INFO  org.springframework.data.repository.config.RepositoryConfigurationExtensionSupport - Spring Data Elasticsearch - Could not safely identify store assignment for repository candidate interface com.gyan.repository.DocumentRepository; If you want this repository to be a Elasticsearch repository, consider annotating your entities with one of these annotations: org.springframework.data.elasticsearch.annotations.Document (preferred), or consider extending one of the following types with your repository: org.springframework.data.elasticsearch.repository.ElasticsearchRepository
2026-04-01 20:11:38 [restartedMain] INFO  org.springframework.data.repository.config.RepositoryConfigurationExtensionSupport - Spring Data Elasticsearch - Could not safely identify store assignment for repository candidate interface com.gyan.repository.UserRepository; If you want this repository to be a Elasticsearch repository, consider annotating your entities with one of these annotations: org.springframework.data.elasticsearch.annotations.Document (preferred), or consider extending one of the following types with your repository: org.springframework.data.elasticsearch.repository.ElasticsearchRepository
2026-04-01 20:11:38 [restartedMain] INFO  org.springframework.data.repository.config.RepositoryConfigurationDelegate - Finished Spring Data repository scanning in 68 ms. Found 1 Elasticsearch repository interface.
2026-04-01 20:11:38 [restartedMain] INFO  org.springframework.data.repository.config.RepositoryConfigurationDelegate - Multiple Spring Data modules found, entering strict repository configuration mode
2026-04-01 20:11:38 [restartedMain] INFO  org.springframework.data.repository.config.RepositoryConfigurationDelegate - Bootstrapping Spring Data JPA repositories in DEFAULT mode.
2026-04-01 20:11:38 [restartedMain] INFO  org.springframework.data.repository.config.RepositoryConfigurationExtensionSupport - Spring Data JPA - Could not safely identify store assignment for repository candidate interface com.gyan.repository.DocumentSearchRepository; If you want this repository to be a JPA repository, consider annotating your entities with one of these annotations: jakarta.persistence.Entity, jakarta.persistence.MappedSuperclass (preferred), or consider extending one of the following types with your repository: org.springframework.data.jpa.repository.JpaRepository
2026-04-01 20:11:38 [restartedMain] INFO  org.springframework.data.repository.config.RepositoryConfigurationDelegate - Finished Spring Data repository scanning in 38 ms. Found 4 JPA repository interfaces.
2026-04-01 20:11:39 [restartedMain] INFO  org.springframework.boot.web.embedded.tomcat.TomcatWebServer - Tomcat initialized with port 8080 (http)
2026-04-01 20:11:39 [restartedMain] INFO  org.apache.coyote.http11.Http11NioProtocol - Initializing ProtocolHandler ["http-nio-8080"]
2026-04-01 20:11:39 [restartedMain] INFO  org.apache.catalina.core.StandardService - Starting service [Tomcat]
2026-04-01 20:11:39 [restartedMain] INFO  org.apache.catalina.core.StandardEngine - Starting Servlet engine: [Apache Tomcat/10.1.31]
2026-04-01 20:11:39 [restartedMain] INFO  org.apache.catalina.core.ContainerBase.[Tomcat].[localhost].[/] - Initializing Spring embedded WebApplicationContext
2026-04-01 20:11:39 [restartedMain] INFO  org.springframework.boot.web.servlet.context.ServletWebServerApplicationContext - Root WebApplicationContext: initialization completed in 1013 ms
2026-04-01 20:11:39 [restartedMain] INFO  org.hibernate.jpa.internal.util.LogHelper - HHH000204: Processing PersistenceUnitInfo [name: default]
2026-04-01 20:11:39 [restartedMain] INFO  org.hibernate.cache.internal.RegionFactoryInitiator - HHH000026: Second-level cache disabled
2026-04-01 20:11:39 [restartedMain] INFO  org.springframework.orm.jpa.persistenceunit.SpringPersistenceUnitInfo - No LoadTimeWeaver setup: ignoring JPA class transformer
2026-04-01 20:11:39 [restartedMain] INFO  com.zaxxer.hikari.HikariDataSource - HikariPool-2 - Starting...
2026-04-01 20:11:39 [restartedMain] INFO  com.zaxxer.hikari.pool.HikariPool - HikariPool-2 - Added connection org.postgresql.jdbc.PgConnection@6244f5cc
2026-04-01 20:11:39 [restartedMain] INFO  com.zaxxer.hikari.HikariDataSource - HikariPool-2 - Start completed.
2026-04-01 20:11:39 [restartedMain] WARN  org.hibernate.orm.deprecation - HHH90000025: PostgreSQLDialect does not need to be specified explicitly using 'hibernate.dialect' (remove the property setting and it will be selected by default)
2026-04-01 20:11:39 [restartedMain] INFO  org.hibernate.engine.transaction.jta.platform.internal.JtaPlatformInitiator - HHH000489: No JTA platform available (set 'hibernate.transaction.jta.platform' to enable JTA platform integration)
2026-04-01 20:11:39 [restartedMain] INFO  org.springframework.orm.jpa.LocalContainerEntityManagerFactoryBean - Initialized JPA EntityManagerFactory for persistence unit 'default'
2026-04-01 20:11:39 [restartedMain] INFO  org.springframework.boot.devtools.autoconfigure.OptionalLiveReloadServer - LiveReload server is running on port 35729
2026-04-01 20:11:40 [restartedMain] WARN  org.springframework.boot.autoconfigure.orm.jpa.JpaBaseConfiguration$JpaWebConfiguration - spring.jpa.open-in-view is enabled by default. Therefore, database queries may be performed during view rendering. Explicitly configure spring.jpa.open-in-view to disable this warning
2026-04-01 20:11:40 [restartedMain] WARN  org.springframework.boot.autoconfigure.security.servlet.UserDetailsServiceAutoConfiguration - 

Using generated security password: c06f6bf3-a8d5-4e54-a1fa-3813d606db36

This generated password is for development use only. Your security configuration must be updated before running your application in production.

2026-04-01 20:11:40 [restartedMain] INFO  org.springframework.security.config.annotation.authentication.configuration.InitializeUserDetailsBeanManagerConfigurer$InitializeUserDetailsManagerConfigurer - Global AuthenticationManager configured with UserDetailsService bean with name inMemoryUserDetailsManager
2026-04-01 20:11:40 [restartedMain] INFO  org.apache.kafka.clients.admin.AdminClientConfig - AdminClientConfig values: 
	auto.include.jmx.reporter = true
	bootstrap.controllers = []
	bootstrap.servers = [localhost:9092]
	client.dns.lookup = use_all_dns_ips
	client.id = gyan-admin-1
	connections.max.idle.ms = 300000
	default.api.timeout.ms = 60000
	enable.metrics.push = true
	metadata.max.age.ms = 300000
	metric.reporters = []
	metrics.num.samples = 2
	metrics.recording.level = INFO
	metrics.sample.window.ms = 30000
	receive.buffer.bytes = 65536
	reconnect.backoff.max.ms = 1000
	reconnect.backoff.ms = 50
	request.timeout.ms = 30000
	retries = 2147483647
	retry.backoff.max.ms = 1000
	retry.backoff.ms = 100
	sasl.client.callback.handler.class = null
	sasl.jaas.config = null
	sasl.kerberos.kinit.cmd = /usr/bin/kinit
	sasl.kerberos.min.time.before.relogin = 60000
	sasl.kerberos.service.name = null
	sasl.kerberos.ticket.renew.jitter = 0.05
	sasl.kerberos.ticket.renew.window.factor = 0.8
	sasl.login.callback.handler.class = null
	sasl.login.class = null
	sasl.login.connect.timeout.ms = null
	sasl.login.read.timeout.ms = null
	sasl.login.refresh.buffer.seconds = 300
	sasl.login.refresh.min.period.seconds = 60
	sasl.login.refresh.window.factor = 0.8
	sasl.login.refresh.window.jitter = 0.05
	sasl.login.retry.backoff.max.ms = 10000
	sasl.login.retry.backoff.ms = 100
	sasl.mechanism = GSSAPI
	sasl.oauthbearer.clock.skew.seconds = 30
	sasl.oauthbearer.expected.audience = null
	sasl.oauthbearer.expected.issuer = null
	sasl.oauthbearer.jwks.endpoint.refresh.ms = 3600000
	sasl.oauthbearer.jwks.endpoint.retry.backoff.max.ms = 10000
	sasl.oauthbearer.jwks.endpoint.retry.backoff.ms = 100
	sasl.oauthbearer.jwks.endpoint.url = null
	sasl.oauthbearer.scope.claim.name = scope
	sasl.oauthbearer.sub.claim.name = sub
	sasl.oauthbearer.token.endpoint.url = null
	security.protocol = PLAINTEXT
	security.providers = null
	send.buffer.bytes = 131072
	socket.connection.setup.timeout.max.ms = 30000
	socket.connection.setup.timeout.ms = 10000
	ssl.cipher.suites = null
	ssl.enabled.protocols = [TLSv1.2, TLSv1.3]
	ssl.endpoint.identification.algorithm = https
	ssl.engine.factory.class = null
	ssl.key.password = null
	ssl.keymanager.algorithm = SunX509
	ssl.keystore.certificate.chain = null
	ssl.keystore.key = null
	ssl.keystore.location = null
	ssl.keystore.password = null
	ssl.keystore.type = JKS
	ssl.protocol = TLSv1.3
	ssl.provider = null
	ssl.secure.random.implementation = null
	ssl.trustmanager.algorithm = PKIX
	ssl.truststore.certificates = null
	ssl.truststore.location = null
	ssl.truststore.password = null
	ssl.truststore.type = JKS

2026-04-01 20:11:40 [restartedMain] INFO  org.apache.kafka.common.utils.AppInfoParser - Kafka version: 3.7.1
2026-04-01 20:11:40 [restartedMain] INFO  org.apache.kafka.common.utils.AppInfoParser - Kafka commitId: e2494e6ffb89f828
2026-04-01 20:11:40 [restartedMain] INFO  org.apache.kafka.common.utils.AppInfoParser - Kafka startTimeMs: 1775054500496
2026-04-01 20:11:40 [kafka-admin-client-thread | gyan-admin-1] INFO  org.apache.kafka.common.utils.AppInfoParser - App info kafka.admin.client for gyan-admin-1 unregistered
2026-04-01 20:11:40 [kafka-admin-client-thread | gyan-admin-1] INFO  org.apache.kafka.common.metrics.Metrics - Metrics scheduler closed
2026-04-01 20:11:40 [kafka-admin-client-thread | gyan-admin-1] INFO  org.apache.kafka.common.metrics.Metrics - Closing reporter org.apache.kafka.common.metrics.JmxReporter
2026-04-01 20:11:40 [kafka-admin-client-thread | gyan-admin-1] INFO  org.apache.kafka.common.metrics.Metrics - Metrics reporters closed
2026-04-01 20:11:40 [restartedMain] INFO  org.apache.coyote.http11.Http11NioProtocol - Starting ProtocolHandler ["http-nio-8080"]
2026-04-01 20:11:40 [restartedMain] INFO  org.springframework.boot.web.embedded.tomcat.TomcatWebServer - Tomcat started on port 8080 (http) with context path '/'
2026-04-01 20:11:40 [restartedMain] INFO  org.apache.kafka.clients.consumer.ConsumerConfig - ConsumerConfig values: 
	allow.auto.create.topics = true
	auto.commit.interval.ms = 5000
	auto.include.jmx.reporter = true
	auto.offset.reset = earliest
	bootstrap.servers = [localhost:9092]
	check.crcs = true
	client.dns.lookup = use_all_dns_ips
	client.id = consumer-document-workers-2
	client.rack = 
	connections.max.idle.ms = 540000
	default.api.timeout.ms = 60000
	enable.auto.commit = false
	enable.metrics.push = true
	exclude.internal.topics = true
	fetch.max.bytes = 52428800
	fetch.max.wait.ms = 500
	fetch.min.bytes = 1
	group.id = document-workers
	group.instance.id = null
	group.protocol = classic
	group.remote.assignor = null
	heartbeat.interval.ms = 3000
	interceptor.classes = []
	internal.leave.group.on.close = true
	internal.throw.on.fetch.stable.offset.unsupported = false
	isolation.level = read_uncommitted
	key.deserializer = class org.apache.kafka.common.serialization.StringDeserializer
	max.partition.fetch.bytes = 1048576
	max.poll.interval.ms = 300000
	max.poll.records = 500
	metadata.max.age.ms = 300000
	metric.reporters = []
	metrics.num.samples = 2
	metrics.recording.level = INFO
	metrics.sample.window.ms = 30000
	partition.assignment.strategy = [class org.apache.kafka.clients.consumer.RangeAssignor, class org.apache.kafka.clients.consumer.CooperativeStickyAssignor]
	receive.buffer.bytes = 65536
	reconnect.backoff.max.ms = 1000
	reconnect.backoff.ms = 50
	request.timeout.ms = 30000
	retry.backoff.max.ms = 1000
	retry.backoff.ms = 100
	sasl.client.callback.handler.class = null
	sasl.jaas.config = null
	sasl.kerberos.kinit.cmd = /usr/bin/kinit
	sasl.kerberos.min.time.before.relogin = 60000
	sasl.kerberos.service.name = null
	sasl.kerberos.ticket.renew.jitter = 0.05
	sasl.kerberos.ticket.renew.window.factor = 0.8
	sasl.login.callback.handler.class = null
	sasl.login.class = null
	sasl.login.connect.timeout.ms = null
	sasl.login.read.timeout.ms = null
	sasl.login.refresh.buffer.seconds = 300
	sasl.login.refresh.min.period.seconds = 60
	sasl.login.refresh.window.factor = 0.8
	sasl.login.refresh.window.jitter = 0.05
	sasl.login.retry.backoff.max.ms = 10000
	sasl.login.retry.backoff.ms = 100
	sasl.mechanism = GSSAPI
	sasl.oauthbearer.clock.skew.seconds = 30
	sasl.oauthbearer.expected.audience = null
	sasl.oauthbearer.expected.issuer = null
	sasl.oauthbearer.jwks.endpoint.refresh.ms = 3600000
	sasl.oauthbearer.jwks.endpoint.retry.backoff.max.ms = 10000
	sasl.oauthbearer.jwks.endpoint.retry.backoff.ms = 100
	sasl.oauthbearer.jwks.endpoint.url = null
	sasl.oauthbearer.scope.claim.name = scope
	sasl.oauthbearer.sub.claim.name = sub
	sasl.oauthbearer.token.endpoint.url = null
	security.protocol = PLAINTEXT
	security.providers = null
	send.buffer.bytes = 131072
	session.timeout.ms = 45000
	socket.connection.setup.timeout.max.ms = 30000
	socket.connection.setup.timeout.ms = 10000
	ssl.cipher.suites = null
	ssl.enabled.protocols = [TLSv1.2, TLSv1.3]
	ssl.endpoint.identification.algorithm = https
	ssl.engine.factory.class = null
	ssl.key.password = null
	ssl.keymanager.algorithm = SunX509
	ssl.keystore.certificate.chain = null
	ssl.keystore.key = null
	ssl.keystore.location = null
	ssl.keystore.password = null
	ssl.keystore.type = JKS
	ssl.protocol = TLSv1.3
	ssl.provider = null
	ssl.secure.random.implementation = null
	ssl.trustmanager.algorithm = PKIX
	ssl.truststore.certificates = null
	ssl.truststore.location = null
	ssl.truststore.password = null
	ssl.truststore.type = JKS
	value.deserializer = class org.springframework.kafka.support.serializer.JsonDeserializer

2026-04-01 20:11:40 [restartedMain] INFO  org.apache.kafka.common.telemetry.internals.KafkaMetricsCollector - initializing Kafka metrics collector
2026-04-01 20:11:40 [restartedMain] INFO  org.apache.kafka.common.utils.AppInfoParser - Kafka version: 3.7.1
2026-04-01 20:11:40 [restartedMain] INFO  org.apache.kafka.common.utils.AppInfoParser - Kafka commitId: e2494e6ffb89f828
2026-04-01 20:11:40 [restartedMain] INFO  org.apache.kafka.common.utils.AppInfoParser - Kafka startTimeMs: 1775054500544
2026-04-01 20:11:40 [restartedMain] INFO  org.apache.kafka.clients.consumer.internals.LegacyKafkaConsumer - [Consumer clientId=consumer-document-workers-2, groupId=document-workers] Subscribed to topic(s): document-uploaded
2026-04-01 20:11:40 [restartedMain] INFO  com.gyan.GyanApplication - Started GyanApplication in 2.425 seconds (process running for 114.868)
2026-04-01 20:11:40 [restartedMain] INFO  org.springframework.boot.devtools.autoconfigure.ConditionEvaluationDeltaLoggingListener - Condition evaluation unchanged
2026-04-01 20:11:40 [org.springframework.kafka.KafkaListenerEndpointContainer#0-0-C-1] INFO  org.apache.kafka.clients.Metadata - [Consumer clientId=consumer-document-workers-2, groupId=document-workers] Cluster ID: phIC6OCuTGem87Ywbqq44Q
2026-04-01 20:11:40 [org.springframework.kafka.KafkaListenerEndpointContainer#0-0-C-1] INFO  org.apache.kafka.clients.consumer.internals.ConsumerCoordinator - [Consumer clientId=consumer-document-workers-2, groupId=document-workers] Discovered group coordinator localhost:9092 (id: 2147483646 rack: null)
2026-04-01 20:11:40 [org.springframework.kafka.KafkaListenerEndpointContainer#0-0-C-1] INFO  org.apache.kafka.clients.consumer.internals.ConsumerCoordinator - [Consumer clientId=consumer-document-workers-2, groupId=document-workers] (Re-)joining group
2026-04-01 20:11:40 [org.springframework.kafka.KafkaListenerEndpointContainer#0-0-C-1] INFO  org.apache.kafka.clients.consumer.internals.ConsumerCoordinator - [Consumer clientId=consumer-document-workers-2, groupId=document-workers] Request joining group due to: need to re-join with the given member-id: consumer-document-workers-2-334a4aed-49b4-4ef6-b5bd-ef4b80eb0285
2026-04-01 20:11:40 [org.springframework.kafka.KafkaListenerEndpointContainer#0-0-C-1] INFO  org.apache.kafka.clients.consumer.internals.ConsumerCoordinator - [Consumer clientId=consumer-document-workers-2, groupId=document-workers] (Re-)joining group
2026-04-01 20:11:43 [org.springframework.kafka.KafkaListenerEndpointContainer#0-0-C-1] INFO  org.apache.kafka.clients.consumer.internals.ConsumerCoordinator - [Consumer clientId=consumer-document-workers-2, groupId=document-workers] Successfully joined group with generation Generation{generationId=28, memberId='consumer-document-workers-2-334a4aed-49b4-4ef6-b5bd-ef4b80eb0285', protocol='range'}
2026-04-01 20:11:43 [org.springframework.kafka.KafkaListenerEndpointContainer#0-0-C-1] INFO  org.apache.kafka.clients.consumer.internals.ConsumerCoordinator - [Consumer clientId=consumer-document-workers-2, groupId=document-workers] Finished assignment for group at generation 28: {consumer-document-workers-2-334a4aed-49b4-4ef6-b5bd-ef4b80eb0285=Assignment(partitions=[document-uploaded-0, document-uploaded-1, document-uploaded-2])}
2026-04-01 20:11:43 [org.springframework.kafka.KafkaListenerEndpointContainer#0-0-C-1] INFO  org.apache.kafka.clients.consumer.internals.ConsumerCoordinator - [Consumer clientId=consumer-document-workers-2, groupId=document-workers] Successfully synced group in generation Generation{generationId=28, memberId='consumer-document-workers-2-334a4aed-49b4-4ef6-b5bd-ef4b80eb0285', protocol='range'}
2026-04-01 20:11:43 [org.springframework.kafka.KafkaListenerEndpointContainer#0-0-C-1] INFO  org.apache.kafka.clients.consumer.internals.ConsumerCoordinator - [Consumer clientId=consumer-document-workers-2, groupId=document-workers] Notifying assignor about the new Assignment(partitions=[document-uploaded-0, document-uploaded-1, document-uploaded-2])
2026-04-01 20:11:43 [org.springframework.kafka.KafkaListenerEndpointContainer#0-0-C-1] INFO  org.apache.kafka.clients.consumer.internals.ConsumerRebalanceListenerInvoker - [Consumer clientId=consumer-document-workers-2, groupId=document-workers] Adding newly assigned partitions: document-uploaded-0, document-uploaded-1, document-uploaded-2
2026-04-01 20:11:43 [org.springframework.kafka.KafkaListenerEndpointContainer#0-0-C-1] INFO  org.apache.kafka.clients.consumer.internals.ConsumerCoordinator - [Consumer clientId=consumer-document-workers-2, groupId=document-workers] Found no committed offset for partition document-uploaded-1
2026-04-01 20:11:43 [org.springframework.kafka.KafkaListenerEndpointContainer#0-0-C-1] INFO  org.apache.kafka.clients.consumer.internals.ConsumerUtils - Setting offset for partition document-uploaded-2 to the committed offset FetchPosition{offset=1, offsetEpoch=Optional.empty, currentLeader=LeaderAndEpoch{leader=Optional[localhost:9092 (id: 1 rack: null)], epoch=0}}
2026-04-01 20:11:43 [org.springframework.kafka.KafkaListenerEndpointContainer#0-0-C-1] INFO  org.apache.kafka.clients.consumer.internals.ConsumerUtils - Setting offset for partition document-uploaded-0 to the committed offset FetchPosition{offset=3, offsetEpoch=Optional.empty, currentLeader=LeaderAndEpoch{leader=Optional[localhost:9092 (id: 1 rack: null)], epoch=0}}
2026-04-01 20:11:43 [org.springframework.kafka.KafkaListenerEndpointContainer#0-0-C-1] INFO  org.apache.kafka.clients.consumer.internals.SubscriptionState - [Consumer clientId=consumer-document-workers-2, groupId=document-workers] Resetting offset for partition document-uploaded-1 to position FetchPosition{offset=0, offsetEpoch=Optional.empty, currentLeader=LeaderAndEpoch{leader=Optional[localhost:9092 (id: 1 rack: null)], epoch=0}}.
2026-04-01 20:11:43 [org.springframework.kafka.KafkaListenerEndpointContainer#0-0-C-1] INFO  org.springframework.kafka.listener.KafkaMessageListenerContainer - document-workers: partitions assigned: [document-uploaded-0, document-uploaded-1, document-uploaded-2]
2026-04-01 20:12:27 [org.springframework.kafka.KafkaListenerEndpointContainer#0-0-C-1] INFO  org.apache.kafka.clients.consumer.internals.ConsumerRebalanceListenerInvoker - [Consumer clientId=consumer-document-workers-2, groupId=document-workers] Revoke previously assigned partitions document-uploaded-0, document-uploaded-1, document-uploaded-2
2026-04-01 20:12:27 [org.springframework.kafka.KafkaListenerEndpointContainer#0-0-C-1] INFO  org.springframework.kafka.listener.KafkaMessageListenerContainer - document-workers: partitions revoked: [document-uploaded-0, document-uploaded-1, document-uploaded-2]
2026-04-01 20:12:27 [org.springframework.kafka.KafkaListenerEndpointContainer#0-0-C-1] INFO  org.apache.kafka.clients.consumer.internals.ConsumerCoordinator - [Consumer clientId=consumer-document-workers-2, groupId=document-workers] Member consumer-document-workers-2-334a4aed-49b4-4ef6-b5bd-ef4b80eb0285 sending LeaveGroup request to coordinator localhost:9092 (id: 2147483646 rack: null) due to the consumer unsubscribed from all topics
2026-04-01 20:12:27 [org.springframework.kafka.KafkaListenerEndpointContainer#0-0-C-1] INFO  org.apache.kafka.clients.consumer.internals.ConsumerCoordinator - [Consumer clientId=consumer-document-workers-2, groupId=document-workers] Resetting generation and member id due to: consumer pro-actively leaving the group
2026-04-01 20:12:27 [org.springframework.kafka.KafkaListenerEndpointContainer#0-0-C-1] INFO  org.apache.kafka.clients.consumer.internals.ConsumerCoordinator - [Consumer clientId=consumer-document-workers-2, groupId=document-workers] Request joining group due to: consumer pro-actively leaving the group
2026-04-01 20:12:27 [org.springframework.kafka.KafkaListenerEndpointContainer#0-0-C-1] INFO  org.apache.kafka.clients.consumer.internals.LegacyKafkaConsumer - [Consumer clientId=consumer-document-workers-2, groupId=document-workers] Unsubscribed all topics or patterns and assigned partitions
2026-04-01 20:12:27 [org.springframework.kafka.KafkaListenerEndpointContainer#0-0-C-1] INFO  org.apache.kafka.clients.consumer.internals.ConsumerCoordinator - [Consumer clientId=consumer-document-workers-2, groupId=document-workers] Resetting generation and member id due to: consumer pro-actively leaving the group
2026-04-01 20:12:27 [org.springframework.kafka.KafkaListenerEndpointContainer#0-0-C-1] INFO  org.apache.kafka.clients.consumer.internals.ConsumerCoordinator - [Consumer clientId=consumer-document-workers-2, groupId=document-workers] Request joining group due to: consumer pro-actively leaving the group
2026-04-01 20:12:27 [org.springframework.kafka.KafkaListenerEndpointContainer#0-0-C-1] INFO  org.apache.kafka.common.metrics.Metrics - Metrics scheduler closed
2026-04-01 20:12:27 [org.springframework.kafka.KafkaListenerEndpointContainer#0-0-C-1] INFO  org.apache.kafka.common.metrics.Metrics - Closing reporter org.apache.kafka.common.metrics.JmxReporter
2026-04-01 20:12:27 [org.springframework.kafka.KafkaListenerEndpointContainer#0-0-C-1] INFO  org.apache.kafka.common.metrics.Metrics - Closing reporter org.apache.kafka.common.telemetry.internals.ClientTelemetryReporter
2026-04-01 20:12:27 [org.springframework.kafka.KafkaListenerEndpointContainer#0-0-C-1] INFO  org.apache.kafka.common.metrics.Metrics - Metrics reporters closed
2026-04-01 20:12:27 [org.springframework.kafka.KafkaListenerEndpointContainer#0-0-C-1] INFO  org.apache.kafka.common.utils.AppInfoParser - App info kafka.consumer for consumer-document-workers-2 unregistered
2026-04-01 20:12:27 [org.springframework.kafka.KafkaListenerEndpointContainer#0-0-C-1] INFO  org.springframework.kafka.listener.KafkaMessageListenerContainer - document-workers: Consumer stopped
2026-04-01 20:12:27 [SpringApplicationShutdownHook] INFO  org.springframework.orm.jpa.LocalContainerEntityManagerFactoryBean - Closing JPA EntityManagerFactory for persistence unit 'default'
2026-04-01 20:12:27 [SpringApplicationShutdownHook] INFO  com.zaxxer.hikari.HikariDataSource - HikariPool-2 - Shutdown initiated...
2026-04-01 20:12:27 [SpringApplicationShutdownHook] INFO  com.zaxxer.hikari.HikariDataSource - HikariPool-2 - Shutdown completed.
2026-04-01 20:12:33 [background-preinit] INFO  org.hibernate.validator.internal.util.Version - HV000001: Hibernate Validator 8.0.1.Final
2026-04-01 20:12:33 [restartedMain] INFO  com.gyan.GyanApplication - Starting GyanApplication using Java 21.0.8 with PID 37352 (C:\Users\manjk\OneDrive\Desktop\Discipline\gyan\backend\target\classes started by manjk in C:\Users\manjk\OneDrive\Desktop\Discipline\gyan\backend)
2026-04-01 20:12:33 [restartedMain] INFO  com.gyan.GyanApplication - No active profile set, falling back to 1 default profile: "default"
2026-04-01 20:12:33 [restartedMain] INFO  org.springframework.boot.devtools.env.DevToolsPropertyDefaultsPostProcessor - Devtools property defaults active! Set 'spring.devtools.add-properties' to 'false' to disable
2026-04-01 20:12:33 [restartedMain] INFO  org.springframework.boot.devtools.env.DevToolsPropertyDefaultsPostProcessor - For additional web related logging consider setting the 'logging.level.web' property to 'DEBUG'
2026-04-01 20:12:35 [restartedMain] INFO  org.springframework.data.repository.config.RepositoryConfigurationDelegate - Multiple Spring Data modules found, entering strict repository configuration mode
2026-04-01 20:12:35 [restartedMain] INFO  org.springframework.data.repository.config.RepositoryConfigurationDelegate - Bootstrapping Spring Data Elasticsearch repositories in DEFAULT mode.
2026-04-01 20:12:35 [restartedMain] INFO  org.springframework.data.repository.config.RepositoryConfigurationExtensionSupport - Spring Data Elasticsearch - Could not safely identify store assignment for repository candidate interface com.gyan.repository.ChatRepository; If you want this repository to be a Elasticsearch repository, consider annotating your entities with one of these annotations: org.springframework.data.elasticsearch.annotations.Document (preferred), or consider extending one of the following types with your repository: org.springframework.data.elasticsearch.repository.ElasticsearchRepository
2026-04-01 20:12:35 [restartedMain] INFO  org.springframework.data.repository.config.RepositoryConfigurationExtensionSupport - Spring Data Elasticsearch - Could not safely identify store assignment for repository candidate interface com.gyan.repository.DocumentChunkRepository; If you want this repository to be a Elasticsearch repository, consider annotating your entities with one of these annotations: org.springframework.data.elasticsearch.annotations.Document (preferred), or consider extending one of the following types with your repository: org.springframework.data.elasticsearch.repository.ElasticsearchRepository
2026-04-01 20:12:35 [restartedMain] INFO  org.springframework.data.repository.config.RepositoryConfigurationExtensionSupport - Spring Data Elasticsearch - Could not safely identify store assignment for repository candidate interface com.gyan.repository.DocumentRepository; If you want this repository to be a Elasticsearch repository, consider annotating your entities with one of these annotations: org.springframework.data.elasticsearch.annotations.Document (preferred), or consider extending one of the following types with your repository: org.springframework.data.elasticsearch.repository.ElasticsearchRepository
2026-04-01 20:12:35 [restartedMain] INFO  org.springframework.data.repository.config.RepositoryConfigurationExtensionSupport - Spring Data Elasticsearch - Could not safely identify store assignment for repository candidate interface com.gyan.repository.UserRepository; If you want this repository to be a Elasticsearch repository, consider annotating your entities with one of these annotations: org.springframework.data.elasticsearch.annotations.Document (preferred), or consider extending one of the following types with your repository: org.springframework.data.elasticsearch.repository.ElasticsearchRepository
2026-04-01 20:12:35 [restartedMain] INFO  org.springframework.data.repository.config.RepositoryConfigurationDelegate - Finished Spring Data repository scanning in 70 ms. Found 1 Elasticsearch repository interface.
2026-04-01 20:12:35 [restartedMain] INFO  org.springframework.data.repository.config.RepositoryConfigurationDelegate - Multiple Spring Data modules found, entering strict repository configuration mode
2026-04-01 20:12:35 [restartedMain] INFO  org.springframework.data.repository.config.RepositoryConfigurationDelegate - Bootstrapping Spring Data JPA repositories in DEFAULT mode.
2026-04-01 20:12:35 [restartedMain] INFO  org.springframework.data.repository.config.RepositoryConfigurationExtensionSupport - Spring Data JPA - Could not safely identify store assignment for repository candidate interface com.gyan.repository.DocumentSearchRepository; If you want this repository to be a JPA repository, consider annotating your entities with one of these annotations: jakarta.persistence.Entity, jakarta.persistence.MappedSuperclass (preferred), or consider extending one of the following types with your repository: org.springframework.data.jpa.repository.JpaRepository
2026-04-01 20:12:35 [restartedMain] INFO  org.springframework.data.repository.config.RepositoryConfigurationDelegate - Finished Spring Data repository scanning in 36 ms. Found 4 JPA repository interfaces.
2026-04-01 20:12:37 [restartedMain] INFO  org.springframework.boot.web.embedded.tomcat.TomcatWebServer - Tomcat initialized with port 8080 (http)
2026-04-01 20:12:37 [restartedMain] INFO  org.apache.coyote.http11.Http11NioProtocol - Initializing ProtocolHandler ["http-nio-8080"]
2026-04-01 20:12:37 [restartedMain] INFO  org.apache.catalina.core.StandardService - Starting service [Tomcat]
2026-04-01 20:12:37 [restartedMain] INFO  org.apache.catalina.core.StandardEngine - Starting Servlet engine: [Apache Tomcat/10.1.31]
2026-04-01 20:12:37 [restartedMain] INFO  org.apache.catalina.core.ContainerBase.[Tomcat].[localhost].[/] - Initializing Spring embedded WebApplicationContext
2026-04-01 20:12:37 [restartedMain] INFO  org.springframework.boot.web.servlet.context.ServletWebServerApplicationContext - Root WebApplicationContext: initialization completed in 4043 ms
2026-04-01 20:12:37 [restartedMain] INFO  org.hibernate.jpa.internal.util.LogHelper - HHH000204: Processing PersistenceUnitInfo [name: default]
2026-04-01 20:12:38 [restartedMain] INFO  org.hibernate.Version - HHH000412: Hibernate ORM core version 6.5.3.Final
2026-04-01 20:12:38 [restartedMain] INFO  org.hibernate.cache.internal.RegionFactoryInitiator - HHH000026: Second-level cache disabled
2026-04-01 20:12:38 [restartedMain] INFO  org.springframework.orm.jpa.persistenceunit.SpringPersistenceUnitInfo - No LoadTimeWeaver setup: ignoring JPA class transformer
2026-04-01 20:12:38 [restartedMain] INFO  com.zaxxer.hikari.HikariDataSource - HikariPool-1 - Starting...
2026-04-01 20:12:38 [restartedMain] INFO  com.zaxxer.hikari.pool.HikariPool - HikariPool-1 - Added connection org.postgresql.jdbc.PgConnection@7b5af469
2026-04-01 20:12:38 [restartedMain] INFO  com.zaxxer.hikari.HikariDataSource - HikariPool-1 - Start completed.
2026-04-01 20:12:39 [restartedMain] WARN  org.hibernate.orm.deprecation - HHH90000025: PostgreSQLDialect does not need to be specified explicitly using 'hibernate.dialect' (remove the property setting and it will be selected by default)
2026-04-01 20:12:40 [restartedMain] INFO  org.hibernate.engine.transaction.jta.platform.internal.JtaPlatformInitiator - HHH000489: No JTA platform available (set 'hibernate.transaction.jta.platform' to enable JTA platform integration)
2026-04-01 20:12:40 [restartedMain] INFO  org.springframework.orm.jpa.LocalContainerEntityManagerFactoryBean - Initialized JPA EntityManagerFactory for persistence unit 'default'
2026-04-01 20:12:42 [restartedMain] INFO  org.springframework.boot.devtools.autoconfigure.OptionalLiveReloadServer - LiveReload server is running on port 35729
2026-04-01 20:12:43 [restartedMain] WARN  org.springframework.boot.autoconfigure.orm.jpa.JpaBaseConfiguration$JpaWebConfiguration - spring.jpa.open-in-view is enabled by default. Therefore, database queries may be performed during view rendering. Explicitly configure spring.jpa.open-in-view to disable this warning
2026-04-01 20:12:43 [restartedMain] WARN  org.springframework.boot.autoconfigure.security.servlet.UserDetailsServiceAutoConfiguration - 

Using generated security password: b814caef-c6cb-44c9-bf52-80bedc12fe0d

This generated password is for development use only. Your security configuration must be updated before running your application in production.

2026-04-01 20:12:43 [restartedMain] INFO  org.springframework.security.config.annotation.authentication.configuration.InitializeUserDetailsBeanManagerConfigurer$InitializeUserDetailsManagerConfigurer - Global AuthenticationManager configured with UserDetailsService bean with name inMemoryUserDetailsManager
2026-04-01 20:12:44 [restartedMain] INFO  org.apache.kafka.clients.admin.AdminClientConfig - AdminClientConfig values: 
	auto.include.jmx.reporter = true
	bootstrap.controllers = []
	bootstrap.servers = [localhost:9092]
	client.dns.lookup = use_all_dns_ips
	client.id = gyan-admin-0
	connections.max.idle.ms = 300000
	default.api.timeout.ms = 60000
	enable.metrics.push = true
	metadata.max.age.ms = 300000
	metric.reporters = []
	metrics.num.samples = 2
	metrics.recording.level = INFO
	metrics.sample.window.ms = 30000
	receive.buffer.bytes = 65536
	reconnect.backoff.max.ms = 1000
	reconnect.backoff.ms = 50
	request.timeout.ms = 30000
	retries = 2147483647
	retry.backoff.max.ms = 1000
	retry.backoff.ms = 100
	sasl.client.callback.handler.class = null
	sasl.jaas.config = null
	sasl.kerberos.kinit.cmd = /usr/bin/kinit
	sasl.kerberos.min.time.before.relogin = 60000
	sasl.kerberos.service.name = null
	sasl.kerberos.ticket.renew.jitter = 0.05
	sasl.kerberos.ticket.renew.window.factor = 0.8
	sasl.login.callback.handler.class = null
	sasl.login.class = null
	sasl.login.connect.timeout.ms = null
	sasl.login.read.timeout.ms = null
	sasl.login.refresh.buffer.seconds = 300
	sasl.login.refresh.min.period.seconds = 60
	sasl.login.refresh.window.factor = 0.8
	sasl.login.refresh.window.jitter = 0.05
	sasl.login.retry.backoff.max.ms = 10000
	sasl.login.retry.backoff.ms = 100
	sasl.mechanism = GSSAPI
	sasl.oauthbearer.clock.skew.seconds = 30
	sasl.oauthbearer.expected.audience = null
	sasl.oauthbearer.expected.issuer = null
	sasl.oauthbearer.jwks.endpoint.refresh.ms = 3600000
	sasl.oauthbearer.jwks.endpoint.retry.backoff.max.ms = 10000
	sasl.oauthbearer.jwks.endpoint.retry.backoff.ms = 100
	sasl.oauthbearer.jwks.endpoint.url = null
	sasl.oauthbearer.scope.claim.name = scope
	sasl.oauthbearer.sub.claim.name = sub
	sasl.oauthbearer.token.endpoint.url = null
	security.protocol = PLAINTEXT
	security.providers = null
	send.buffer.bytes = 131072
	socket.connection.setup.timeout.max.ms = 30000
	socket.connection.setup.timeout.ms = 10000
	ssl.cipher.suites = null
	ssl.enabled.protocols = [TLSv1.2, TLSv1.3]
	ssl.endpoint.identification.algorithm = https
	ssl.engine.factory.class = null
	ssl.key.password = null
	ssl.keymanager.algorithm = SunX509
	ssl.keystore.certificate.chain = null
	ssl.keystore.key = null
	ssl.keystore.location = null
	ssl.keystore.password = null
	ssl.keystore.type = JKS
	ssl.protocol = TLSv1.3
	ssl.provider = null
	ssl.secure.random.implementation = null
	ssl.trustmanager.algorithm = PKIX
	ssl.truststore.certificates = null
	ssl.truststore.location = null
	ssl.truststore.password = null
	ssl.truststore.type = JKS

2026-04-01 20:12:45 [restartedMain] INFO  org.apache.kafka.common.utils.AppInfoParser - Kafka version: 3.7.1
2026-04-01 20:12:45 [restartedMain] INFO  org.apache.kafka.common.utils.AppInfoParser - Kafka commitId: e2494e6ffb89f828
2026-04-01 20:12:45 [restartedMain] INFO  org.apache.kafka.common.utils.AppInfoParser - Kafka startTimeMs: 1775054565110
2026-04-01 20:12:45 [kafka-admin-client-thread | gyan-admin-0] INFO  org.apache.kafka.common.utils.AppInfoParser - App info kafka.admin.client for gyan-admin-0 unregistered
2026-04-01 20:12:45 [kafka-admin-client-thread | gyan-admin-0] INFO  org.apache.kafka.common.metrics.Metrics - Metrics scheduler closed
2026-04-01 20:12:45 [kafka-admin-client-thread | gyan-admin-0] INFO  org.apache.kafka.common.metrics.Metrics - Closing reporter org.apache.kafka.common.metrics.JmxReporter
2026-04-01 20:12:45 [kafka-admin-client-thread | gyan-admin-0] INFO  org.apache.kafka.common.metrics.Metrics - Metrics reporters closed
2026-04-01 20:12:45 [restartedMain] INFO  org.apache.coyote.http11.Http11NioProtocol - Starting ProtocolHandler ["http-nio-8080"]
2026-04-01 20:12:45 [restartedMain] INFO  org.springframework.boot.web.embedded.tomcat.TomcatWebServer - Tomcat started on port 8080 (http) with context path '/'
2026-04-01 20:12:45 [restartedMain] INFO  org.apache.kafka.clients.consumer.ConsumerConfig - ConsumerConfig values: 
	allow.auto.create.topics = true
	auto.commit.interval.ms = 5000
	auto.include.jmx.reporter = true
	auto.offset.reset = earliest
	bootstrap.servers = [localhost:9092]
	check.crcs = true
	client.dns.lookup = use_all_dns_ips
	client.id = consumer-document-workers-1
	client.rack = 
	connections.max.idle.ms = 540000
	default.api.timeout.ms = 60000
	enable.auto.commit = false
	enable.metrics.push = true
	exclude.internal.topics = true
	fetch.max.bytes = 52428800
	fetch.max.wait.ms = 500
	fetch.min.bytes = 1
	group.id = document-workers
	group.instance.id = null
	group.protocol = classic
	group.remote.assignor = null
	heartbeat.interval.ms = 3000
	interceptor.classes = []
	internal.leave.group.on.close = true
	internal.throw.on.fetch.stable.offset.unsupported = false
	isolation.level = read_uncommitted
	key.deserializer = class org.apache.kafka.common.serialization.StringDeserializer
	max.partition.fetch.bytes = 1048576
	max.poll.interval.ms = 300000
	max.poll.records = 500
	metadata.max.age.ms = 300000
	metric.reporters = []
	metrics.num.samples = 2
	metrics.recording.level = INFO
	metrics.sample.window.ms = 30000
	partition.assignment.strategy = [class org.apache.kafka.clients.consumer.RangeAssignor, class org.apache.kafka.clients.consumer.CooperativeStickyAssignor]
	receive.buffer.bytes = 65536
	reconnect.backoff.max.ms = 1000
	reconnect.backoff.ms = 50
	request.timeout.ms = 30000
	retry.backoff.max.ms = 1000
	retry.backoff.ms = 100
	sasl.client.callback.handler.class = null
	sasl.jaas.config = null
	sasl.kerberos.kinit.cmd = /usr/bin/kinit
	sasl.kerberos.min.time.before.relogin = 60000
	sasl.kerberos.service.name = null
	sasl.kerberos.ticket.renew.jitter = 0.05
	sasl.kerberos.ticket.renew.window.factor = 0.8
	sasl.login.callback.handler.class = null
	sasl.login.class = null
	sasl.login.connect.timeout.ms = null
	sasl.login.read.timeout.ms = null
	sasl.login.refresh.buffer.seconds = 300
	sasl.login.refresh.min.period.seconds = 60
	sasl.login.refresh.window.factor = 0.8
	sasl.login.refresh.window.jitter = 0.05
	sasl.login.retry.backoff.max.ms = 10000
	sasl.login.retry.backoff.ms = 100
	sasl.mechanism = GSSAPI
	sasl.oauthbearer.clock.skew.seconds = 30
	sasl.oauthbearer.expected.audience = null
	sasl.oauthbearer.expected.issuer = null
	sasl.oauthbearer.jwks.endpoint.refresh.ms = 3600000
	sasl.oauthbearer.jwks.endpoint.retry.backoff.max.ms = 10000
	sasl.oauthbearer.jwks.endpoint.retry.backoff.ms = 100
	sasl.oauthbearer.jwks.endpoint.url = null
	sasl.oauthbearer.scope.claim.name = scope
	sasl.oauthbearer.sub.claim.name = sub
	sasl.oauthbearer.token.endpoint.url = null
	security.protocol = PLAINTEXT
	security.providers = null
	send.buffer.bytes = 131072
	session.timeout.ms = 45000
	socket.connection.setup.timeout.max.ms = 30000
	socket.connection.setup.timeout.ms = 10000
	ssl.cipher.suites = null
	ssl.enabled.protocols = [TLSv1.2, TLSv1.3]
	ssl.endpoint.identification.algorithm = https
	ssl.engine.factory.class = null
	ssl.key.password = null
	ssl.keymanager.algorithm = SunX509
	ssl.keystore.certificate.chain = null
	ssl.keystore.key = null
	ssl.keystore.location = null
	ssl.keystore.password = null
	ssl.keystore.type = JKS
	ssl.protocol = TLSv1.3
	ssl.provider = null
	ssl.secure.random.implementation = null
	ssl.trustmanager.algorithm = PKIX
	ssl.truststore.certificates = null
	ssl.truststore.location = null
	ssl.truststore.password = null
	ssl.truststore.type = JKS
	value.deserializer = class org.springframework.kafka.support.serializer.JsonDeserializer

2026-04-01 20:12:45 [restartedMain] INFO  org.apache.kafka.common.telemetry.internals.KafkaMetricsCollector - initializing Kafka metrics collector
2026-04-01 20:12:45 [restartedMain] INFO  org.apache.kafka.common.utils.AppInfoParser - Kafka version: 3.7.1
2026-04-01 20:12:45 [restartedMain] INFO  org.apache.kafka.common.utils.AppInfoParser - Kafka commitId: e2494e6ffb89f828
2026-04-01 20:12:45 [restartedMain] INFO  org.apache.kafka.common.utils.AppInfoParser - Kafka startTimeMs: 1775054565827
2026-04-01 20:12:45 [restartedMain] INFO  org.apache.kafka.clients.consumer.internals.LegacyKafkaConsumer - [Consumer clientId=consumer-document-workers-1, groupId=document-workers] Subscribed to topic(s): document-uploaded
2026-04-01 20:12:45 [restartedMain] INFO  com.gyan.GyanApplication - Started GyanApplication in 13.426 seconds (process running for 14.293)
2026-04-01 20:12:45 [org.springframework.kafka.KafkaListenerEndpointContainer#0-0-C-1] INFO  org.apache.kafka.clients.Metadata - [Consumer clientId=consumer-document-workers-1, groupId=document-workers] Cluster ID: phIC6OCuTGem87Ywbqq44Q
2026-04-01 20:12:45 [org.springframework.kafka.KafkaListenerEndpointContainer#0-0-C-1] INFO  org.apache.kafka.clients.consumer.internals.ConsumerCoordinator - [Consumer clientId=consumer-document-workers-1, groupId=document-workers] Discovered group coordinator localhost:9092 (id: 2147483646 rack: null)
2026-04-01 20:12:45 [org.springframework.kafka.KafkaListenerEndpointContainer#0-0-C-1] INFO  org.apache.kafka.clients.consumer.internals.ConsumerCoordinator - [Consumer clientId=consumer-document-workers-1, groupId=document-workers] (Re-)joining group
2026-04-01 20:12:45 [org.springframework.kafka.KafkaListenerEndpointContainer#0-0-C-1] INFO  org.apache.kafka.clients.consumer.internals.ConsumerCoordinator - [Consumer clientId=consumer-document-workers-1, groupId=document-workers] Request joining group due to: need to re-join with the given member-id: consumer-document-workers-1-106ee2db-f366-40d3-880f-fb14ef4d1b77
2026-04-01 20:12:45 [org.springframework.kafka.KafkaListenerEndpointContainer#0-0-C-1] INFO  org.apache.kafka.clients.consumer.internals.ConsumerCoordinator - [Consumer clientId=consumer-document-workers-1, groupId=document-workers] (Re-)joining group
2026-04-01 20:12:48 [org.springframework.kafka.KafkaListenerEndpointContainer#0-0-C-1] INFO  org.apache.kafka.clients.consumer.internals.ConsumerCoordinator - [Consumer clientId=consumer-document-workers-1, groupId=document-workers] Successfully joined group with generation Generation{generationId=30, memberId='consumer-document-workers-1-106ee2db-f366-40d3-880f-fb14ef4d1b77', protocol='range'}
2026-04-01 20:12:48 [org.springframework.kafka.KafkaListenerEndpointContainer#0-0-C-1] INFO  org.apache.kafka.clients.consumer.internals.ConsumerCoordinator - [Consumer clientId=consumer-document-workers-1, groupId=document-workers] Finished assignment for group at generation 30: {consumer-document-workers-1-106ee2db-f366-40d3-880f-fb14ef4d1b77=Assignment(partitions=[document-uploaded-0, document-uploaded-1, document-uploaded-2])}
2026-04-01 20:12:48 [org.springframework.kafka.KafkaListenerEndpointContainer#0-0-C-1] INFO  org.apache.kafka.clients.consumer.internals.ConsumerCoordinator - [Consumer clientId=consumer-document-workers-1, groupId=document-workers] Successfully synced group in generation Generation{generationId=30, memberId='consumer-document-workers-1-106ee2db-f366-40d3-880f-fb14ef4d1b77', protocol='range'}
2026-04-01 20:12:48 [org.springframework.kafka.KafkaListenerEndpointContainer#0-0-C-1] INFO  org.apache.kafka.clients.consumer.internals.ConsumerCoordinator - [Consumer clientId=consumer-document-workers-1, groupId=document-workers] Notifying assignor about the new Assignment(partitions=[document-uploaded-0, document-uploaded-1, document-uploaded-2])
2026-04-01 20:12:48 [org.springframework.kafka.KafkaListenerEndpointContainer#0-0-C-1] INFO  org.apache.kafka.clients.consumer.internals.ConsumerRebalanceListenerInvoker - [Consumer clientId=consumer-document-workers-1, groupId=document-workers] Adding newly assigned partitions: document-uploaded-0, document-uploaded-1, document-uploaded-2
2026-04-01 20:12:48 [org.springframework.kafka.KafkaListenerEndpointContainer#0-0-C-1] INFO  org.apache.kafka.clients.consumer.internals.ConsumerCoordinator - [Consumer clientId=consumer-document-workers-1, groupId=document-workers] Found no committed offset for partition document-uploaded-1
2026-04-01 20:12:48 [org.springframework.kafka.KafkaListenerEndpointContainer#0-0-C-1] INFO  org.apache.kafka.clients.consumer.internals.ConsumerUtils - Setting offset for partition document-uploaded-2 to the committed offset FetchPosition{offset=1, offsetEpoch=Optional.empty, currentLeader=LeaderAndEpoch{leader=Optional[localhost:9092 (id: 1 rack: null)], epoch=0}}
2026-04-01 20:12:48 [org.springframework.kafka.KafkaListenerEndpointContainer#0-0-C-1] INFO  org.apache.kafka.clients.consumer.internals.ConsumerUtils - Setting offset for partition document-uploaded-0 to the committed offset FetchPosition{offset=3, offsetEpoch=Optional.empty, currentLeader=LeaderAndEpoch{leader=Optional[localhost:9092 (id: 1 rack: null)], epoch=0}}
2026-04-01 20:12:49 [org.springframework.kafka.KafkaListenerEndpointContainer#0-0-C-1] INFO  org.apache.kafka.clients.consumer.internals.SubscriptionState - [Consumer clientId=consumer-document-workers-1, groupId=document-workers] Resetting offset for partition document-uploaded-1 to position FetchPosition{offset=0, offsetEpoch=Optional.empty, currentLeader=LeaderAndEpoch{leader=Optional[localhost:9092 (id: 1 rack: null)], epoch=0}}.
2026-04-01 20:12:49 [org.springframework.kafka.KafkaListenerEndpointContainer#0-0-C-1] INFO  org.springframework.kafka.listener.KafkaMessageListenerContainer - document-workers: partitions assigned: [document-uploaded-0, document-uploaded-1, document-uploaded-2]
2026-04-01 20:13:01 [http-nio-8080-exec-1] INFO  org.apache.catalina.core.ContainerBase.[Tomcat].[localhost].[/] - Initializing Spring DispatcherServlet 'dispatcherServlet'
2026-04-01 20:13:01 [http-nio-8080-exec-1] INFO  org.springframework.web.servlet.DispatcherServlet - Initializing Servlet 'dispatcherServlet'
2026-04-01 20:13:01 [http-nio-8080-exec-1] INFO  org.springframework.web.servlet.DispatcherServlet - Completed initialization in 3 ms
2026-04-01 20:13:01 [http-nio-8080-exec-1] INFO  com.gyan.util.RequestLoggingFilter - Request 41c7a111-5cc3-417a-b86b-eb4810428a9e started: POST /auth/login
2026-04-01 20:13:01 [http-nio-8080-exec-1] WARN  org.springframework.web.servlet.mvc.method.annotation.ExceptionHandlerExceptionResolver - Resolved [java.lang.RuntimeException: Invalid credentials]
2026-04-01 20:13:01 [http-nio-8080-exec-1] INFO  com.gyan.util.RequestLoggingFilter - Request 41c7a111-5cc3-417a-b86b-eb4810428a9e completed with status 500
2026-04-01 20:13:04 [http-nio-8080-exec-2] INFO  com.gyan.util.RequestLoggingFilter - Request 489c1933-9bee-42e2-bd76-a16ad46c9e42 started: POST /auth/login
2026-04-01 20:13:04 [http-nio-8080-exec-2] WARN  org.springframework.web.servlet.mvc.method.annotation.ExceptionHandlerExceptionResolver - Resolved [java.lang.RuntimeException: Invalid credentials]
2026-04-01 20:13:04 [http-nio-8080-exec-2] INFO  com.gyan.util.RequestLoggingFilter - Request 489c1933-9bee-42e2-bd76-a16ad46c9e42 completed with status 500
2026-04-01 20:13:08 [http-nio-8080-exec-3] INFO  com.gyan.util.RequestLoggingFilter - Request b09d71ba-3122-4fb5-bef8-423e4769cd33 started: POST /auth/login
2026-04-01 20:13:08 [http-nio-8080-exec-3] INFO  com.gyan.util.RequestLoggingFilter - Request b09d71ba-3122-4fb5-bef8-423e4769cd33 completed with status 200
2026-04-01 20:13:08 [http-nio-8080-exec-6] INFO  com.gyan.util.RequestLoggingFilter - Request 1f9c5029-6e0f-47e2-b551-16d7865a3577 started: GET /chats
2026-04-01 20:13:08 [http-nio-8080-exec-6] INFO  com.gyan.util.RequestLoggingFilter - Request 1f9c5029-6e0f-47e2-b551-16d7865a3577 completed with status 200
2026-04-01 20:13:08 [http-nio-8080-exec-7] INFO  com.gyan.util.RequestLoggingFilter - Request 79c9fe5f-7f52-4d52-b4fc-38eb03430ddb started: GET /chats
2026-04-01 20:13:08 [http-nio-8080-exec-7] INFO  com.gyan.util.RequestLoggingFilter - Request 79c9fe5f-7f52-4d52-b4fc-38eb03430ddb completed with status 200
2026-04-01 20:13:13 [http-nio-8080-exec-4] INFO  com.gyan.util.RequestLoggingFilter - Request ec8a097a-fdd5-4375-a388-af68154c9857 started: DELETE /chats/1
2026-04-01 20:13:14 [http-nio-8080-exec-4] INFO  com.gyan.util.RequestLoggingFilter - Request ec8a097a-fdd5-4375-a388-af68154c9857 completed with status 204
2026-04-01 20:13:22 [http-nio-8080-exec-10] INFO  com.gyan.util.RequestLoggingFilter - Request cb85e6ce-97e9-49b5-9db5-8a0d233ef7e9 started: POST /chats
2026-04-01 20:13:22 [http-nio-8080-exec-10] INFO  com.gyan.util.RequestLoggingFilter - Request cb85e6ce-97e9-49b5-9db5-8a0d233ef7e9 completed with status 200
2026-04-01 20:13:22 [http-nio-8080-exec-9] INFO  com.gyan.util.RequestLoggingFilter - Request 282d0a06-909a-4ae0-b210-d7abada73203 started: GET /chats
2026-04-01 20:13:22 [http-nio-8080-exec-9] INFO  com.gyan.util.RequestLoggingFilter - Request 282d0a06-909a-4ae0-b210-d7abada73203 completed with status 200
2026-04-01 20:13:22 [http-nio-8080-exec-5] INFO  com.gyan.util.RequestLoggingFilter - Request 6aa6948f-ba74-454a-b240-ef5e89c7070d started: GET /chats/6
2026-04-01 20:13:22 [http-nio-8080-exec-8] INFO  com.gyan.util.RequestLoggingFilter - Request 31d43cdb-0d1e-4984-a854-e2f975d4fd0b started: GET /documents/chats/6
2026-04-01 20:13:22 [http-nio-8080-exec-5] INFO  com.gyan.util.RequestLoggingFilter - Request 6aa6948f-ba74-454a-b240-ef5e89c7070d completed with status 200
2026-04-01 20:13:22 [http-nio-8080-exec-1] INFO  com.gyan.util.RequestLoggingFilter - Request 193fa622-d783-4a1e-866e-9674b91ac8a8 started: GET /chats/6
2026-04-01 20:13:22 [http-nio-8080-exec-1] INFO  com.gyan.util.RequestLoggingFilter - Request 193fa622-d783-4a1e-866e-9674b91ac8a8 completed with status 200
2026-04-01 20:13:22 [http-nio-8080-exec-8] WARN  org.springframework.data.web.config.SpringDataJacksonConfiguration$PageModule$WarningLoggingModifier - Serializing PageImpl instances as-is is not supported, meaning that there is no guarantee about the stability of the resulting JSON structure!
	For a stable JSON structure, please use Spring Data's PagedModel (globally via @EnableSpringDataWebSupport(pageSerializationMode = VIA_DTO))
	or Spring HATEOAS and Spring Data's PagedResourcesAssembler as documented in https://docs.spring.io/spring-data/commons/reference/repositories/core-extensions.html#core.web.pageables.

2026-04-01 20:13:22 [http-nio-8080-exec-8] INFO  com.gyan.util.RequestLoggingFilter - Request 31d43cdb-0d1e-4984-a854-e2f975d4fd0b completed with status 200
2026-04-01 20:13:22 [http-nio-8080-exec-2] INFO  com.gyan.util.RequestLoggingFilter - Request 906547e7-00e7-47b6-8b7e-521ee2172e91 started: GET /documents/chats/6
2026-04-01 20:13:22 [http-nio-8080-exec-2] INFO  com.gyan.util.RequestLoggingFilter - Request 906547e7-00e7-47b6-8b7e-521ee2172e91 completed with status 200
2026-04-01 20:13:31 [http-nio-8080-exec-3] INFO  com.gyan.util.RequestLoggingFilter - Request 24b90301-99e6-43f2-b2d7-753918edc45d started: POST /documents/chats/6/upload
2026-04-01 20:13:31 [http-nio-8080-exec-3] INFO  org.apache.kafka.clients.producer.ProducerConfig - ProducerConfig values: 
	acks = -1
	auto.include.jmx.reporter = true
	batch.size = 16384
	bootstrap.servers = [localhost:9092]
	buffer.memory = 33554432
	client.dns.lookup = use_all_dns_ips
	client.id = gyan-producer-1
	compression.type = none
	connections.max.idle.ms = 540000
	delivery.timeout.ms = 120000
	enable.idempotence = true
	enable.metrics.push = true
	interceptor.classes = []
	key.serializer = class org.apache.kafka.common.serialization.StringSerializer
	linger.ms = 0
	max.block.ms = 60000
	max.in.flight.requests.per.connection = 5
	max.request.size = 1048576
	metadata.max.age.ms = 300000
	metadata.max.idle.ms = 300000
	metric.reporters = []
	metrics.num.samples = 2
	metrics.recording.level = INFO
	metrics.sample.window.ms = 30000
	partitioner.adaptive.partitioning.enable = true
	partitioner.availability.timeout.ms = 0
	partitioner.class = null
	partitioner.ignore.keys = false
	receive.buffer.bytes = 32768
	reconnect.backoff.max.ms = 1000
	reconnect.backoff.ms = 50
	request.timeout.ms = 30000
	retries = 2147483647
	retry.backoff.max.ms = 1000
	retry.backoff.ms = 100
	sasl.client.callback.handler.class = null
	sasl.jaas.config = null
	sasl.kerberos.kinit.cmd = /usr/bin/kinit
	sasl.kerberos.min.time.before.relogin = 60000
	sasl.kerberos.service.name = null
	sasl.kerberos.ticket.renew.jitter = 0.05
	sasl.kerberos.ticket.renew.window.factor = 0.8
	sasl.login.callback.handler.class = null
	sasl.login.class = null
	sasl.login.connect.timeout.ms = null
	sasl.login.read.timeout.ms = null
	sasl.login.refresh.buffer.seconds = 300
	sasl.login.refresh.min.period.seconds = 60
	sasl.login.refresh.window.factor = 0.8
	sasl.login.refresh.window.jitter = 0.05
	sasl.login.retry.backoff.max.ms = 10000
	sasl.login.retry.backoff.ms = 100
	sasl.mechanism = GSSAPI
	sasl.oauthbearer.clock.skew.seconds = 30
	sasl.oauthbearer.expected.audience = null
	sasl.oauthbearer.expected.issuer = null
	sasl.oauthbearer.jwks.endpoint.refresh.ms = 3600000
	sasl.oauthbearer.jwks.endpoint.retry.backoff.max.ms = 10000
	sasl.oauthbearer.jwks.endpoint.retry.backoff.ms = 100
	sasl.oauthbearer.jwks.endpoint.url = null
	sasl.oauthbearer.scope.claim.name = scope
	sasl.oauthbearer.sub.claim.name = sub
	sasl.oauthbearer.token.endpoint.url = null
	security.protocol = PLAINTEXT
	security.providers = null
	send.buffer.bytes = 131072
	socket.connection.setup.timeout.max.ms = 30000
	socket.connection.setup.timeout.ms = 10000
	ssl.cipher.suites = null
	ssl.enabled.protocols = [TLSv1.2, TLSv1.3]
	ssl.endpoint.identification.algorithm = https
	ssl.engine.factory.class = null
	ssl.key.password = null
	ssl.keymanager.algorithm = SunX509
	ssl.keystore.certificate.chain = null
	ssl.keystore.key = null
	ssl.keystore.location = null
	ssl.keystore.password = null
	ssl.keystore.type = JKS
	ssl.protocol = TLSv1.3
	ssl.provider = null
	ssl.secure.random.implementation = null
	ssl.trustmanager.algorithm = PKIX
	ssl.truststore.certificates = null
	ssl.truststore.location = null
	ssl.truststore.password = null
	ssl.truststore.type = JKS
	transaction.timeout.ms = 60000
	transactional.id = null
	value.serializer = class org.springframework.kafka.support.serializer.JsonSerializer

2026-04-01 20:13:31 [http-nio-8080-exec-3] INFO  org.apache.kafka.common.telemetry.internals.KafkaMetricsCollector - initializing Kafka metrics collector
2026-04-01 20:13:31 [http-nio-8080-exec-3] INFO  org.apache.kafka.clients.producer.KafkaProducer - [Producer clientId=gyan-producer-1] Instantiated an idempotent producer.
2026-04-01 20:13:31 [http-nio-8080-exec-3] INFO  org.apache.kafka.common.utils.AppInfoParser - Kafka version: 3.7.1
2026-04-01 20:13:31 [http-nio-8080-exec-3] INFO  org.apache.kafka.common.utils.AppInfoParser - Kafka commitId: e2494e6ffb89f828
2026-04-01 20:13:31 [http-nio-8080-exec-3] INFO  org.apache.kafka.common.utils.AppInfoParser - Kafka startTimeMs: 1775054611490
2026-04-01 20:13:31 [kafka-producer-network-thread | gyan-producer-1] INFO  org.apache.kafka.clients.Metadata - [Producer clientId=gyan-producer-1] Cluster ID: phIC6OCuTGem87Ywbqq44Q
2026-04-01 20:13:31 [kafka-producer-network-thread | gyan-producer-1] INFO  org.apache.kafka.clients.producer.internals.TransactionManager - [Producer clientId=gyan-producer-1] ProducerId set to 1002 with epoch 0
2026-04-01 20:13:31 [http-nio-8080-exec-3] INFO  com.gyan.util.RequestLoggingFilter - Request 24b90301-99e6-43f2-b2d7-753918edc45d completed with status 200
2026-04-01 20:13:31 [http-nio-8080-exec-6] INFO  com.gyan.util.RequestLoggingFilter - Request f928a6c2-8e2b-4f80-82df-95127890521f started: GET /documents/chats/6
2026-04-01 20:13:31 [http-nio-8080-exec-6] INFO  com.gyan.util.RequestLoggingFilter - Request f928a6c2-8e2b-4f80-82df-95127890521f completed with status 200
2026-04-01 20:13:31 [org.springframework.kafka.KafkaListenerEndpointContainer#0-0-C-1] INFO  com.gyan.service.DocumentProcessingService - Processing document 73 of type application/pdf
2026-04-01 20:13:32 [org.springframework.kafka.KafkaListenerEndpointContainer#0-0-C-1] INFO  com.gyan.service.DocumentProcessingService - total chunks created : 5
2026-04-01 20:13:34 [org.springframework.kafka.KafkaListenerEndpointContainer#0-0-C-1] INFO  com.gyan.service.DocumentProcessingService - Index prepared for document 73
2026-04-01 20:13:38 [http-nio-8080-exec-7] INFO  com.gyan.util.RequestLoggingFilter - Request 1bed736e-6881-480a-a243-0ca96bd3a60d started: POST /ai/chats/6/ask
2026-04-01 20:13:38 [http-nio-8080-exec-7] INFO  com.gyan.service.QuestionAnswerService - Generating answers for chat 6 and question hello what is this document
2026-04-01 20:13:39 [http-nio-8080-exec-7] INFO  com.gyan.util.RequestLoggingFilter - Request 1bed736e-6881-480a-a243-0ca96bd3a60d completed with status 200
2026-04-01 20:13:50 [http-nio-8080-exec-4] INFO  com.gyan.util.RequestLoggingFilter - Request 571b5e9f-0504-4e61-a540-25b7f346a2ff started: POST /ai/chats/6/ask
2026-04-01 20:13:50 [http-nio-8080-exec-4] INFO  com.gyan.service.QuestionAnswerService - Generating answers for chat 6 and question hello what is this document summarise in 500 words
2026-04-01 20:13:51 [http-nio-8080-exec-4] INFO  com.gyan.util.RequestLoggingFilter - Request 571b5e9f-0504-4e61-a540-25b7f346a2ff completed with status 200
2026-04-01 20:14:07 [http-nio-8080-exec-10] INFO  com.gyan.util.RequestLoggingFilter - Request 8a299d98-4341-4552-9333-2980cba9df8d started: DELETE /documents/chats/6/73
2026-04-01 20:14:07 [http-nio-8080-exec-10] INFO  com.gyan.util.RequestLoggingFilter - Request 8a299d98-4341-4552-9333-2980cba9df8d completed with status 204
2026-04-01 20:14:11 [http-nio-8080-exec-9] INFO  com.gyan.util.RequestLoggingFilter - Request 0c82766a-8aea-434e-965b-e22e2804e871 started: GET /chats
2026-04-01 20:14:11 [http-nio-8080-exec-9] INFO  com.gyan.util.RequestLoggingFilter - Request 0c82766a-8aea-434e-965b-e22e2804e871 completed with status 200
2026-04-01 20:14:11 [http-nio-8080-exec-5] INFO  com.gyan.util.RequestLoggingFilter - Request 430f72eb-1aa3-4af1-9e26-879fa1350181 started: GET /chats
2026-04-01 20:14:11 [http-nio-8080-exec-5] INFO  com.gyan.util.RequestLoggingFilter - Request 430f72eb-1aa3-4af1-9e26-879fa1350181 completed with status 200
2026-04-01 20:14:14 [http-nio-8080-exec-1] INFO  com.gyan.util.RequestLoggingFilter - Request 8a611986-1833-415c-9390-3864840a67a2 started: DELETE /chats/6
2026-04-01 20:14:14 [http-nio-8080-exec-1] INFO  com.gyan.util.RequestLoggingFilter - Request 8a611986-1833-415c-9390-3864840a67a2 completed with status 204
2026-04-01 20:14:15 [http-nio-8080-exec-8] INFO  com.gyan.util.RequestLoggingFilter - Request a0d7c8f9-981d-4e93-834d-b9f19356dfcb started: GET /chats
2026-04-01 20:14:15 [http-nio-8080-exec-8] INFO  com.gyan.util.RequestLoggingFilter - Request a0d7c8f9-981d-4e93-834d-b9f19356dfcb completed with status 200
2026-04-01 20:15:33 [File Watcher] INFO  org.springframework.boot.devtools.autoconfigure.LocalDevToolsAutoConfiguration$RestartingClassPathChangeChangedEventListener - Restarting due to 3 class path changes (0 additions, 0 deletions, 3 modifications)
2026-04-01 20:15:33 [org.springframework.kafka.KafkaListenerEndpointContainer#0-0-C-1] INFO  org.apache.kafka.clients.consumer.internals.ConsumerRebalanceListenerInvoker - [Consumer clientId=consumer-document-workers-1, groupId=document-workers] Revoke previously assigned partitions document-uploaded-0, document-uploaded-1, document-uploaded-2
2026-04-01 20:15:33 [org.springframework.kafka.KafkaListenerEndpointContainer#0-0-C-1] INFO  org.springframework.kafka.listener.KafkaMessageListenerContainer - document-workers: partitions revoked: [document-uploaded-0, document-uploaded-1, document-uploaded-2]
2026-04-01 20:15:33 [org.springframework.kafka.KafkaListenerEndpointContainer#0-0-C-1] INFO  org.apache.kafka.clients.consumer.internals.ConsumerCoordinator - [Consumer clientId=consumer-document-workers-1, groupId=document-workers] Member consumer-document-workers-1-106ee2db-f366-40d3-880f-fb14ef4d1b77 sending LeaveGroup request to coordinator localhost:9092 (id: 2147483646 rack: null) due to the consumer unsubscribed from all topics
2026-04-01 20:15:33 [org.springframework.kafka.KafkaListenerEndpointContainer#0-0-C-1] INFO  org.apache.kafka.clients.consumer.internals.ConsumerCoordinator - [Consumer clientId=consumer-document-workers-1, groupId=document-workers] Resetting generation and member id due to: consumer pro-actively leaving the group
2026-04-01 20:15:33 [org.springframework.kafka.KafkaListenerEndpointContainer#0-0-C-1] INFO  org.apache.kafka.clients.consumer.internals.ConsumerCoordinator - [Consumer clientId=consumer-document-workers-1, groupId=document-workers] Request joining group due to: consumer pro-actively leaving the group
2026-04-01 20:15:33 [org.springframework.kafka.KafkaListenerEndpointContainer#0-0-C-1] INFO  org.apache.kafka.clients.consumer.internals.LegacyKafkaConsumer - [Consumer clientId=consumer-document-workers-1, groupId=document-workers] Unsubscribed all topics or patterns and assigned partitions
2026-04-01 20:15:33 [org.springframework.kafka.KafkaListenerEndpointContainer#0-0-C-1] INFO  org.apache.kafka.clients.consumer.internals.ConsumerCoordinator - [Consumer clientId=consumer-document-workers-1, groupId=document-workers] Resetting generation and member id due to: consumer pro-actively leaving the group
2026-04-01 20:15:33 [org.springframework.kafka.KafkaListenerEndpointContainer#0-0-C-1] INFO  org.apache.kafka.clients.consumer.internals.ConsumerCoordinator - [Consumer clientId=consumer-document-workers-1, groupId=document-workers] Request joining group due to: consumer pro-actively leaving the group
2026-04-01 20:15:34 [org.springframework.kafka.KafkaListenerEndpointContainer#0-0-C-1] INFO  org.apache.kafka.common.metrics.Metrics - Metrics scheduler closed
2026-04-01 20:15:34 [org.springframework.kafka.KafkaListenerEndpointContainer#0-0-C-1] INFO  org.apache.kafka.common.metrics.Metrics - Closing reporter org.apache.kafka.common.metrics.JmxReporter
2026-04-01 20:15:34 [org.springframework.kafka.KafkaListenerEndpointContainer#0-0-C-1] INFO  org.apache.kafka.common.metrics.Metrics - Closing reporter org.apache.kafka.common.telemetry.internals.ClientTelemetryReporter
2026-04-01 20:15:34 [org.springframework.kafka.KafkaListenerEndpointContainer#0-0-C-1] INFO  org.apache.kafka.common.metrics.Metrics - Metrics reporters closed
2026-04-01 20:15:34 [org.springframework.kafka.KafkaListenerEndpointContainer#0-0-C-1] INFO  org.apache.kafka.common.utils.AppInfoParser - App info kafka.consumer for consumer-document-workers-1 unregistered
2026-04-01 20:15:34 [org.springframework.kafka.KafkaListenerEndpointContainer#0-0-C-1] INFO  org.springframework.kafka.listener.KafkaMessageListenerContainer - document-workers: Consumer stopped
2026-04-01 20:15:34 [Thread-5] INFO  org.apache.coyote.http11.Http11NioProtocol - Stopping ProtocolHandler ["http-nio-8080"]
2026-04-01 20:15:34 [Thread-5] INFO  org.apache.kafka.clients.producer.KafkaProducer - [Producer clientId=gyan-producer-1] Closing the Kafka producer with timeoutMillis = 30000 ms.
2026-04-01 20:15:34 [Thread-5] INFO  org.apache.kafka.common.metrics.Metrics - Metrics scheduler closed
2026-04-01 20:15:34 [Thread-5] INFO  org.apache.kafka.common.metrics.Metrics - Closing reporter org.apache.kafka.common.metrics.JmxReporter
2026-04-01 20:15:34 [Thread-5] INFO  org.apache.kafka.common.metrics.Metrics - Closing reporter org.apache.kafka.common.telemetry.internals.ClientTelemetryReporter
2026-04-01 20:15:34 [Thread-5] INFO  org.apache.kafka.common.metrics.Metrics - Metrics reporters closed
2026-04-01 20:15:34 [Thread-5] INFO  org.apache.kafka.common.utils.AppInfoParser - App info kafka.producer for gyan-producer-1 unregistered
2026-04-01 20:15:34 [Thread-5] INFO  org.springframework.orm.jpa.LocalContainerEntityManagerFactoryBean - Closing JPA EntityManagerFactory for persistence unit 'default'
2026-04-01 20:15:34 [Thread-5] INFO  com.zaxxer.hikari.HikariDataSource - HikariPool-1 - Shutdown initiated...
2026-04-01 20:15:34 [Thread-5] INFO  com.zaxxer.hikari.HikariDataSource - HikariPool-1 - Shutdown completed.
2026-04-01 20:15:34 [restartedMain] INFO  com.gyan.GyanApplication - Starting GyanApplication using Java 21.0.8 with PID 37352 (C:\Users\manjk\OneDrive\Desktop\Discipline\gyan\backend\target\classes started by manjk in C:\Users\manjk\OneDrive\Desktop\Discipline\gyan\backend)
2026-04-01 20:15:34 [restartedMain] INFO  com.gyan.GyanApplication - No active profile set, falling back to 1 default profile: "default"
2026-04-01 20:15:34 [restartedMain] INFO  org.springframework.data.repository.config.RepositoryConfigurationDelegate - Multiple Spring Data modules found, entering strict repository configuration mode
2026-04-01 20:15:34 [restartedMain] INFO  org.springframework.data.repository.config.RepositoryConfigurationDelegate - Bootstrapping Spring Data Elasticsearch repositories in DEFAULT mode.
2026-04-01 20:15:35 [restartedMain] INFO  org.springframework.data.repository.config.RepositoryConfigurationExtensionSupport - Spring Data Elasticsearch - Could not safely identify store assignment for repository candidate interface com.gyan.repository.ChatRepository; If you want this repository to be a Elasticsearch repository, consider annotating your entities with one of these annotations: org.springframework.data.elasticsearch.annotations.Document (preferred), or consider extending one of the following types with your repository: org.springframework.data.elasticsearch.repository.ElasticsearchRepository
2026-04-01 20:15:35 [restartedMain] INFO  org.springframework.data.repository.config.RepositoryConfigurationExtensionSupport - Spring Data Elasticsearch - Could not safely identify store assignment for repository candidate interface com.gyan.repository.DocumentChunkRepository; If you want this repository to be a Elasticsearch repository, consider annotating your entities with one of these annotations: org.springframework.data.elasticsearch.annotations.Document (preferred), or consider extending one of the following types with your repository: org.springframework.data.elasticsearch.repository.ElasticsearchRepository
2026-04-01 20:15:35 [restartedMain] INFO  org.springframework.data.repository.config.RepositoryConfigurationExtensionSupport - Spring Data Elasticsearch - Could not safely identify store assignment for repository candidate interface com.gyan.repository.DocumentRepository; If you want this repository to be a Elasticsearch repository, consider annotating your entities with one of these annotations: org.springframework.data.elasticsearch.annotations.Document (preferred), or consider extending one of the following types with your repository: org.springframework.data.elasticsearch.repository.ElasticsearchRepository
2026-04-01 20:15:35 [restartedMain] INFO  org.springframework.data.repository.config.RepositoryConfigurationExtensionSupport - Spring Data Elasticsearch - Could not safely identify store assignment for repository candidate interface com.gyan.repository.UserRepository; If you want this repository to be a Elasticsearch repository, consider annotating your entities with one of these annotations: org.springframework.data.elasticsearch.annotations.Document (preferred), or consider extending one of the following types with your repository: org.springframework.data.elasticsearch.repository.ElasticsearchRepository
2026-04-01 20:15:35 [restartedMain] INFO  org.springframework.data.repository.config.RepositoryConfigurationDelegate - Finished Spring Data repository scanning in 44 ms. Found 1 Elasticsearch repository interface.
2026-04-01 20:15:35 [restartedMain] INFO  org.springframework.data.repository.config.RepositoryConfigurationDelegate - Multiple Spring Data modules found, entering strict repository configuration mode
2026-04-01 20:15:35 [restartedMain] INFO  org.springframework.data.repository.config.RepositoryConfigurationDelegate - Bootstrapping Spring Data JPA repositories in DEFAULT mode.
2026-04-01 20:15:35 [restartedMain] INFO  org.springframework.data.repository.config.RepositoryConfigurationExtensionSupport - Spring Data JPA - Could not safely identify store assignment for repository candidate interface com.gyan.repository.DocumentSearchRepository; If you want this repository to be a JPA repository, consider annotating your entities with one of these annotations: jakarta.persistence.Entity, jakarta.persistence.MappedSuperclass (preferred), or consider extending one of the following types with your repository: org.springframework.data.jpa.repository.JpaRepository
2026-04-01 20:15:35 [restartedMain] INFO  org.springframework.data.repository.config.RepositoryConfigurationDelegate - Finished Spring Data repository scanning in 44 ms. Found 4 JPA repository interfaces.
2026-04-01 20:15:35 [restartedMain] INFO  org.springframework.boot.web.embedded.tomcat.TomcatWebServer - Tomcat initialized with port 8080 (http)
2026-04-01 20:15:35 [restartedMain] INFO  org.apache.coyote.http11.Http11NioProtocol - Initializing ProtocolHandler ["http-nio-8080"]
2026-04-01 20:15:35 [restartedMain] INFO  org.apache.catalina.core.StandardService - Starting service [Tomcat]
2026-04-01 20:15:35 [restartedMain] INFO  org.apache.catalina.core.StandardEngine - Starting Servlet engine: [Apache Tomcat/10.1.31]
2026-04-01 20:15:35 [restartedMain] INFO  org.apache.catalina.core.ContainerBase.[Tomcat].[localhost].[/] - Initializing Spring embedded WebApplicationContext
2026-04-01 20:15:35 [restartedMain] INFO  org.springframework.boot.web.servlet.context.ServletWebServerApplicationContext - Root WebApplicationContext: initialization completed in 1256 ms
2026-04-01 20:15:35 [restartedMain] INFO  org.hibernate.jpa.internal.util.LogHelper - HHH000204: Processing PersistenceUnitInfo [name: default]
2026-04-01 20:15:35 [restartedMain] INFO  org.hibernate.cache.internal.RegionFactoryInitiator - HHH000026: Second-level cache disabled
2026-04-01 20:15:35 [restartedMain] INFO  org.springframework.orm.jpa.persistenceunit.SpringPersistenceUnitInfo - No LoadTimeWeaver setup: ignoring JPA class transformer
2026-04-01 20:15:35 [restartedMain] INFO  com.zaxxer.hikari.HikariDataSource - HikariPool-2 - Starting...
2026-04-01 20:15:35 [restartedMain] INFO  com.zaxxer.hikari.pool.HikariPool - HikariPool-2 - Added connection org.postgresql.jdbc.PgConnection@781e6243
2026-04-01 20:15:35 [restartedMain] INFO  com.zaxxer.hikari.HikariDataSource - HikariPool-2 - Start completed.
2026-04-01 20:15:35 [restartedMain] WARN  org.hibernate.orm.deprecation - HHH90000025: PostgreSQLDialect does not need to be specified explicitly using 'hibernate.dialect' (remove the property setting and it will be selected by default)
2026-04-01 20:15:35 [restartedMain] INFO  org.hibernate.engine.transaction.jta.platform.internal.JtaPlatformInitiator - HHH000489: No JTA platform available (set 'hibernate.transaction.jta.platform' to enable JTA platform integration)
2026-04-01 20:15:36 [restartedMain] INFO  org.springframework.orm.jpa.LocalContainerEntityManagerFactoryBean - Initialized JPA EntityManagerFactory for persistence unit 'default'
2026-04-01 20:15:36 [restartedMain] INFO  org.springframework.boot.devtools.autoconfigure.OptionalLiveReloadServer - LiveReload server is running on port 35729
2026-04-01 20:15:36 [restartedMain] WARN  org.springframework.boot.autoconfigure.orm.jpa.JpaBaseConfiguration$JpaWebConfiguration - spring.jpa.open-in-view is enabled by default. Therefore, database queries may be performed during view rendering. Explicitly configure spring.jpa.open-in-view to disable this warning
2026-04-01 20:15:36 [restartedMain] WARN  org.springframework.boot.autoconfigure.security.servlet.UserDetailsServiceAutoConfiguration - 

Using generated security password: 31604519-42e2-4e9a-b95e-ade8377db7a4

This generated password is for development use only. Your security configuration must be updated before running your application in production.

2026-04-01 20:15:36 [restartedMain] INFO  org.springframework.security.config.annotation.authentication.configuration.InitializeUserDetailsBeanManagerConfigurer$InitializeUserDetailsManagerConfigurer - Global AuthenticationManager configured with UserDetailsService bean with name inMemoryUserDetailsManager
2026-04-01 20:15:36 [restartedMain] INFO  org.apache.kafka.clients.admin.AdminClientConfig - AdminClientConfig values: 
	auto.include.jmx.reporter = true
	bootstrap.controllers = []
	bootstrap.servers = [localhost:9092]
	client.dns.lookup = use_all_dns_ips
	client.id = gyan-admin-1
	connections.max.idle.ms = 300000
	default.api.timeout.ms = 60000
	enable.metrics.push = true
	metadata.max.age.ms = 300000
	metric.reporters = []
	metrics.num.samples = 2
	metrics.recording.level = INFO
	metrics.sample.window.ms = 30000
	receive.buffer.bytes = 65536
	reconnect.backoff.max.ms = 1000
	reconnect.backoff.ms = 50
	request.timeout.ms = 30000
	retries = 2147483647
	retry.backoff.max.ms = 1000
	retry.backoff.ms = 100
	sasl.client.callback.handler.class = null
	sasl.jaas.config = null
	sasl.kerberos.kinit.cmd = /usr/bin/kinit
	sasl.kerberos.min.time.before.relogin = 60000
	sasl.kerberos.service.name = null
	sasl.kerberos.ticket.renew.jitter = 0.05
	sasl.kerberos.ticket.renew.window.factor = 0.8
	sasl.login.callback.handler.class = null
	sasl.login.class = null
	sasl.login.connect.timeout.ms = null
	sasl.login.read.timeout.ms = null
	sasl.login.refresh.buffer.seconds = 300
	sasl.login.refresh.min.period.seconds = 60
	sasl.login.refresh.window.factor = 0.8
	sasl.login.refresh.window.jitter = 0.05
	sasl.login.retry.backoff.max.ms = 10000
	sasl.login.retry.backoff.ms = 100
	sasl.mechanism = GSSAPI
	sasl.oauthbearer.clock.skew.seconds = 30
	sasl.oauthbearer.expected.audience = null
	sasl.oauthbearer.expected.issuer = null
	sasl.oauthbearer.jwks.endpoint.refresh.ms = 3600000
	sasl.oauthbearer.jwks.endpoint.retry.backoff.max.ms = 10000
	sasl.oauthbearer.jwks.endpoint.retry.backoff.ms = 100
	sasl.oauthbearer.jwks.endpoint.url = null
	sasl.oauthbearer.scope.claim.name = scope
	sasl.oauthbearer.sub.claim.name = sub
	sasl.oauthbearer.token.endpoint.url = null
	security.protocol = PLAINTEXT
	security.providers = null
	send.buffer.bytes = 131072
	socket.connection.setup.timeout.max.ms = 30000
	socket.connection.setup.timeout.ms = 10000
	ssl.cipher.suites = null
	ssl.enabled.protocols = [TLSv1.2, TLSv1.3]
	ssl.endpoint.identification.algorithm = https
	ssl.engine.factory.class = null
	ssl.key.password = null
	ssl.keymanager.algorithm = SunX509
	ssl.keystore.certificate.chain = null
	ssl.keystore.key = null
	ssl.keystore.location = null
	ssl.keystore.password = null
	ssl.keystore.type = JKS
	ssl.protocol = TLSv1.3
	ssl.provider = null
	ssl.secure.random.implementation = null
	ssl.trustmanager.algorithm = PKIX
	ssl.truststore.certificates = null
	ssl.truststore.location = null
	ssl.truststore.password = null
	ssl.truststore.type = JKS

2026-04-01 20:15:36 [restartedMain] INFO  org.apache.kafka.common.utils.AppInfoParser - Kafka version: 3.7.1
2026-04-01 20:15:36 [restartedMain] INFO  org.apache.kafka.common.utils.AppInfoParser - Kafka commitId: e2494e6ffb89f828
2026-04-01 20:15:36 [restartedMain] INFO  org.apache.kafka.common.utils.AppInfoParser - Kafka startTimeMs: 1775054736916
2026-04-01 20:15:36 [kafka-admin-client-thread | gyan-admin-1] INFO  org.apache.kafka.common.utils.AppInfoParser - App info kafka.admin.client for gyan-admin-1 unregistered
2026-04-01 20:15:36 [kafka-admin-client-thread | gyan-admin-1] INFO  org.apache.kafka.common.metrics.Metrics - Metrics scheduler closed
2026-04-01 20:15:36 [kafka-admin-client-thread | gyan-admin-1] INFO  org.apache.kafka.common.metrics.Metrics - Closing reporter org.apache.kafka.common.metrics.JmxReporter
2026-04-01 20:15:36 [kafka-admin-client-thread | gyan-admin-1] INFO  org.apache.kafka.common.metrics.Metrics - Metrics reporters closed
2026-04-01 20:15:36 [restartedMain] INFO  org.apache.coyote.http11.Http11NioProtocol - Starting ProtocolHandler ["http-nio-8080"]
2026-04-01 20:15:36 [restartedMain] INFO  org.springframework.boot.web.embedded.tomcat.TomcatWebServer - Tomcat started on port 8080 (http) with context path '/'
2026-04-01 20:15:36 [restartedMain] INFO  org.apache.kafka.clients.consumer.ConsumerConfig - ConsumerConfig values: 
	allow.auto.create.topics = true
	auto.commit.interval.ms = 5000
	auto.include.jmx.reporter = true
	auto.offset.reset = earliest
	bootstrap.servers = [localhost:9092]
	check.crcs = true
	client.dns.lookup = use_all_dns_ips
	client.id = consumer-document-workers-2
	client.rack = 
	connections.max.idle.ms = 540000
	default.api.timeout.ms = 60000
	enable.auto.commit = false
	enable.metrics.push = true
	exclude.internal.topics = true
	fetch.max.bytes = 52428800
	fetch.max.wait.ms = 500
	fetch.min.bytes = 1
	group.id = document-workers
	group.instance.id = null
	group.protocol = classic
	group.remote.assignor = null
	heartbeat.interval.ms = 3000
	interceptor.classes = []
	internal.leave.group.on.close = true
	internal.throw.on.fetch.stable.offset.unsupported = false
	isolation.level = read_uncommitted
	key.deserializer = class org.apache.kafka.common.serialization.StringDeserializer
	max.partition.fetch.bytes = 1048576
	max.poll.interval.ms = 300000
	max.poll.records = 500
	metadata.max.age.ms = 300000
	metric.reporters = []
	metrics.num.samples = 2
	metrics.recording.level = INFO
	metrics.sample.window.ms = 30000
	partition.assignment.strategy = [class org.apache.kafka.clients.consumer.RangeAssignor, class org.apache.kafka.clients.consumer.CooperativeStickyAssignor]
	receive.buffer.bytes = 65536
	reconnect.backoff.max.ms = 1000
	reconnect.backoff.ms = 50
	request.timeout.ms = 30000
	retry.backoff.max.ms = 1000
	retry.backoff.ms = 100
	sasl.client.callback.handler.class = null
	sasl.jaas.config = null
	sasl.kerberos.kinit.cmd = /usr/bin/kinit
	sasl.kerberos.min.time.before.relogin = 60000
	sasl.kerberos.service.name = null
	sasl.kerberos.ticket.renew.jitter = 0.05
	sasl.kerberos.ticket.renew.window.factor = 0.8
	sasl.login.callback.handler.class = null
	sasl.login.class = null
	sasl.login.connect.timeout.ms = null
	sasl.login.read.timeout.ms = null
	sasl.login.refresh.buffer.seconds = 300
	sasl.login.refresh.min.period.seconds = 60
	sasl.login.refresh.window.factor = 0.8
	sasl.login.refresh.window.jitter = 0.05
	sasl.login.retry.backoff.max.ms = 10000
	sasl.login.retry.backoff.ms = 100
	sasl.mechanism = GSSAPI
	sasl.oauthbearer.clock.skew.seconds = 30
	sasl.oauthbearer.expected.audience = null
	sasl.oauthbearer.expected.issuer = null
	sasl.oauthbearer.jwks.endpoint.refresh.ms = 3600000
	sasl.oauthbearer.jwks.endpoint.retry.backoff.max.ms = 10000
	sasl.oauthbearer.jwks.endpoint.retry.backoff.ms = 100
	sasl.oauthbearer.jwks.endpoint.url = null
	sasl.oauthbearer.scope.claim.name = scope
	sasl.oauthbearer.sub.claim.name = sub
	sasl.oauthbearer.token.endpoint.url = null
	security.protocol = PLAINTEXT
	security.providers = null
	send.buffer.bytes = 131072
	session.timeout.ms = 45000
	socket.connection.setup.timeout.max.ms = 30000
	socket.connection.setup.timeout.ms = 10000
	ssl.cipher.suites = null
	ssl.enabled.protocols = [TLSv1.2, TLSv1.3]
	ssl.endpoint.identification.algorithm = https
	ssl.engine.factory.class = null
	ssl.key.password = null
	ssl.keymanager.algorithm = SunX509
	ssl.keystore.certificate.chain = null
	ssl.keystore.key = null
	ssl.keystore.location = null
	ssl.keystore.password = null
	ssl.keystore.type = JKS
	ssl.protocol = TLSv1.3
	ssl.provider = null
	ssl.secure.random.implementation = null
	ssl.trustmanager.algorithm = PKIX
	ssl.truststore.certificates = null
	ssl.truststore.location = null
	ssl.truststore.password = null
	ssl.truststore.type = JKS
	value.deserializer = class org.springframework.kafka.support.serializer.JsonDeserializer

2026-04-01 20:15:36 [restartedMain] INFO  org.apache.kafka.common.telemetry.internals.KafkaMetricsCollector - initializing Kafka metrics collector
2026-04-01 20:15:36 [restartedMain] INFO  org.apache.kafka.common.utils.AppInfoParser - Kafka version: 3.7.1
2026-04-01 20:15:36 [restartedMain] INFO  org.apache.kafka.common.utils.AppInfoParser - Kafka commitId: e2494e6ffb89f828
2026-04-01 20:15:36 [restartedMain] INFO  org.apache.kafka.common.utils.AppInfoParser - Kafka startTimeMs: 1775054736969
2026-04-01 20:15:36 [restartedMain] INFO  org.apache.kafka.clients.consumer.internals.LegacyKafkaConsumer - [Consumer clientId=consumer-document-workers-2, groupId=document-workers] Subscribed to topic(s): document-uploaded
2026-04-01 20:15:36 [restartedMain] INFO  com.gyan.GyanApplication - Started GyanApplication in 2.782 seconds (process running for 185.407)
2026-04-01 20:15:36 [restartedMain] INFO  org.springframework.boot.devtools.autoconfigure.ConditionEvaluationDeltaLoggingListener - Condition evaluation unchanged
2026-04-01 20:15:36 [org.springframework.kafka.KafkaListenerEndpointContainer#0-0-C-1] INFO  org.apache.kafka.clients.Metadata - [Consumer clientId=consumer-document-workers-2, groupId=document-workers] Cluster ID: phIC6OCuTGem87Ywbqq44Q
2026-04-01 20:15:36 [org.springframework.kafka.KafkaListenerEndpointContainer#0-0-C-1] INFO  org.apache.kafka.clients.consumer.internals.ConsumerCoordinator - [Consumer clientId=consumer-document-workers-2, groupId=document-workers] Discovered group coordinator localhost:9092 (id: 2147483646 rack: null)
2026-04-01 20:15:36 [org.springframework.kafka.KafkaListenerEndpointContainer#0-0-C-1] INFO  org.apache.kafka.clients.consumer.internals.ConsumerCoordinator - [Consumer clientId=consumer-document-workers-2, groupId=document-workers] (Re-)joining group
2026-04-01 20:15:36 [org.springframework.kafka.KafkaListenerEndpointContainer#0-0-C-1] INFO  org.apache.kafka.clients.consumer.internals.ConsumerCoordinator - [Consumer clientId=consumer-document-workers-2, groupId=document-workers] Request joining group due to: need to re-join with the given member-id: consumer-document-workers-2-58807ab6-aab6-4be9-a924-04ba6b39caac
2026-04-01 20:15:36 [org.springframework.kafka.KafkaListenerEndpointContainer#0-0-C-1] INFO  org.apache.kafka.clients.consumer.internals.ConsumerCoordinator - [Consumer clientId=consumer-document-workers-2, groupId=document-workers] (Re-)joining group
2026-04-01 20:15:40 [org.springframework.kafka.KafkaListenerEndpointContainer#0-0-C-1] INFO  org.apache.kafka.clients.consumer.internals.ConsumerCoordinator - [Consumer clientId=consumer-document-workers-2, groupId=document-workers] Successfully joined group with generation Generation{generationId=32, memberId='consumer-document-workers-2-58807ab6-aab6-4be9-a924-04ba6b39caac', protocol='range'}
2026-04-01 20:15:40 [org.springframework.kafka.KafkaListenerEndpointContainer#0-0-C-1] INFO  org.apache.kafka.clients.consumer.internals.ConsumerCoordinator - [Consumer clientId=consumer-document-workers-2, groupId=document-workers] Finished assignment for group at generation 32: {consumer-document-workers-2-58807ab6-aab6-4be9-a924-04ba6b39caac=Assignment(partitions=[document-uploaded-0, document-uploaded-1, document-uploaded-2])}
2026-04-01 20:15:40 [org.springframework.kafka.KafkaListenerEndpointContainer#0-0-C-1] INFO  org.apache.kafka.clients.consumer.internals.ConsumerCoordinator - [Consumer clientId=consumer-document-workers-2, groupId=document-workers] Successfully synced group in generation Generation{generationId=32, memberId='consumer-document-workers-2-58807ab6-aab6-4be9-a924-04ba6b39caac', protocol='range'}
2026-04-01 20:15:40 [org.springframework.kafka.KafkaListenerEndpointContainer#0-0-C-1] INFO  org.apache.kafka.clients.consumer.internals.ConsumerCoordinator - [Consumer clientId=consumer-document-workers-2, groupId=document-workers] Notifying assignor about the new Assignment(partitions=[document-uploaded-0, document-uploaded-1, document-uploaded-2])
2026-04-01 20:15:40 [org.springframework.kafka.KafkaListenerEndpointContainer#0-0-C-1] INFO  org.apache.kafka.clients.consumer.internals.ConsumerRebalanceListenerInvoker - [Consumer clientId=consumer-document-workers-2, groupId=document-workers] Adding newly assigned partitions: document-uploaded-0, document-uploaded-1, document-uploaded-2
2026-04-01 20:15:40 [org.springframework.kafka.KafkaListenerEndpointContainer#0-0-C-1] INFO  org.apache.kafka.clients.consumer.internals.ConsumerCoordinator - [Consumer clientId=consumer-document-workers-2, groupId=document-workers] Found no committed offset for partition document-uploaded-1
2026-04-01 20:15:40 [org.springframework.kafka.KafkaListenerEndpointContainer#0-0-C-1] INFO  org.apache.kafka.clients.consumer.internals.ConsumerUtils - Setting offset for partition document-uploaded-2 to the committed offset FetchPosition{offset=2, offsetEpoch=Optional.empty, currentLeader=LeaderAndEpoch{leader=Optional[localhost:9092 (id: 1 rack: null)], epoch=0}}
2026-04-01 20:15:40 [org.springframework.kafka.KafkaListenerEndpointContainer#0-0-C-1] INFO  org.apache.kafka.clients.consumer.internals.ConsumerUtils - Setting offset for partition document-uploaded-0 to the committed offset FetchPosition{offset=3, offsetEpoch=Optional.empty, currentLeader=LeaderAndEpoch{leader=Optional[localhost:9092 (id: 1 rack: null)], epoch=0}}
2026-04-01 20:15:40 [org.springframework.kafka.KafkaListenerEndpointContainer#0-0-C-1] INFO  org.apache.kafka.clients.consumer.internals.SubscriptionState - [Consumer clientId=consumer-document-workers-2, groupId=document-workers] Resetting offset for partition document-uploaded-1 to position FetchPosition{offset=0, offsetEpoch=Optional.empty, currentLeader=LeaderAndEpoch{leader=Optional[localhost:9092 (id: 1 rack: null)], epoch=0}}.
2026-04-01 20:15:40 [org.springframework.kafka.KafkaListenerEndpointContainer#0-0-C-1] INFO  org.springframework.kafka.listener.KafkaMessageListenerContainer - document-workers: partitions assigned: [document-uploaded-0, document-uploaded-1, document-uploaded-2]
2026-04-01 20:18:09 [http-nio-8080-exec-1] INFO  org.apache.catalina.core.ContainerBase.[Tomcat].[localhost].[/] - Initializing Spring DispatcherServlet 'dispatcherServlet'
2026-04-01 20:18:09 [http-nio-8080-exec-1] INFO  org.springframework.web.servlet.DispatcherServlet - Initializing Servlet 'dispatcherServlet'
2026-04-01 20:18:09 [http-nio-8080-exec-1] INFO  org.springframework.web.servlet.DispatcherServlet - Completed initialization in 0 ms
2026-04-01 20:18:09 [http-nio-8080-exec-1] INFO  com.gyan.util.RequestLoggingFilter - Request 1edc4150-60e9-4d7c-8794-78016321e99a started: POST /auth/login
2026-04-01 20:18:09 [http-nio-8080-exec-1] INFO  com.gyan.util.RequestLoggingFilter - Request 1edc4150-60e9-4d7c-8794-78016321e99a completed with status 200
2026-04-01 20:18:09 [http-nio-8080-exec-2] INFO  com.gyan.util.RequestLoggingFilter - Request ac96b166-30ea-4eee-bcd7-064f2270af6d started: GET /chats
2026-04-01 20:18:09 [http-nio-8080-exec-2] INFO  com.gyan.util.RequestLoggingFilter - Request ac96b166-30ea-4eee-bcd7-064f2270af6d completed with status 200
2026-04-01 20:18:09 [http-nio-8080-exec-3] INFO  com.gyan.util.RequestLoggingFilter - Request 7305fcb8-9315-433f-917e-58fb1f28623e started: GET /chats
2026-04-01 20:18:09 [http-nio-8080-exec-3] INFO  com.gyan.util.RequestLoggingFilter - Request 7305fcb8-9315-433f-917e-58fb1f28623e completed with status 200
2026-04-01 20:21:54 [http-nio-8080-exec-4] INFO  com.gyan.util.RequestLoggingFilter - Request bcbc74c4-337c-4960-8658-2a74e78895d4 started: POST /auth/login
2026-04-01 20:21:54 [http-nio-8080-exec-4] INFO  com.gyan.util.RequestLoggingFilter - Request bcbc74c4-337c-4960-8658-2a74e78895d4 completed with status 200
2026-04-01 20:21:54 [http-nio-8080-exec-5] INFO  com.gyan.util.RequestLoggingFilter - Request ac38a0cf-c32f-4f20-874e-3e2dfed203ae started: GET /chats
2026-04-01 20:21:54 [http-nio-8080-exec-5] INFO  com.gyan.util.RequestLoggingFilter - Request ac38a0cf-c32f-4f20-874e-3e2dfed203ae completed with status 200
2026-04-01 20:21:54 [http-nio-8080-exec-6] INFO  com.gyan.util.RequestLoggingFilter - Request ec5b662c-d58c-4b6d-aa1a-7992fb95fc67 started: GET /chats
2026-04-01 20:21:54 [http-nio-8080-exec-6] INFO  com.gyan.util.RequestLoggingFilter - Request ec5b662c-d58c-4b6d-aa1a-7992fb95fc67 completed with status 200
2026-04-01 20:22:13 [http-nio-8080-exec-7] INFO  com.gyan.util.RequestLoggingFilter - Request a3f4649e-dd6b-4cdf-a5bd-2af53ced542f started: POST /chats
2026-04-01 20:22:13 [http-nio-8080-exec-7] INFO  com.gyan.util.RequestLoggingFilter - Request a3f4649e-dd6b-4cdf-a5bd-2af53ced542f completed with status 200
2026-04-01 20:22:13 [http-nio-8080-exec-8] INFO  com.gyan.util.RequestLoggingFilter - Request b9ddfbca-93cf-4a82-bea0-82a73149804e started: GET /chats
2026-04-01 20:22:13 [http-nio-8080-exec-8] INFO  com.gyan.util.RequestLoggingFilter - Request b9ddfbca-93cf-4a82-bea0-82a73149804e completed with status 200
2026-04-01 20:22:14 [http-nio-8080-exec-10] INFO  com.gyan.util.RequestLoggingFilter - Request 886bc7ee-ba09-4d35-a540-0327799b671a started: GET /documents/chats/7
2026-04-01 20:22:14 [http-nio-8080-exec-9] INFO  com.gyan.util.RequestLoggingFilter - Request dbe9acd2-df32-4fe0-a3a8-c99b56426ba5 started: GET /chats/7
2026-04-01 20:22:14 [http-nio-8080-exec-9] INFO  com.gyan.util.RequestLoggingFilter - Request dbe9acd2-df32-4fe0-a3a8-c99b56426ba5 completed with status 200
2026-04-01 20:22:14 [http-nio-8080-exec-1] INFO  com.gyan.util.RequestLoggingFilter - Request d61b267b-e1c2-4e62-b65c-892046f47904 started: GET /chats/7
2026-04-01 20:22:14 [http-nio-8080-exec-1] INFO  com.gyan.util.RequestLoggingFilter - Request d61b267b-e1c2-4e62-b65c-892046f47904 completed with status 200
2026-04-01 20:22:14 [http-nio-8080-exec-10] WARN  org.springframework.data.web.config.SpringDataJacksonConfiguration$PageModule$WarningLoggingModifier - Serializing PageImpl instances as-is is not supported, meaning that there is no guarantee about the stability of the resulting JSON structure!
	For a stable JSON structure, please use Spring Data's PagedModel (globally via @EnableSpringDataWebSupport(pageSerializationMode = VIA_DTO))
	or Spring HATEOAS and Spring Data's PagedResourcesAssembler as documented in https://docs.spring.io/spring-data/commons/reference/repositories/core-extensions.html#core.web.pageables.

2026-04-01 20:22:14 [http-nio-8080-exec-10] INFO  com.gyan.util.RequestLoggingFilter - Request 886bc7ee-ba09-4d35-a540-0327799b671a completed with status 200
2026-04-01 20:22:14 [http-nio-8080-exec-2] INFO  com.gyan.util.RequestLoggingFilter - Request 76d13e45-f247-41c7-a83c-f08e1abf0c93 started: GET /documents/chats/7
2026-04-01 20:22:14 [http-nio-8080-exec-2] INFO  com.gyan.util.RequestLoggingFilter - Request 76d13e45-f247-41c7-a83c-f08e1abf0c93 completed with status 200
2026-04-01 20:22:28 [http-nio-8080-exec-3] INFO  com.gyan.util.RequestLoggingFilter - Request 19a44ccd-ffc6-4479-8e15-f1993836ddd9 started: GET /documents/chats/7
2026-04-01 20:22:28 [http-nio-8080-exec-3] INFO  com.gyan.util.RequestLoggingFilter - Request 19a44ccd-ffc6-4479-8e15-f1993836ddd9 completed with status 200
2026-04-01 20:22:36 [http-nio-8080-exec-4] INFO  com.gyan.util.RequestLoggingFilter - Request d3c82b08-b8c0-469e-adf7-f29285dc10e5 started: GET /chats
2026-04-01 20:22:36 [http-nio-8080-exec-4] INFO  com.gyan.util.RequestLoggingFilter - Request d3c82b08-b8c0-469e-adf7-f29285dc10e5 completed with status 200
2026-04-01 20:22:36 [http-nio-8080-exec-5] INFO  com.gyan.util.RequestLoggingFilter - Request 1a55d448-135d-4945-b4ee-ab575b282c17 started: GET /chats
2026-04-01 20:22:36 [http-nio-8080-exec-5] INFO  com.gyan.util.RequestLoggingFilter - Request 1a55d448-135d-4945-b4ee-ab575b282c17 completed with status 200
2026-04-01 20:24:37 [org.springframework.kafka.KafkaListenerEndpointContainer#0-0-C-1] INFO  org.apache.kafka.clients.NetworkClient - [Consumer clientId=consumer-document-workers-2, groupId=document-workers] Node -1 disconnected.
2026-04-01 20:29:52 [File Watcher] INFO  org.springframework.boot.devtools.autoconfigure.LocalDevToolsAutoConfiguration$RestartingClassPathChangeChangedEventListener - Restarting due to 10 class path changes (4 additions, 0 deletions, 6 modifications)
2026-04-01 20:29:52 [org.springframework.kafka.KafkaListenerEndpointContainer#0-0-C-1] INFO  org.apache.kafka.clients.consumer.internals.ConsumerRebalanceListenerInvoker - [Consumer clientId=consumer-document-workers-2, groupId=document-workers] Revoke previously assigned partitions document-uploaded-0, document-uploaded-1, document-uploaded-2
2026-04-01 20:29:52 [org.springframework.kafka.KafkaListenerEndpointContainer#0-0-C-1] INFO  org.springframework.kafka.listener.KafkaMessageListenerContainer - document-workers: partitions revoked: [document-uploaded-0, document-uploaded-1, document-uploaded-2]
2026-04-01 20:29:52 [org.springframework.kafka.KafkaListenerEndpointContainer#0-0-C-1] INFO  org.apache.kafka.clients.consumer.internals.ConsumerCoordinator - [Consumer clientId=consumer-document-workers-2, groupId=document-workers] Member consumer-document-workers-2-58807ab6-aab6-4be9-a924-04ba6b39caac sending LeaveGroup request to coordinator localhost:9092 (id: 2147483646 rack: null) due to the consumer unsubscribed from all topics
2026-04-01 20:29:52 [org.springframework.kafka.KafkaListenerEndpointContainer#0-0-C-1] INFO  org.apache.kafka.clients.consumer.internals.ConsumerCoordinator - [Consumer clientId=consumer-document-workers-2, groupId=document-workers] Resetting generation and member id due to: consumer pro-actively leaving the group
2026-04-01 20:29:52 [org.springframework.kafka.KafkaListenerEndpointContainer#0-0-C-1] INFO  org.apache.kafka.clients.consumer.internals.ConsumerCoordinator - [Consumer clientId=consumer-document-workers-2, groupId=document-workers] Request joining group due to: consumer pro-actively leaving the group
2026-04-01 20:29:52 [org.springframework.kafka.KafkaListenerEndpointContainer#0-0-C-1] INFO  org.apache.kafka.clients.consumer.internals.LegacyKafkaConsumer - [Consumer clientId=consumer-document-workers-2, groupId=document-workers] Unsubscribed all topics or patterns and assigned partitions
2026-04-01 20:29:52 [org.springframework.kafka.KafkaListenerEndpointContainer#0-0-C-1] INFO  org.apache.kafka.clients.consumer.internals.ConsumerCoordinator - [Consumer clientId=consumer-document-workers-2, groupId=document-workers] Resetting generation and member id due to: consumer pro-actively leaving the group
2026-04-01 20:29:52 [org.springframework.kafka.KafkaListenerEndpointContainer#0-0-C-1] INFO  org.apache.kafka.clients.consumer.internals.ConsumerCoordinator - [Consumer clientId=consumer-document-workers-2, groupId=document-workers] Request joining group due to: consumer pro-actively leaving the group
2026-04-01 20:29:52 [org.springframework.kafka.KafkaListenerEndpointContainer#0-0-C-1] INFO  org.apache.kafka.common.metrics.Metrics - Metrics scheduler closed
2026-04-01 20:29:52 [org.springframework.kafka.KafkaListenerEndpointContainer#0-0-C-1] INFO  org.apache.kafka.common.metrics.Metrics - Closing reporter org.apache.kafka.common.metrics.JmxReporter
2026-04-01 20:29:52 [org.springframework.kafka.KafkaListenerEndpointContainer#0-0-C-1] INFO  org.apache.kafka.common.metrics.Metrics - Closing reporter org.apache.kafka.common.telemetry.internals.ClientTelemetryReporter
2026-04-01 20:29:52 [org.springframework.kafka.KafkaListenerEndpointContainer#0-0-C-1] INFO  org.apache.kafka.common.metrics.Metrics - Metrics reporters closed
2026-04-01 20:29:52 [org.springframework.kafka.KafkaListenerEndpointContainer#0-0-C-1] INFO  org.apache.kafka.common.utils.AppInfoParser - App info kafka.consumer for consumer-document-workers-2 unregistered
2026-04-01 20:29:52 [org.springframework.kafka.KafkaListenerEndpointContainer#0-0-C-1] INFO  org.springframework.kafka.listener.KafkaMessageListenerContainer - document-workers: Consumer stopped
2026-04-01 20:29:52 [Thread-8] INFO  org.apache.coyote.http11.Http11NioProtocol - Stopping ProtocolHandler ["http-nio-8080"]
2026-04-01 20:29:52 [Thread-8] INFO  org.springframework.orm.jpa.LocalContainerEntityManagerFactoryBean - Closing JPA EntityManagerFactory for persistence unit 'default'
2026-04-01 20:29:52 [Thread-8] INFO  com.zaxxer.hikari.HikariDataSource - HikariPool-2 - Shutdown initiated...
2026-04-01 20:29:52 [Thread-8] INFO  com.zaxxer.hikari.HikariDataSource - HikariPool-2 - Shutdown completed.
2026-04-01 20:29:52 [restartedMain] INFO  com.gyan.GyanApplication - Starting GyanApplication using Java 21.0.8 with PID 37352 (C:\Users\manjk\OneDrive\Desktop\Discipline\gyan\backend\target\classes started by manjk in C:\Users\manjk\OneDrive\Desktop\Discipline\gyan\backend)
2026-04-01 20:29:52 [restartedMain] INFO  com.gyan.GyanApplication - No active profile set, falling back to 1 default profile: "default"
2026-04-01 20:29:53 [restartedMain] INFO  org.springframework.data.repository.config.RepositoryConfigurationDelegate - Multiple Spring Data modules found, entering strict repository configuration mode
2026-04-01 20:29:53 [restartedMain] INFO  org.springframework.data.repository.config.RepositoryConfigurationDelegate - Bootstrapping Spring Data Elasticsearch repositories in DEFAULT mode.
2026-04-01 20:29:53 [restartedMain] INFO  org.springframework.data.repository.config.RepositoryConfigurationExtensionSupport - Spring Data Elasticsearch - Could not safely identify store assignment for repository candidate interface com.gyan.repository.ChatRepository; If you want this repository to be a Elasticsearch repository, consider annotating your entities with one of these annotations: org.springframework.data.elasticsearch.annotations.Document (preferred), or consider extending one of the following types with your repository: org.springframework.data.elasticsearch.repository.ElasticsearchRepository
2026-04-01 20:29:53 [restartedMain] INFO  org.springframework.data.repository.config.RepositoryConfigurationExtensionSupport - Spring Data Elasticsearch - Could not safely identify store assignment for repository candidate interface com.gyan.repository.DocumentChunkRepository; If you want this repository to be a Elasticsearch repository, consider annotating your entities with one of these annotations: org.springframework.data.elasticsearch.annotations.Document (preferred), or consider extending one of the following types with your repository: org.springframework.data.elasticsearch.repository.ElasticsearchRepository
2026-04-01 20:29:53 [restartedMain] INFO  org.springframework.data.repository.config.RepositoryConfigurationExtensionSupport - Spring Data Elasticsearch - Could not safely identify store assignment for repository candidate interface com.gyan.repository.DocumentRepository; If you want this repository to be a Elasticsearch repository, consider annotating your entities with one of these annotations: org.springframework.data.elasticsearch.annotations.Document (preferred), or consider extending one of the following types with your repository: org.springframework.data.elasticsearch.repository.ElasticsearchRepository
2026-04-01 20:29:53 [restartedMain] INFO  org.springframework.data.repository.config.RepositoryConfigurationExtensionSupport - Spring Data Elasticsearch - Could not safely identify store assignment for repository candidate interface com.gyan.repository.RefreshTokenRepository; If you want this repository to be a Elasticsearch repository, consider annotating your entities with one of these annotations: org.springframework.data.elasticsearch.annotations.Document (preferred), or consider extending one of the following types with your repository: org.springframework.data.elasticsearch.repository.ElasticsearchRepository
2026-04-01 20:29:53 [restartedMain] INFO  org.springframework.data.repository.config.RepositoryConfigurationExtensionSupport - Spring Data Elasticsearch - Could not safely identify store assignment for repository candidate interface com.gyan.repository.UserRepository; If you want this repository to be a Elasticsearch repository, consider annotating your entities with one of these annotations: org.springframework.data.elasticsearch.annotations.Document (preferred), or consider extending one of the following types with your repository: org.springframework.data.elasticsearch.repository.ElasticsearchRepository
2026-04-01 20:29:53 [restartedMain] INFO  org.springframework.data.repository.config.RepositoryConfigurationDelegate - Finished Spring Data repository scanning in 80 ms. Found 1 Elasticsearch repository interface.
2026-04-01 20:29:53 [restartedMain] INFO  org.springframework.data.repository.config.RepositoryConfigurationDelegate - Multiple Spring Data modules found, entering strict repository configuration mode
2026-04-01 20:29:53 [restartedMain] INFO  org.springframework.data.repository.config.RepositoryConfigurationDelegate - Bootstrapping Spring Data JPA repositories in DEFAULT mode.
2026-04-01 20:29:53 [restartedMain] INFO  org.springframework.data.repository.config.RepositoryConfigurationExtensionSupport - Spring Data JPA - Could not safely identify store assignment for repository candidate interface com.gyan.repository.DocumentSearchRepository; If you want this repository to be a JPA repository, consider annotating your entities with one of these annotations: jakarta.persistence.Entity, jakarta.persistence.MappedSuperclass (preferred), or consider extending one of the following types with your repository: org.springframework.data.jpa.repository.JpaRepository
2026-04-01 20:29:53 [restartedMain] INFO  org.springframework.data.repository.config.RepositoryConfigurationDelegate - Finished Spring Data repository scanning in 56 ms. Found 5 JPA repository interfaces.
2026-04-01 20:29:54 [restartedMain] INFO  org.springframework.boot.web.embedded.tomcat.TomcatWebServer - Tomcat initialized with port 8080 (http)
2026-04-01 20:29:54 [restartedMain] INFO  org.apache.coyote.http11.Http11NioProtocol - Initializing ProtocolHandler ["http-nio-8080"]
2026-04-01 20:29:54 [restartedMain] INFO  org.apache.catalina.core.StandardService - Starting service [Tomcat]
2026-04-01 20:29:54 [restartedMain] INFO  org.apache.catalina.core.StandardEngine - Starting Servlet engine: [Apache Tomcat/10.1.31]
2026-04-01 20:29:54 [restartedMain] INFO  org.apache.catalina.core.ContainerBase.[Tomcat].[localhost].[/] - Initializing Spring embedded WebApplicationContext
2026-04-01 20:29:54 [restartedMain] INFO  org.springframework.boot.web.servlet.context.ServletWebServerApplicationContext - Root WebApplicationContext: initialization completed in 1499 ms
2026-04-01 20:29:54 [restartedMain] INFO  org.hibernate.jpa.internal.util.LogHelper - HHH000204: Processing PersistenceUnitInfo [name: default]
2026-04-01 20:29:54 [restartedMain] INFO  org.hibernate.cache.internal.RegionFactoryInitiator - HHH000026: Second-level cache disabled
2026-04-01 20:29:54 [restartedMain] INFO  org.springframework.orm.jpa.persistenceunit.SpringPersistenceUnitInfo - No LoadTimeWeaver setup: ignoring JPA class transformer
2026-04-01 20:29:54 [restartedMain] INFO  com.zaxxer.hikari.HikariDataSource - HikariPool-3 - Starting...
2026-04-01 20:29:54 [restartedMain] INFO  com.zaxxer.hikari.pool.HikariPool - HikariPool-3 - Added connection org.postgresql.jdbc.PgConnection@53196b72
2026-04-01 20:29:54 [restartedMain] INFO  com.zaxxer.hikari.HikariDataSource - HikariPool-3 - Start completed.
2026-04-01 20:29:54 [restartedMain] WARN  org.hibernate.orm.deprecation - HHH90000025: PostgreSQLDialect does not need to be specified explicitly using 'hibernate.dialect' (remove the property setting and it will be selected by default)
2026-04-01 20:29:54 [restartedMain] INFO  org.hibernate.engine.transaction.jta.platform.internal.JtaPlatformInitiator - HHH000489: No JTA platform available (set 'hibernate.transaction.jta.platform' to enable JTA platform integration)
2026-04-01 20:29:54 [restartedMain] INFO  org.springframework.orm.jpa.LocalContainerEntityManagerFactoryBean - Initialized JPA EntityManagerFactory for persistence unit 'default'
2026-04-01 20:29:54 [restartedMain] INFO  org.springframework.boot.devtools.autoconfigure.OptionalLiveReloadServer - LiveReload server is running on port 35729
2026-04-01 20:29:55 [restartedMain] WARN  org.springframework.boot.autoconfigure.orm.jpa.JpaBaseConfiguration$JpaWebConfiguration - spring.jpa.open-in-view is enabled by default. Therefore, database queries may be performed during view rendering. Explicitly configure spring.jpa.open-in-view to disable this warning
2026-04-01 20:29:55 [restartedMain] WARN  org.springframework.boot.autoconfigure.security.servlet.UserDetailsServiceAutoConfiguration - 

Using generated security password: b5935542-8370-4a62-9e54-372a1f1c6e7e

This generated password is for development use only. Your security configuration must be updated before running your application in production.

2026-04-01 20:29:55 [restartedMain] INFO  org.springframework.security.config.annotation.authentication.configuration.InitializeUserDetailsBeanManagerConfigurer$InitializeUserDetailsManagerConfigurer - Global AuthenticationManager configured with UserDetailsService bean with name inMemoryUserDetailsManager
2026-04-01 20:29:55 [restartedMain] INFO  org.apache.kafka.clients.admin.AdminClientConfig - AdminClientConfig values: 
	auto.include.jmx.reporter = true
	bootstrap.controllers = []
	bootstrap.servers = [localhost:9092]
	client.dns.lookup = use_all_dns_ips
	client.id = gyan-admin-2
	connections.max.idle.ms = 300000
	default.api.timeout.ms = 60000
	enable.metrics.push = true
	metadata.max.age.ms = 300000
	metric.reporters = []
	metrics.num.samples = 2
	metrics.recording.level = INFO
	metrics.sample.window.ms = 30000
	receive.buffer.bytes = 65536
	reconnect.backoff.max.ms = 1000
	reconnect.backoff.ms = 50
	request.timeout.ms = 30000
	retries = 2147483647
	retry.backoff.max.ms = 1000
	retry.backoff.ms = 100
	sasl.client.callback.handler.class = null
	sasl.jaas.config = null
	sasl.kerberos.kinit.cmd = /usr/bin/kinit
	sasl.kerberos.min.time.before.relogin = 60000
	sasl.kerberos.service.name = null
	sasl.kerberos.ticket.renew.jitter = 0.05
	sasl.kerberos.ticket.renew.window.factor = 0.8
	sasl.login.callback.handler.class = null
	sasl.login.class = null
	sasl.login.connect.timeout.ms = null
	sasl.login.read.timeout.ms = null
	sasl.login.refresh.buffer.seconds = 300
	sasl.login.refresh.min.period.seconds = 60
	sasl.login.refresh.window.factor = 0.8
	sasl.login.refresh.window.jitter = 0.05
	sasl.login.retry.backoff.max.ms = 10000
	sasl.login.retry.backoff.ms = 100
	sasl.mechanism = GSSAPI
	sasl.oauthbearer.clock.skew.seconds = 30
	sasl.oauthbearer.expected.audience = null
	sasl.oauthbearer.expected.issuer = null
	sasl.oauthbearer.jwks.endpoint.refresh.ms = 3600000
	sasl.oauthbearer.jwks.endpoint.retry.backoff.max.ms = 10000
	sasl.oauthbearer.jwks.endpoint.retry.backoff.ms = 100
	sasl.oauthbearer.jwks.endpoint.url = null
	sasl.oauthbearer.scope.claim.name = scope
	sasl.oauthbearer.sub.claim.name = sub
	sasl.oauthbearer.token.endpoint.url = null
	security.protocol = PLAINTEXT
	security.providers = null
	send.buffer.bytes = 131072
	socket.connection.setup.timeout.max.ms = 30000
	socket.connection.setup.timeout.ms = 10000
	ssl.cipher.suites = null
	ssl.enabled.protocols = [TLSv1.2, TLSv1.3]
	ssl.endpoint.identification.algorithm = https
	ssl.engine.factory.class = null
	ssl.key.password = null
	ssl.keymanager.algorithm = SunX509
	ssl.keystore.certificate.chain = null
	ssl.keystore.key = null
	ssl.keystore.location = null
	ssl.keystore.password = null
	ssl.keystore.type = JKS
	ssl.protocol = TLSv1.3
	ssl.provider = null
	ssl.secure.random.implementation = null
	ssl.trustmanager.algorithm = PKIX
	ssl.truststore.certificates = null
	ssl.truststore.location = null
	ssl.truststore.password = null
	ssl.truststore.type = JKS

2026-04-01 20:29:55 [restartedMain] INFO  org.apache.kafka.common.utils.AppInfoParser - Kafka version: 3.7.1
2026-04-01 20:29:55 [restartedMain] INFO  org.apache.kafka.common.utils.AppInfoParser - Kafka commitId: e2494e6ffb89f828
2026-04-01 20:29:55 [restartedMain] INFO  org.apache.kafka.common.utils.AppInfoParser - Kafka startTimeMs: 1775055595692
2026-04-01 20:29:55 [kafka-admin-client-thread | gyan-admin-2] INFO  org.apache.kafka.common.utils.AppInfoParser - App info kafka.admin.client for gyan-admin-2 unregistered
2026-04-01 20:29:55 [kafka-admin-client-thread | gyan-admin-2] INFO  org.apache.kafka.common.metrics.Metrics - Metrics scheduler closed
2026-04-01 20:29:55 [kafka-admin-client-thread | gyan-admin-2] INFO  org.apache.kafka.common.metrics.Metrics - Closing reporter org.apache.kafka.common.metrics.JmxReporter
2026-04-01 20:29:55 [kafka-admin-client-thread | gyan-admin-2] INFO  org.apache.kafka.common.metrics.Metrics - Metrics reporters closed
2026-04-01 20:29:55 [restartedMain] INFO  org.apache.coyote.http11.Http11NioProtocol - Starting ProtocolHandler ["http-nio-8080"]
2026-04-01 20:29:55 [restartedMain] INFO  org.springframework.boot.web.embedded.tomcat.TomcatWebServer - Tomcat started on port 8080 (http) with context path '/'
2026-04-01 20:29:55 [restartedMain] INFO  org.apache.kafka.clients.consumer.ConsumerConfig - ConsumerConfig values: 
	allow.auto.create.topics = true
	auto.commit.interval.ms = 5000
	auto.include.jmx.reporter = true
	auto.offset.reset = earliest
	bootstrap.servers = [localhost:9092]
	check.crcs = true
	client.dns.lookup = use_all_dns_ips
	client.id = consumer-document-workers-3
	client.rack = 
	connections.max.idle.ms = 540000
	default.api.timeout.ms = 60000
	enable.auto.commit = false
	enable.metrics.push = true
	exclude.internal.topics = true
	fetch.max.bytes = 52428800
	fetch.max.wait.ms = 500
	fetch.min.bytes = 1
	group.id = document-workers
	group.instance.id = null
	group.protocol = classic
	group.remote.assignor = null
	heartbeat.interval.ms = 3000
	interceptor.classes = []
	internal.leave.group.on.close = true
	internal.throw.on.fetch.stable.offset.unsupported = false
	isolation.level = read_uncommitted
	key.deserializer = class org.apache.kafka.common.serialization.StringDeserializer
	max.partition.fetch.bytes = 1048576
	max.poll.interval.ms = 300000
	max.poll.records = 500
	metadata.max.age.ms = 300000
	metric.reporters = []
	metrics.num.samples = 2
	metrics.recording.level = INFO
	metrics.sample.window.ms = 30000
	partition.assignment.strategy = [class org.apache.kafka.clients.consumer.RangeAssignor, class org.apache.kafka.clients.consumer.CooperativeStickyAssignor]
	receive.buffer.bytes = 65536
	reconnect.backoff.max.ms = 1000
	reconnect.backoff.ms = 50
	request.timeout.ms = 30000
	retry.backoff.max.ms = 1000
	retry.backoff.ms = 100
	sasl.client.callback.handler.class = null
	sasl.jaas.config = null
	sasl.kerberos.kinit.cmd = /usr/bin/kinit
	sasl.kerberos.min.time.before.relogin = 60000
	sasl.kerberos.service.name = null
	sasl.kerberos.ticket.renew.jitter = 0.05
	sasl.kerberos.ticket.renew.window.factor = 0.8
	sasl.login.callback.handler.class = null
	sasl.login.class = null
	sasl.login.connect.timeout.ms = null
	sasl.login.read.timeout.ms = null
	sasl.login.refresh.buffer.seconds = 300
	sasl.login.refresh.min.period.seconds = 60
	sasl.login.refresh.window.factor = 0.8
	sasl.login.refresh.window.jitter = 0.05
	sasl.login.retry.backoff.max.ms = 10000
	sasl.login.retry.backoff.ms = 100
	sasl.mechanism = GSSAPI
	sasl.oauthbearer.clock.skew.seconds = 30
	sasl.oauthbearer.expected.audience = null
	sasl.oauthbearer.expected.issuer = null
	sasl.oauthbearer.jwks.endpoint.refresh.ms = 3600000
	sasl.oauthbearer.jwks.endpoint.retry.backoff.max.ms = 10000
	sasl.oauthbearer.jwks.endpoint.retry.backoff.ms = 100
	sasl.oauthbearer.jwks.endpoint.url = null
	sasl.oauthbearer.scope.claim.name = scope
	sasl.oauthbearer.sub.claim.name = sub
	sasl.oauthbearer.token.endpoint.url = null
	security.protocol = PLAINTEXT
	security.providers = null
	send.buffer.bytes = 131072
	session.timeout.ms = 45000
	socket.connection.setup.timeout.max.ms = 30000
	socket.connection.setup.timeout.ms = 10000
	ssl.cipher.suites = null
	ssl.enabled.protocols = [TLSv1.2, TLSv1.3]
	ssl.endpoint.identification.algorithm = https
	ssl.engine.factory.class = null
	ssl.key.password = null
	ssl.keymanager.algorithm = SunX509
	ssl.keystore.certificate.chain = null
	ssl.keystore.key = null
	ssl.keystore.location = null
	ssl.keystore.password = null
	ssl.keystore.type = JKS
	ssl.protocol = TLSv1.3
	ssl.provider = null
	ssl.secure.random.implementation = null
	ssl.trustmanager.algorithm = PKIX
	ssl.truststore.certificates = null
	ssl.truststore.location = null
	ssl.truststore.password = null
	ssl.truststore.type = JKS
	value.deserializer = class org.springframework.kafka.support.serializer.JsonDeserializer

2026-04-01 20:29:55 [restartedMain] INFO  org.apache.kafka.common.telemetry.internals.KafkaMetricsCollector - initializing Kafka metrics collector
2026-04-01 20:29:55 [restartedMain] INFO  org.apache.kafka.common.utils.AppInfoParser - Kafka version: 3.7.1
2026-04-01 20:29:55 [restartedMain] INFO  org.apache.kafka.common.utils.AppInfoParser - Kafka commitId: e2494e6ffb89f828
2026-04-01 20:29:55 [restartedMain] INFO  org.apache.kafka.common.utils.AppInfoParser - Kafka startTimeMs: 1775055595736
2026-04-01 20:29:55 [restartedMain] INFO  org.apache.kafka.clients.consumer.internals.LegacyKafkaConsumer - [Consumer clientId=consumer-document-workers-3, groupId=document-workers] Subscribed to topic(s): document-uploaded
2026-04-01 20:29:55 [restartedMain] INFO  com.gyan.GyanApplication - Started GyanApplication in 3.092 seconds (process running for 1044.177)
2026-04-01 20:29:55 [restartedMain] INFO  org.springframework.boot.devtools.autoconfigure.ConditionEvaluationDeltaLoggingListener - Condition evaluation unchanged
2026-04-01 20:29:55 [org.springframework.kafka.KafkaListenerEndpointContainer#0-0-C-1] INFO  org.apache.kafka.clients.Metadata - [Consumer clientId=consumer-document-workers-3, groupId=document-workers] Cluster ID: phIC6OCuTGem87Ywbqq44Q
2026-04-01 20:29:55 [org.springframework.kafka.KafkaListenerEndpointContainer#0-0-C-1] INFO  org.apache.kafka.clients.consumer.internals.ConsumerCoordinator - [Consumer clientId=consumer-document-workers-3, groupId=document-workers] Discovered group coordinator localhost:9092 (id: 2147483646 rack: null)
2026-04-01 20:29:55 [org.springframework.kafka.KafkaListenerEndpointContainer#0-0-C-1] INFO  org.apache.kafka.clients.consumer.internals.ConsumerCoordinator - [Consumer clientId=consumer-document-workers-3, groupId=document-workers] (Re-)joining group
2026-04-01 20:29:55 [org.springframework.kafka.KafkaListenerEndpointContainer#0-0-C-1] INFO  org.apache.kafka.clients.consumer.internals.ConsumerCoordinator - [Consumer clientId=consumer-document-workers-3, groupId=document-workers] Request joining group due to: need to re-join with the given member-id: consumer-document-workers-3-28c1f826-4be6-4512-a451-9b60b0e8350e
2026-04-01 20:29:55 [org.springframework.kafka.KafkaListenerEndpointContainer#0-0-C-1] INFO  org.apache.kafka.clients.consumer.internals.ConsumerCoordinator - [Consumer clientId=consumer-document-workers-3, groupId=document-workers] (Re-)joining group
2026-04-01 20:29:58 [org.springframework.kafka.KafkaListenerEndpointContainer#0-0-C-1] INFO  org.apache.kafka.clients.consumer.internals.ConsumerCoordinator - [Consumer clientId=consumer-document-workers-3, groupId=document-workers] Successfully joined group with generation Generation{generationId=34, memberId='consumer-document-workers-3-28c1f826-4be6-4512-a451-9b60b0e8350e', protocol='range'}
2026-04-01 20:29:58 [org.springframework.kafka.KafkaListenerEndpointContainer#0-0-C-1] INFO  org.apache.kafka.clients.consumer.internals.ConsumerCoordinator - [Consumer clientId=consumer-document-workers-3, groupId=document-workers] Finished assignment for group at generation 34: {consumer-document-workers-3-28c1f826-4be6-4512-a451-9b60b0e8350e=Assignment(partitions=[document-uploaded-0, document-uploaded-1, document-uploaded-2])}
2026-04-01 20:29:58 [org.springframework.kafka.KafkaListenerEndpointContainer#0-0-C-1] INFO  org.apache.kafka.clients.consumer.internals.ConsumerCoordinator - [Consumer clientId=consumer-document-workers-3, groupId=document-workers] Successfully synced group in generation Generation{generationId=34, memberId='consumer-document-workers-3-28c1f826-4be6-4512-a451-9b60b0e8350e', protocol='range'}
2026-04-01 20:29:58 [org.springframework.kafka.KafkaListenerEndpointContainer#0-0-C-1] INFO  org.apache.kafka.clients.consumer.internals.ConsumerCoordinator - [Consumer clientId=consumer-document-workers-3, groupId=document-workers] Notifying assignor about the new Assignment(partitions=[document-uploaded-0, document-uploaded-1, document-uploaded-2])
2026-04-01 20:29:58 [org.springframework.kafka.KafkaListenerEndpointContainer#0-0-C-1] INFO  org.apache.kafka.clients.consumer.internals.ConsumerRebalanceListenerInvoker - [Consumer clientId=consumer-document-workers-3, groupId=document-workers] Adding newly assigned partitions: document-uploaded-0, document-uploaded-1, document-uploaded-2
2026-04-01 20:29:58 [org.springframework.kafka.KafkaListenerEndpointContainer#0-0-C-1] INFO  org.apache.kafka.clients.consumer.internals.ConsumerCoordinator - [Consumer clientId=consumer-document-workers-3, groupId=document-workers] Found no committed offset for partition document-uploaded-1
2026-04-01 20:29:58 [org.springframework.kafka.KafkaListenerEndpointContainer#0-0-C-1] INFO  org.apache.kafka.clients.consumer.internals.ConsumerUtils - Setting offset for partition document-uploaded-2 to the committed offset FetchPosition{offset=2, offsetEpoch=Optional.empty, currentLeader=LeaderAndEpoch{leader=Optional[localhost:9092 (id: 1 rack: null)], epoch=0}}
2026-04-01 20:29:58 [org.springframework.kafka.KafkaListenerEndpointContainer#0-0-C-1] INFO  org.apache.kafka.clients.consumer.internals.ConsumerUtils - Setting offset for partition document-uploaded-0 to the committed offset FetchPosition{offset=3, offsetEpoch=Optional.empty, currentLeader=LeaderAndEpoch{leader=Optional[localhost:9092 (id: 1 rack: null)], epoch=0}}
2026-04-01 20:29:58 [org.springframework.kafka.KafkaListenerEndpointContainer#0-0-C-1] INFO  org.apache.kafka.clients.consumer.internals.SubscriptionState - [Consumer clientId=consumer-document-workers-3, groupId=document-workers] Resetting offset for partition document-uploaded-1 to position FetchPosition{offset=0, offsetEpoch=Optional.empty, currentLeader=LeaderAndEpoch{leader=Optional[localhost:9092 (id: 1 rack: null)], epoch=0}}.
2026-04-01 20:29:58 [org.springframework.kafka.KafkaListenerEndpointContainer#0-0-C-1] INFO  org.springframework.kafka.listener.KafkaMessageListenerContainer - document-workers: partitions assigned: [document-uploaded-0, document-uploaded-1, document-uploaded-2]
2026-04-01 20:32:22 [File Watcher] INFO  org.springframework.boot.devtools.autoconfigure.LocalDevToolsAutoConfiguration$RestartingClassPathChangeChangedEventListener - Restarting due to 51 class path changes (0 additions, 51 deletions, 0 modifications)
2026-04-01 20:32:22 [org.springframework.kafka.KafkaListenerEndpointContainer#0-0-C-1] INFO  org.apache.kafka.clients.consumer.internals.ConsumerRebalanceListenerInvoker - [Consumer clientId=consumer-document-workers-3, groupId=document-workers] Revoke previously assigned partitions document-uploaded-0, document-uploaded-1, document-uploaded-2
2026-04-01 20:32:22 [org.springframework.kafka.KafkaListenerEndpointContainer#0-0-C-1] INFO  org.springframework.kafka.listener.KafkaMessageListenerContainer - document-workers: partitions revoked: [document-uploaded-0, document-uploaded-1, document-uploaded-2]
2026-04-01 20:32:22 [org.springframework.kafka.KafkaListenerEndpointContainer#0-0-C-1] INFO  org.apache.kafka.clients.consumer.internals.ConsumerCoordinator - [Consumer clientId=consumer-document-workers-3, groupId=document-workers] Member consumer-document-workers-3-28c1f826-4be6-4512-a451-9b60b0e8350e sending LeaveGroup request to coordinator localhost:9092 (id: 2147483646 rack: null) due to the consumer unsubscribed from all topics
2026-04-01 20:32:22 [org.springframework.kafka.KafkaListenerEndpointContainer#0-0-C-1] INFO  org.apache.kafka.clients.consumer.internals.ConsumerCoordinator - [Consumer clientId=consumer-document-workers-3, groupId=document-workers] Resetting generation and member id due to: consumer pro-actively leaving the group
2026-04-01 20:32:22 [org.springframework.kafka.KafkaListenerEndpointContainer#0-0-C-1] INFO  org.apache.kafka.clients.consumer.internals.ConsumerCoordinator - [Consumer clientId=consumer-document-workers-3, groupId=document-workers] Request joining group due to: consumer pro-actively leaving the group
2026-04-01 20:32:22 [org.springframework.kafka.KafkaListenerEndpointContainer#0-0-C-1] INFO  org.apache.kafka.clients.consumer.internals.LegacyKafkaConsumer - [Consumer clientId=consumer-document-workers-3, groupId=document-workers] Unsubscribed all topics or patterns and assigned partitions
2026-04-01 20:32:22 [org.springframework.kafka.KafkaListenerEndpointContainer#0-0-C-1] INFO  org.apache.kafka.clients.consumer.internals.ConsumerCoordinator - [Consumer clientId=consumer-document-workers-3, groupId=document-workers] Resetting generation and member id due to: consumer pro-actively leaving the group
2026-04-01 20:32:22 [org.springframework.kafka.KafkaListenerEndpointContainer#0-0-C-1] INFO  org.apache.kafka.clients.consumer.internals.ConsumerCoordinator - [Consumer clientId=consumer-document-workers-3, groupId=document-workers] Request joining group due to: consumer pro-actively leaving the group
2026-04-01 20:32:22 [org.springframework.kafka.KafkaListenerEndpointContainer#0-0-C-1] INFO  org.apache.kafka.common.metrics.Metrics - Metrics scheduler closed
2026-04-01 20:32:22 [org.springframework.kafka.KafkaListenerEndpointContainer#0-0-C-1] INFO  org.apache.kafka.common.metrics.Metrics - Closing reporter org.apache.kafka.common.metrics.JmxReporter
2026-04-01 20:32:22 [org.springframework.kafka.KafkaListenerEndpointContainer#0-0-C-1] INFO  org.apache.kafka.common.metrics.Metrics - Closing reporter org.apache.kafka.common.telemetry.internals.ClientTelemetryReporter
2026-04-01 20:32:22 [org.springframework.kafka.KafkaListenerEndpointContainer#0-0-C-1] INFO  org.apache.kafka.common.metrics.Metrics - Metrics reporters closed
2026-04-01 20:32:22 [org.springframework.kafka.KafkaListenerEndpointContainer#0-0-C-1] INFO  org.apache.kafka.common.utils.AppInfoParser - App info kafka.consumer for consumer-document-workers-3 unregistered
2026-04-01 20:32:22 [org.springframework.kafka.KafkaListenerEndpointContainer#0-0-C-1] INFO  org.springframework.kafka.listener.KafkaMessageListenerContainer - document-workers: Consumer stopped
2026-04-01 20:32:22 [Thread-12] INFO  org.apache.coyote.http11.Http11NioProtocol - Stopping ProtocolHandler ["http-nio-8080"]
2026-04-01 20:32:22 [Thread-12] INFO  org.springframework.orm.jpa.LocalContainerEntityManagerFactoryBean - Closing JPA EntityManagerFactory for persistence unit 'default'
2026-04-01 20:32:22 [Thread-12] INFO  com.zaxxer.hikari.HikariDataSource - HikariPool-3 - Shutdown initiated...
2026-04-01 20:32:22 [Thread-12] INFO  com.zaxxer.hikari.HikariDataSource - HikariPool-3 - Shutdown completed.
2026-04-01 20:32:22 [restartedMain] INFO  com.gyan.GyanApplication - Starting GyanApplication using Java 21.0.8 with PID 37352 (C:\Users\manjk\OneDrive\Desktop\Discipline\gyan\backend\target\classes started by manjk in C:\Users\manjk\OneDrive\Desktop\Discipline\gyan\backend)
2026-04-01 20:32:22 [restartedMain] INFO  com.gyan.GyanApplication - No active profile set, falling back to 1 default profile: "default"
2026-04-01 20:32:22 [restartedMain] INFO  org.springframework.data.repository.config.RepositoryConfigurationDelegate - Multiple Spring Data modules found, entering strict repository configuration mode
2026-04-01 20:32:22 [restartedMain] INFO  org.springframework.data.repository.config.RepositoryConfigurationDelegate - Bootstrapping Spring Data Elasticsearch repositories in DEFAULT mode.
2026-04-01 20:32:22 [restartedMain] INFO  org.springframework.data.repository.config.RepositoryConfigurationExtensionSupport - Spring Data Elasticsearch - Could not safely identify store assignment for repository candidate interface com.gyan.repository.ChatRepository; If you want this repository to be a Elasticsearch repository, consider annotating your entities with one of these annotations: org.springframework.data.elasticsearch.annotations.Document (preferred), or consider extending one of the following types with your repository: org.springframework.data.elasticsearch.repository.ElasticsearchRepository
2026-04-01 20:32:22 [restartedMain] INFO  org.springframework.data.repository.config.RepositoryConfigurationExtensionSupport - Spring Data Elasticsearch - Could not safely identify store assignment for repository candidate interface com.gyan.repository.RefreshTokenRepository; If you want this repository to be a Elasticsearch repository, consider annotating your entities with one of these annotations: org.springframework.data.elasticsearch.annotations.Document (preferred), or consider extending one of the following types with your repository: org.springframework.data.elasticsearch.repository.ElasticsearchRepository
2026-04-01 20:32:22 [restartedMain] INFO  org.springframework.data.repository.config.RepositoryConfigurationDelegate - Finished Spring Data repository scanning in 22 ms. Found 0 Elasticsearch repository interfaces.
2026-04-01 20:32:22 [restartedMain] INFO  org.springframework.data.repository.config.RepositoryConfigurationDelegate - Multiple Spring Data modules found, entering strict repository configuration mode
2026-04-01 20:32:22 [restartedMain] INFO  org.springframework.data.repository.config.RepositoryConfigurationDelegate - Bootstrapping Spring Data JPA repositories in DEFAULT mode.
2026-04-01 20:32:22 [restartedMain] WARN  org.springframework.boot.web.servlet.context.AnnotationConfigServletWebServerApplicationContext - Exception encountered during context initialization - cancelling refresh attempt: java.lang.NoClassDefFoundError: com/gyan/entity/User
2026-04-01 20:32:22 [restartedMain] INFO  org.springframework.boot.autoconfigure.logging.ConditionEvaluationReportLogger - 

Error starting ApplicationContext. To display the condition evaluation report re-run your application with 'debug' enabled.
2026-04-01 20:32:23 [restartedMain] ERROR org.springframework.boot.SpringApplication - Application run failed
java.lang.NoClassDefFoundError: com/gyan/entity/User
	at java.base/java.lang.Class.getDeclaredMethods0(Native Method)
	at java.base/java.lang.Class.privateGetDeclaredMethods(Class.java:3578)
	at java.base/java.lang.Class.privateGetPublicMethods(Class.java:3603)
	at java.base/java.lang.Class.getMethods(Class.java:2185)
	at org.springframework.data.util.ReactiveWrappers.usesReactiveType(ReactiveWrappers.java:141)
	at org.springframework.data.repository.core.support.AbstractRepositoryMetadata.isReactiveRepository(AbstractRepositoryMetadata.java:133)
	at org.springframework.data.repository.config.RepositoryConfigurationExtensionSupport.useRepositoryConfiguration(RepositoryConfigurationExtensionSupport.java:343)
	at org.springframework.data.repository.config.RepositoryConfigurationExtensionSupport.getRepositoryConfigurations(RepositoryConfigurationExtensionSupport.java:97)
	at org.springframework.data.repository.config.RepositoryConfigurationDelegate.registerRepositoriesIn(RepositoryConfigurationDelegate.java:168)
	at org.springframework.boot.autoconfigure.data.AbstractRepositoryConfigurationSourceSupport.registerBeanDefinitions(AbstractRepositoryConfigurationSourceSupport.java:62)
	at org.springframework.context.annotation.ConfigurationClassBeanDefinitionReader.lambda$loadBeanDefinitionsFromRegistrars$1(ConfigurationClassBeanDefinitionReader.java:376)
	at java.base/java.util.LinkedHashMap.forEach(LinkedHashMap.java:986)
	at org.springframework.context.annotation.ConfigurationClassBeanDefinitionReader.loadBeanDefinitionsFromRegistrars(ConfigurationClassBeanDefinitionReader.java:375)
	at org.springframework.context.annotation.ConfigurationClassBeanDefinitionReader.loadBeanDefinitionsForConfigurationClass(ConfigurationClassBeanDefinitionReader.java:148)
	at org.springframework.context.annotation.ConfigurationClassBeanDefinitionReader.loadBeanDefinitions(ConfigurationClassBeanDefinitionReader.java:120)
	at org.springframework.context.annotation.ConfigurationClassPostProcessor.processConfigBeanDefinitions(ConfigurationClassPostProcessor.java:429)
	at org.springframework.context.annotation.ConfigurationClassPostProcessor.postProcessBeanDefinitionRegistry(ConfigurationClassPostProcessor.java:290)
	at org.springframework.context.support.PostProcessorRegistrationDelegate.invokeBeanDefinitionRegistryPostProcessors(PostProcessorRegistrationDelegate.java:349)
	at org.springframework.context.support.PostProcessorRegistrationDelegate.invokeBeanFactoryPostProcessors(PostProcessorRegistrationDelegate.java:118)
	at org.springframework.context.support.AbstractApplicationContext.invokeBeanFactoryPostProcessors(AbstractApplicationContext.java:789)
	at org.springframework.context.support.AbstractApplicationContext.refresh(AbstractApplicationContext.java:607)
	at org.springframework.boot.web.servlet.context.ServletWebServerApplicationContext.refresh(ServletWebServerApplicationContext.java:146)
	at org.springframework.boot.SpringApplication.refresh(SpringApplication.java:754)
	at org.springframework.boot.SpringApplication.refreshContext(SpringApplication.java:456)
	at org.springframework.boot.SpringApplication.run(SpringApplication.java:335)
	at org.springframework.boot.SpringApplication.run(SpringApplication.java:1363)
	at org.springframework.boot.SpringApplication.run(SpringApplication.java:1352)
	at com.gyan.GyanApplication.main(GyanApplication.java:13)
	at java.base/jdk.internal.reflect.DirectMethodHandleAccessor.invoke(DirectMethodHandleAccessor.java:103)
	at java.base/java.lang.reflect.Method.invoke(Method.java:580)
	at org.springframework.boot.devtools.restart.RestartLauncher.run(RestartLauncher.java:50)
Caused by: java.lang.ClassNotFoundException: com.gyan.entity.User
	at java.base/jdk.internal.loader.BuiltinClassLoader.loadClass(BuiltinClassLoader.java:641)
	at java.base/jdk.internal.loader.ClassLoaders$AppClassLoader.loadClass(ClassLoaders.java:188)
	at java.base/java.lang.ClassLoader.loadClass(ClassLoader.java:526)
	at java.base/java.lang.Class.forName0(Native Method)
	at java.base/java.lang.Class.forName(Class.java:534)
	at java.base/java.lang.Class.forName(Class.java:513)
	at org.springframework.boot.devtools.restart.classloader.RestartClassLoader.loadClass(RestartClassLoader.java:121)
	at java.base/java.lang.ClassLoader.loadClass(ClassLoader.java:526)
	... 31 common frames omitted
2026-04-01 20:32:27 [restartedMain] INFO  com.gyan.GyanApplication - Starting GyanApplication using Java 21.0.8 with PID 37352 (C:\Users\manjk\OneDrive\Desktop\Discipline\gyan\backend\target\classes started by manjk in C:\Users\manjk\OneDrive\Desktop\Discipline\gyan\backend)
2026-04-01 20:32:27 [restartedMain] INFO  com.gyan.GyanApplication - No active profile set, falling back to 1 default profile: "default"
2026-04-01 20:32:28 [restartedMain] INFO  org.springframework.data.repository.config.RepositoryConfigurationDelegate - Multiple Spring Data modules found, entering strict repository configuration mode
2026-04-01 20:32:28 [restartedMain] INFO  org.springframework.data.repository.config.RepositoryConfigurationDelegate - Bootstrapping Spring Data Elasticsearch repositories in DEFAULT mode.
2026-04-01 20:32:28 [restartedMain] INFO  org.springframework.data.repository.config.RepositoryConfigurationExtensionSupport - Spring Data Elasticsearch - Could not safely identify store assignment for repository candidate interface com.gyan.repository.ChatRepository; If you want this repository to be a Elasticsearch repository, consider annotating your entities with one of these annotations: org.springframework.data.elasticsearch.annotations.Document (preferred), or consider extending one of the following types with your repository: org.springframework.data.elasticsearch.repository.ElasticsearchRepository
2026-04-01 20:32:28 [restartedMain] INFO  org.springframework.data.repository.config.RepositoryConfigurationExtensionSupport - Spring Data Elasticsearch - Could not safely identify store assignment for repository candidate interface com.gyan.repository.DocumentChunkRepository; If you want this repository to be a Elasticsearch repository, consider annotating your entities with one of these annotations: org.springframework.data.elasticsearch.annotations.Document (preferred), or consider extending one of the following types with your repository: org.springframework.data.elasticsearch.repository.ElasticsearchRepository
2026-04-01 20:32:28 [restartedMain] INFO  org.springframework.data.repository.config.RepositoryConfigurationExtensionSupport - Spring Data Elasticsearch - Could not safely identify store assignment for repository candidate interface com.gyan.repository.DocumentRepository; If you want this repository to be a Elasticsearch repository, consider annotating your entities with one of these annotations: org.springframework.data.elasticsearch.annotations.Document (preferred), or consider extending one of the following types with your repository: org.springframework.data.elasticsearch.repository.ElasticsearchRepository
2026-04-01 20:32:28 [restartedMain] INFO  org.springframework.data.repository.config.RepositoryConfigurationExtensionSupport - Spring Data Elasticsearch - Could not safely identify store assignment for repository candidate interface com.gyan.repository.RefreshTokenRepository; If you want this repository to be a Elasticsearch repository, consider annotating your entities with one of these annotations: org.springframework.data.elasticsearch.annotations.Document (preferred), or consider extending one of the following types with your repository: org.springframework.data.elasticsearch.repository.ElasticsearchRepository
2026-04-01 20:32:28 [restartedMain] INFO  org.springframework.data.repository.config.RepositoryConfigurationExtensionSupport - Spring Data Elasticsearch - Could not safely identify store assignment for repository candidate interface com.gyan.repository.UserRepository; If you want this repository to be a Elasticsearch repository, consider annotating your entities with one of these annotations: org.springframework.data.elasticsearch.annotations.Document (preferred), or consider extending one of the following types with your repository: org.springframework.data.elasticsearch.repository.ElasticsearchRepository
2026-04-01 20:32:28 [restartedMain] INFO  org.springframework.data.repository.config.RepositoryConfigurationDelegate - Finished Spring Data repository scanning in 58 ms. Found 1 Elasticsearch repository interface.
2026-04-01 20:32:28 [restartedMain] INFO  org.springframework.data.repository.config.RepositoryConfigurationDelegate - Multiple Spring Data modules found, entering strict repository configuration mode
2026-04-01 20:32:28 [restartedMain] INFO  org.springframework.data.repository.config.RepositoryConfigurationDelegate - Bootstrapping Spring Data JPA repositories in DEFAULT mode.
2026-04-01 20:32:28 [restartedMain] INFO  org.springframework.data.repository.config.RepositoryConfigurationExtensionSupport - Spring Data JPA - Could not safely identify store assignment for repository candidate interface com.gyan.repository.DocumentSearchRepository; If you want this repository to be a JPA repository, consider annotating your entities with one of these annotations: jakarta.persistence.Entity, jakarta.persistence.MappedSuperclass (preferred), or consider extending one of the following types with your repository: org.springframework.data.jpa.repository.JpaRepository
2026-04-01 20:32:28 [restartedMain] INFO  org.springframework.data.repository.config.RepositoryConfigurationDelegate - Finished Spring Data repository scanning in 36 ms. Found 5 JPA repository interfaces.
2026-04-01 20:32:28 [restartedMain] INFO  org.springframework.boot.web.embedded.tomcat.TomcatWebServer - Tomcat initialized with port 8080 (http)
2026-04-01 20:32:28 [restartedMain] INFO  org.apache.coyote.http11.Http11NioProtocol - Initializing ProtocolHandler ["http-nio-8080"]
2026-04-01 20:32:28 [restartedMain] INFO  org.apache.catalina.core.StandardService - Starting service [Tomcat]
2026-04-01 20:32:28 [restartedMain] INFO  org.apache.catalina.core.StandardEngine - Starting Servlet engine: [Apache Tomcat/10.1.31]
2026-04-01 20:32:28 [restartedMain] INFO  org.apache.catalina.core.ContainerBase.[Tomcat].[localhost].[/] - Initializing Spring embedded WebApplicationContext
2026-04-01 20:32:28 [restartedMain] INFO  org.springframework.boot.web.servlet.context.ServletWebServerApplicationContext - Root WebApplicationContext: initialization completed in 938 ms
2026-04-01 20:32:28 [restartedMain] INFO  org.hibernate.jpa.internal.util.LogHelper - HHH000204: Processing PersistenceUnitInfo [name: default]
2026-04-01 20:32:28 [restartedMain] INFO  org.hibernate.cache.internal.RegionFactoryInitiator - HHH000026: Second-level cache disabled
2026-04-01 20:32:28 [restartedMain] INFO  org.springframework.orm.jpa.persistenceunit.SpringPersistenceUnitInfo - No LoadTimeWeaver setup: ignoring JPA class transformer
2026-04-01 20:32:28 [restartedMain] INFO  com.zaxxer.hikari.HikariDataSource - HikariPool-4 - Starting...
2026-04-01 20:32:28 [restartedMain] INFO  com.zaxxer.hikari.pool.HikariPool - HikariPool-4 - Added connection org.postgresql.jdbc.PgConnection@6d3e2141
2026-04-01 20:32:28 [restartedMain] INFO  com.zaxxer.hikari.HikariDataSource - HikariPool-4 - Start completed.
2026-04-01 20:32:28 [restartedMain] WARN  org.hibernate.orm.deprecation - HHH90000025: PostgreSQLDialect does not need to be specified explicitly using 'hibernate.dialect' (remove the property setting and it will be selected by default)
2026-04-01 20:32:29 [restartedMain] INFO  org.hibernate.engine.transaction.jta.platform.internal.JtaPlatformInitiator - HHH000489: No JTA platform available (set 'hibernate.transaction.jta.platform' to enable JTA platform integration)
2026-04-01 20:32:29 [restartedMain] INFO  org.springframework.orm.jpa.LocalContainerEntityManagerFactoryBean - Initialized JPA EntityManagerFactory for persistence unit 'default'
2026-04-01 20:32:29 [restartedMain] INFO  org.springframework.boot.devtools.autoconfigure.OptionalLiveReloadServer - LiveReload server is running on port 35729
2026-04-01 20:32:29 [restartedMain] WARN  org.springframework.boot.autoconfigure.orm.jpa.JpaBaseConfiguration$JpaWebConfiguration - spring.jpa.open-in-view is enabled by default. Therefore, database queries may be performed during view rendering. Explicitly configure spring.jpa.open-in-view to disable this warning
2026-04-01 20:32:29 [restartedMain] WARN  org.springframework.boot.autoconfigure.security.servlet.UserDetailsServiceAutoConfiguration - 

Using generated security password: 28e74da6-c0e9-4e0f-8293-9cc14e815ebe

This generated password is for development use only. Your security configuration must be updated before running your application in production.

2026-04-01 20:32:29 [restartedMain] INFO  org.springframework.security.config.annotation.authentication.configuration.InitializeUserDetailsBeanManagerConfigurer$InitializeUserDetailsManagerConfigurer - Global AuthenticationManager configured with UserDetailsService bean with name inMemoryUserDetailsManager
2026-04-01 20:32:29 [restartedMain] INFO  org.apache.kafka.clients.admin.AdminClientConfig - AdminClientConfig values: 
	auto.include.jmx.reporter = true
	bootstrap.controllers = []
	bootstrap.servers = [localhost:9092]
	client.dns.lookup = use_all_dns_ips
	client.id = gyan-admin-3
	connections.max.idle.ms = 300000
	default.api.timeout.ms = 60000
	enable.metrics.push = true
	metadata.max.age.ms = 300000
	metric.reporters = []
	metrics.num.samples = 2
	metrics.recording.level = INFO
	metrics.sample.window.ms = 30000
	receive.buffer.bytes = 65536
	reconnect.backoff.max.ms = 1000
	reconnect.backoff.ms = 50
	request.timeout.ms = 30000
	retries = 2147483647
	retry.backoff.max.ms = 1000
	retry.backoff.ms = 100
	sasl.client.callback.handler.class = null
	sasl.jaas.config = null
	sasl.kerberos.kinit.cmd = /usr/bin/kinit
	sasl.kerberos.min.time.before.relogin = 60000
	sasl.kerberos.service.name = null
	sasl.kerberos.ticket.renew.jitter = 0.05
	sasl.kerberos.ticket.renew.window.factor = 0.8
	sasl.login.callback.handler.class = null
	sasl.login.class = null
	sasl.login.connect.timeout.ms = null
	sasl.login.read.timeout.ms = null
	sasl.login.refresh.buffer.seconds = 300
	sasl.login.refresh.min.period.seconds = 60
	sasl.login.refresh.window.factor = 0.8
	sasl.login.refresh.window.jitter = 0.05
	sasl.login.retry.backoff.max.ms = 10000
	sasl.login.retry.backoff.ms = 100
	sasl.mechanism = GSSAPI
	sasl.oauthbearer.clock.skew.seconds = 30
	sasl.oauthbearer.expected.audience = null
	sasl.oauthbearer.expected.issuer = null
	sasl.oauthbearer.jwks.endpoint.refresh.ms = 3600000
	sasl.oauthbearer.jwks.endpoint.retry.backoff.max.ms = 10000
	sasl.oauthbearer.jwks.endpoint.retry.backoff.ms = 100
	sasl.oauthbearer.jwks.endpoint.url = null
	sasl.oauthbearer.scope.claim.name = scope
	sasl.oauthbearer.sub.claim.name = sub
	sasl.oauthbearer.token.endpoint.url = null
	security.protocol = PLAINTEXT
	security.providers = null
	send.buffer.bytes = 131072
	socket.connection.setup.timeout.max.ms = 30000
	socket.connection.setup.timeout.ms = 10000
	ssl.cipher.suites = null
	ssl.enabled.protocols = [TLSv1.2, TLSv1.3]
	ssl.endpoint.identification.algorithm = https
	ssl.engine.factory.class = null
	ssl.key.password = null
	ssl.keymanager.algorithm = SunX509
	ssl.keystore.certificate.chain = null
	ssl.keystore.key = null
	ssl.keystore.location = null
	ssl.keystore.password = null
	ssl.keystore.type = JKS
	ssl.protocol = TLSv1.3
	ssl.provider = null
	ssl.secure.random.implementation = null
	ssl.trustmanager.algorithm = PKIX
	ssl.truststore.certificates = null
	ssl.truststore.location = null
	ssl.truststore.password = null
	ssl.truststore.type = JKS

2026-04-01 20:32:29 [restartedMain] INFO  org.apache.kafka.common.utils.AppInfoParser - Kafka version: 3.7.1
2026-04-01 20:32:29 [restartedMain] INFO  org.apache.kafka.common.utils.AppInfoParser - Kafka commitId: e2494e6ffb89f828
2026-04-01 20:32:29 [restartedMain] INFO  org.apache.kafka.common.utils.AppInfoParser - Kafka startTimeMs: 1775055749901
2026-04-01 20:32:29 [kafka-admin-client-thread | gyan-admin-3] INFO  org.apache.kafka.common.utils.AppInfoParser - App info kafka.admin.client for gyan-admin-3 unregistered
2026-04-01 20:32:29 [kafka-admin-client-thread | gyan-admin-3] INFO  org.apache.kafka.common.metrics.Metrics - Metrics scheduler closed
2026-04-01 20:32:29 [kafka-admin-client-thread | gyan-admin-3] INFO  org.apache.kafka.common.metrics.Metrics - Closing reporter org.apache.kafka.common.metrics.JmxReporter
2026-04-01 20:32:29 [kafka-admin-client-thread | gyan-admin-3] INFO  org.apache.kafka.common.metrics.Metrics - Metrics reporters closed
2026-04-01 20:32:29 [restartedMain] INFO  org.apache.coyote.http11.Http11NioProtocol - Starting ProtocolHandler ["http-nio-8080"]
2026-04-01 20:32:29 [restartedMain] INFO  org.springframework.boot.web.embedded.tomcat.TomcatWebServer - Tomcat started on port 8080 (http) with context path '/'
2026-04-01 20:32:29 [restartedMain] INFO  org.apache.kafka.clients.consumer.ConsumerConfig - ConsumerConfig values: 
	allow.auto.create.topics = true
	auto.commit.interval.ms = 5000
	auto.include.jmx.reporter = true
	auto.offset.reset = earliest
	bootstrap.servers = [localhost:9092]
	check.crcs = true
	client.dns.lookup = use_all_dns_ips
	client.id = consumer-document-workers-4
	client.rack = 
	connections.max.idle.ms = 540000
	default.api.timeout.ms = 60000
	enable.auto.commit = false
	enable.metrics.push = true
	exclude.internal.topics = true
	fetch.max.bytes = 52428800
	fetch.max.wait.ms = 500
	fetch.min.bytes = 1
	group.id = document-workers
	group.instance.id = null
	group.protocol = classic
	group.remote.assignor = null
	heartbeat.interval.ms = 3000
	interceptor.classes = []
	internal.leave.group.on.close = true
	internal.throw.on.fetch.stable.offset.unsupported = false
	isolation.level = read_uncommitted
	key.deserializer = class org.apache.kafka.common.serialization.StringDeserializer
	max.partition.fetch.bytes = 1048576
	max.poll.interval.ms = 300000
	max.poll.records = 500
	metadata.max.age.ms = 300000
	metric.reporters = []
	metrics.num.samples = 2
	metrics.recording.level = INFO
	metrics.sample.window.ms = 30000
	partition.assignment.strategy = [class org.apache.kafka.clients.consumer.RangeAssignor, class org.apache.kafka.clients.consumer.CooperativeStickyAssignor]
	receive.buffer.bytes = 65536
	reconnect.backoff.max.ms = 1000
	reconnect.backoff.ms = 50
	request.timeout.ms = 30000
	retry.backoff.max.ms = 1000
	retry.backoff.ms = 100
	sasl.client.callback.handler.class = null
	sasl.jaas.config = null
	sasl.kerberos.kinit.cmd = /usr/bin/kinit
	sasl.kerberos.min.time.before.relogin = 60000
	sasl.kerberos.service.name = null
	sasl.kerberos.ticket.renew.jitter = 0.05
	sasl.kerberos.ticket.renew.window.factor = 0.8
	sasl.login.callback.handler.class = null
	sasl.login.class = null
	sasl.login.connect.timeout.ms = null
	sasl.login.read.timeout.ms = null
	sasl.login.refresh.buffer.seconds = 300
	sasl.login.refresh.min.period.seconds = 60
	sasl.login.refresh.window.factor = 0.8
	sasl.login.refresh.window.jitter = 0.05
	sasl.login.retry.backoff.max.ms = 10000
	sasl.login.retry.backoff.ms = 100
	sasl.mechanism = GSSAPI
	sasl.oauthbearer.clock.skew.seconds = 30
	sasl.oauthbearer.expected.audience = null
	sasl.oauthbearer.expected.issuer = null
	sasl.oauthbearer.jwks.endpoint.refresh.ms = 3600000
	sasl.oauthbearer.jwks.endpoint.retry.backoff.max.ms = 10000
	sasl.oauthbearer.jwks.endpoint.retry.backoff.ms = 100
	sasl.oauthbearer.jwks.endpoint.url = null
	sasl.oauthbearer.scope.claim.name = scope
	sasl.oauthbearer.sub.claim.name = sub
	sasl.oauthbearer.token.endpoint.url = null
	security.protocol = PLAINTEXT
	security.providers = null
	send.buffer.bytes = 131072
	session.timeout.ms = 45000
	socket.connection.setup.timeout.max.ms = 30000
	socket.connection.setup.timeout.ms = 10000
	ssl.cipher.suites = null
	ssl.enabled.protocols = [TLSv1.2, TLSv1.3]
	ssl.endpoint.identification.algorithm = https
	ssl.engine.factory.class = null
	ssl.key.password = null
	ssl.keymanager.algorithm = SunX509
	ssl.keystore.certificate.chain = null
	ssl.keystore.key = null
	ssl.keystore.location = null
	ssl.keystore.password = null
	ssl.keystore.type = JKS
	ssl.protocol = TLSv1.3
	ssl.provider = null
	ssl.secure.random.implementation = null
	ssl.trustmanager.algorithm = PKIX
	ssl.truststore.certificates = null
	ssl.truststore.location = null
	ssl.truststore.password = null
	ssl.truststore.type = JKS
	value.deserializer = class org.springframework.kafka.support.serializer.JsonDeserializer

2026-04-01 20:32:29 [restartedMain] INFO  org.apache.kafka.common.telemetry.internals.KafkaMetricsCollector - initializing Kafka metrics collector
2026-04-01 20:32:29 [restartedMain] INFO  org.apache.kafka.common.utils.AppInfoParser - Kafka version: 3.7.1
2026-04-01 20:32:29 [restartedMain] INFO  org.apache.kafka.common.utils.AppInfoParser - Kafka commitId: e2494e6ffb89f828
2026-04-01 20:32:29 [restartedMain] INFO  org.apache.kafka.common.utils.AppInfoParser - Kafka startTimeMs: 1775055749942
2026-04-01 20:32:29 [restartedMain] INFO  org.apache.kafka.clients.consumer.internals.LegacyKafkaConsumer - [Consumer clientId=consumer-document-workers-4, groupId=document-workers] Subscribed to topic(s): document-uploaded
2026-04-01 20:32:29 [restartedMain] INFO  com.gyan.GyanApplication - Started GyanApplication in 2.349 seconds (process running for 1198.382)
2026-04-01 20:32:29 [restartedMain] INFO  org.springframework.boot.devtools.autoconfigure.ConditionEvaluationDeltaLoggingListener - Condition evaluation unchanged
2026-04-01 20:32:29 [org.springframework.kafka.KafkaListenerEndpointContainer#0-0-C-1] INFO  org.apache.kafka.clients.Metadata - [Consumer clientId=consumer-document-workers-4, groupId=document-workers] Cluster ID: phIC6OCuTGem87Ywbqq44Q
2026-04-01 20:32:29 [org.springframework.kafka.KafkaListenerEndpointContainer#0-0-C-1] INFO  org.apache.kafka.clients.consumer.internals.ConsumerCoordinator - [Consumer clientId=consumer-document-workers-4, groupId=document-workers] Discovered group coordinator localhost:9092 (id: 2147483646 rack: null)
2026-04-01 20:32:29 [org.springframework.kafka.KafkaListenerEndpointContainer#0-0-C-1] INFO  org.apache.kafka.clients.consumer.internals.ConsumerCoordinator - [Consumer clientId=consumer-document-workers-4, groupId=document-workers] (Re-)joining group
2026-04-01 20:32:29 [org.springframework.kafka.KafkaListenerEndpointContainer#0-0-C-1] INFO  org.apache.kafka.clients.consumer.internals.ConsumerCoordinator - [Consumer clientId=consumer-document-workers-4, groupId=document-workers] Request joining group due to: need to re-join with the given member-id: consumer-document-workers-4-089aa500-aaaa-4fde-8171-887bd9a6f8c9
2026-04-01 20:32:29 [org.springframework.kafka.KafkaListenerEndpointContainer#0-0-C-1] INFO  org.apache.kafka.clients.consumer.internals.ConsumerCoordinator - [Consumer clientId=consumer-document-workers-4, groupId=document-workers] (Re-)joining group
2026-04-01 20:32:32 [org.springframework.kafka.KafkaListenerEndpointContainer#0-0-C-1] INFO  org.apache.kafka.clients.consumer.internals.ConsumerCoordinator - [Consumer clientId=consumer-document-workers-4, groupId=document-workers] Successfully joined group with generation Generation{generationId=36, memberId='consumer-document-workers-4-089aa500-aaaa-4fde-8171-887bd9a6f8c9', protocol='range'}
2026-04-01 20:32:32 [org.springframework.kafka.KafkaListenerEndpointContainer#0-0-C-1] INFO  org.apache.kafka.clients.consumer.internals.ConsumerCoordinator - [Consumer clientId=consumer-document-workers-4, groupId=document-workers] Finished assignment for group at generation 36: {consumer-document-workers-4-089aa500-aaaa-4fde-8171-887bd9a6f8c9=Assignment(partitions=[document-uploaded-0, document-uploaded-1, document-uploaded-2])}
2026-04-01 20:32:32 [org.springframework.kafka.KafkaListenerEndpointContainer#0-0-C-1] INFO  org.apache.kafka.clients.consumer.internals.ConsumerCoordinator - [Consumer clientId=consumer-document-workers-4, groupId=document-workers] Successfully synced group in generation Generation{generationId=36, memberId='consumer-document-workers-4-089aa500-aaaa-4fde-8171-887bd9a6f8c9', protocol='range'}
2026-04-01 20:32:32 [org.springframework.kafka.KafkaListenerEndpointContainer#0-0-C-1] INFO  org.apache.kafka.clients.consumer.internals.ConsumerCoordinator - [Consumer clientId=consumer-document-workers-4, groupId=document-workers] Notifying assignor about the new Assignment(partitions=[document-uploaded-0, document-uploaded-1, document-uploaded-2])
2026-04-01 20:32:32 [org.springframework.kafka.KafkaListenerEndpointContainer#0-0-C-1] INFO  org.apache.kafka.clients.consumer.internals.ConsumerRebalanceListenerInvoker - [Consumer clientId=consumer-document-workers-4, groupId=document-workers] Adding newly assigned partitions: document-uploaded-0, document-uploaded-1, document-uploaded-2
2026-04-01 20:32:32 [org.springframework.kafka.KafkaListenerEndpointContainer#0-0-C-1] INFO  org.apache.kafka.clients.consumer.internals.ConsumerCoordinator - [Consumer clientId=consumer-document-workers-4, groupId=document-workers] Found no committed offset for partition document-uploaded-1
2026-04-01 20:32:32 [org.springframework.kafka.KafkaListenerEndpointContainer#0-0-C-1] INFO  org.apache.kafka.clients.consumer.internals.ConsumerUtils - Setting offset for partition document-uploaded-2 to the committed offset FetchPosition{offset=2, offsetEpoch=Optional.empty, currentLeader=LeaderAndEpoch{leader=Optional[localhost:9092 (id: 1 rack: null)], epoch=0}}
2026-04-01 20:32:32 [org.springframework.kafka.KafkaListenerEndpointContainer#0-0-C-1] INFO  org.apache.kafka.clients.consumer.internals.ConsumerUtils - Setting offset for partition document-uploaded-0 to the committed offset FetchPosition{offset=3, offsetEpoch=Optional.empty, currentLeader=LeaderAndEpoch{leader=Optional[localhost:9092 (id: 1 rack: null)], epoch=0}}
2026-04-01 20:32:33 [org.springframework.kafka.KafkaListenerEndpointContainer#0-0-C-1] INFO  org.apache.kafka.clients.consumer.internals.SubscriptionState - [Consumer clientId=consumer-document-workers-4, groupId=document-workers] Resetting offset for partition document-uploaded-1 to position FetchPosition{offset=0, offsetEpoch=Optional.empty, currentLeader=LeaderAndEpoch{leader=Optional[localhost:9092 (id: 1 rack: null)], epoch=0}}.
2026-04-01 20:32:33 [org.springframework.kafka.KafkaListenerEndpointContainer#0-0-C-1] INFO  org.springframework.kafka.listener.KafkaMessageListenerContainer - document-workers: partitions assigned: [document-uploaded-0, document-uploaded-1, document-uploaded-2]
2026-04-01 20:41:03 [File Watcher] INFO  org.springframework.boot.devtools.autoconfigure.LocalDevToolsAutoConfiguration$RestartingClassPathChangeChangedEventListener - Restarting due to 10 class path changes (0 additions, 0 deletions, 10 modifications)
2026-04-01 20:41:03 [org.springframework.kafka.KafkaListenerEndpointContainer#0-0-C-1] INFO  org.apache.kafka.clients.consumer.internals.ConsumerRebalanceListenerInvoker - [Consumer clientId=consumer-document-workers-4, groupId=document-workers] Revoke previously assigned partitions document-uploaded-0, document-uploaded-1, document-uploaded-2
2026-04-01 20:41:03 [org.springframework.kafka.KafkaListenerEndpointContainer#0-0-C-1] INFO  org.springframework.kafka.listener.KafkaMessageListenerContainer - document-workers: partitions revoked: [document-uploaded-0, document-uploaded-1, document-uploaded-2]
2026-04-01 20:41:03 [org.springframework.kafka.KafkaListenerEndpointContainer#0-0-C-1] INFO  org.apache.kafka.clients.consumer.internals.ConsumerCoordinator - [Consumer clientId=consumer-document-workers-4, groupId=document-workers] Member consumer-document-workers-4-089aa500-aaaa-4fde-8171-887bd9a6f8c9 sending LeaveGroup request to coordinator localhost:9092 (id: 2147483646 rack: null) due to the consumer unsubscribed from all topics
2026-04-01 20:41:03 [org.springframework.kafka.KafkaListenerEndpointContainer#0-0-C-1] INFO  org.apache.kafka.clients.consumer.internals.ConsumerCoordinator - [Consumer clientId=consumer-document-workers-4, groupId=document-workers] Resetting generation and member id due to: consumer pro-actively leaving the group
2026-04-01 20:41:03 [org.springframework.kafka.KafkaListenerEndpointContainer#0-0-C-1] INFO  org.apache.kafka.clients.consumer.internals.ConsumerCoordinator - [Consumer clientId=consumer-document-workers-4, groupId=document-workers] Request joining group due to: consumer pro-actively leaving the group
2026-04-01 20:41:03 [org.springframework.kafka.KafkaListenerEndpointContainer#0-0-C-1] INFO  org.apache.kafka.clients.consumer.internals.LegacyKafkaConsumer - [Consumer clientId=consumer-document-workers-4, groupId=document-workers] Unsubscribed all topics or patterns and assigned partitions
2026-04-01 20:41:03 [org.springframework.kafka.KafkaListenerEndpointContainer#0-0-C-1] INFO  org.apache.kafka.clients.consumer.internals.ConsumerCoordinator - [Consumer clientId=consumer-document-workers-4, groupId=document-workers] Resetting generation and member id due to: consumer pro-actively leaving the group
2026-04-01 20:41:03 [org.springframework.kafka.KafkaListenerEndpointContainer#0-0-C-1] INFO  org.apache.kafka.clients.consumer.internals.ConsumerCoordinator - [Consumer clientId=consumer-document-workers-4, groupId=document-workers] Request joining group due to: consumer pro-actively leaving the group
2026-04-01 20:41:03 [org.springframework.kafka.KafkaListenerEndpointContainer#0-0-C-1] INFO  org.apache.kafka.common.metrics.Metrics - Metrics scheduler closed
2026-04-01 20:41:03 [org.springframework.kafka.KafkaListenerEndpointContainer#0-0-C-1] INFO  org.apache.kafka.common.metrics.Metrics - Closing reporter org.apache.kafka.common.metrics.JmxReporter
2026-04-01 20:41:03 [org.springframework.kafka.KafkaListenerEndpointContainer#0-0-C-1] INFO  org.apache.kafka.common.metrics.Metrics - Closing reporter org.apache.kafka.common.telemetry.internals.ClientTelemetryReporter
2026-04-01 20:41:03 [org.springframework.kafka.KafkaListenerEndpointContainer#0-0-C-1] INFO  org.apache.kafka.common.metrics.Metrics - Metrics reporters closed
2026-04-01 20:41:03 [org.springframework.kafka.KafkaListenerEndpointContainer#0-0-C-1] INFO  org.apache.kafka.common.utils.AppInfoParser - App info kafka.consumer for consumer-document-workers-4 unregistered
2026-04-01 20:41:03 [org.springframework.kafka.KafkaListenerEndpointContainer#0-0-C-1] INFO  org.springframework.kafka.listener.KafkaMessageListenerContainer - document-workers: Consumer stopped
2026-04-01 20:41:03 [Thread-16] INFO  org.apache.coyote.http11.Http11NioProtocol - Stopping ProtocolHandler ["http-nio-8080"]
2026-04-01 20:41:03 [Thread-16] INFO  org.springframework.orm.jpa.LocalContainerEntityManagerFactoryBean - Closing JPA EntityManagerFactory for persistence unit 'default'
2026-04-01 20:41:03 [Thread-16] INFO  com.zaxxer.hikari.HikariDataSource - HikariPool-4 - Shutdown initiated...
2026-04-01 20:41:03 [Thread-16] INFO  com.zaxxer.hikari.HikariDataSource - HikariPool-4 - Shutdown completed.
2026-04-01 20:41:03 [restartedMain] INFO  com.gyan.GyanApplication - Starting GyanApplication using Java 21.0.8 with PID 37352 (C:\Users\manjk\OneDrive\Desktop\Discipline\gyan\backend\target\classes started by manjk in C:\Users\manjk\OneDrive\Desktop\Discipline\gyan\backend)
2026-04-01 20:41:03 [restartedMain] INFO  com.gyan.GyanApplication - No active profile set, falling back to 1 default profile: "default"
2026-04-01 20:41:03 [restartedMain] INFO  org.springframework.data.repository.config.RepositoryConfigurationDelegate - Multiple Spring Data modules found, entering strict repository configuration mode
2026-04-01 20:41:03 [restartedMain] INFO  org.springframework.data.repository.config.RepositoryConfigurationDelegate - Bootstrapping Spring Data Elasticsearch repositories in DEFAULT mode.
2026-04-01 20:41:03 [restartedMain] INFO  org.springframework.data.repository.config.RepositoryConfigurationExtensionSupport - Spring Data Elasticsearch - Could not safely identify store assignment for repository candidate interface com.gyan.repository.ChatRepository; If you want this repository to be a Elasticsearch repository, consider annotating your entities with one of these annotations: org.springframework.data.elasticsearch.annotations.Document (preferred), or consider extending one of the following types with your repository: org.springframework.data.elasticsearch.repository.ElasticsearchRepository
2026-04-01 20:41:03 [restartedMain] INFO  org.springframework.data.repository.config.RepositoryConfigurationExtensionSupport - Spring Data Elasticsearch - Could not safely identify store assignment for repository candidate interface com.gyan.repository.DocumentChunkRepository; If you want this repository to be a Elasticsearch repository, consider annotating your entities with one of these annotations: org.springframework.data.elasticsearch.annotations.Document (preferred), or consider extending one of the following types with your repository: org.springframework.data.elasticsearch.repository.ElasticsearchRepository
2026-04-01 20:41:03 [restartedMain] INFO  org.springframework.data.repository.config.RepositoryConfigurationExtensionSupport - Spring Data Elasticsearch - Could not safely identify store assignment for repository candidate interface com.gyan.repository.DocumentRepository; If you want this repository to be a Elasticsearch repository, consider annotating your entities with one of these annotations: org.springframework.data.elasticsearch.annotations.Document (preferred), or consider extending one of the following types with your repository: org.springframework.data.elasticsearch.repository.ElasticsearchRepository
2026-04-01 20:41:04 [restartedMain] INFO  org.springframework.data.repository.config.RepositoryConfigurationExtensionSupport - Spring Data Elasticsearch - Could not safely identify store assignment for repository candidate interface com.gyan.repository.RefreshTokenRepository; If you want this repository to be a Elasticsearch repository, consider annotating your entities with one of these annotations: org.springframework.data.elasticsearch.annotations.Document (preferred), or consider extending one of the following types with your repository: org.springframework.data.elasticsearch.repository.ElasticsearchRepository
2026-04-01 20:41:04 [restartedMain] INFO  org.springframework.data.repository.config.RepositoryConfigurationExtensionSupport - Spring Data Elasticsearch - Could not safely identify store assignment for repository candidate interface com.gyan.repository.UserRepository; If you want this repository to be a Elasticsearch repository, consider annotating your entities with one of these annotations: org.springframework.data.elasticsearch.annotations.Document (preferred), or consider extending one of the following types with your repository: org.springframework.data.elasticsearch.repository.ElasticsearchRepository
2026-04-01 20:41:04 [restartedMain] INFO  org.springframework.data.repository.config.RepositoryConfigurationDelegate - Finished Spring Data repository scanning in 38 ms. Found 1 Elasticsearch repository interface.
2026-04-01 20:41:04 [restartedMain] INFO  org.springframework.data.repository.config.RepositoryConfigurationDelegate - Multiple Spring Data modules found, entering strict repository configuration mode
2026-04-01 20:41:04 [restartedMain] INFO  org.springframework.data.repository.config.RepositoryConfigurationDelegate - Bootstrapping Spring Data JPA repositories in DEFAULT mode.
2026-04-01 20:41:04 [restartedMain] INFO  org.springframework.data.repository.config.RepositoryConfigurationExtensionSupport - Spring Data JPA - Could not safely identify store assignment for repository candidate interface com.gyan.repository.DocumentSearchRepository; If you want this repository to be a JPA repository, consider annotating your entities with one of these annotations: jakarta.persistence.Entity, jakarta.persistence.MappedSuperclass (preferred), or consider extending one of the following types with your repository: org.springframework.data.jpa.repository.JpaRepository
2026-04-01 20:41:04 [restartedMain] INFO  org.springframework.data.repository.config.RepositoryConfigurationDelegate - Finished Spring Data repository scanning in 26 ms. Found 5 JPA repository interfaces.
2026-04-01 20:41:04 [restartedMain] INFO  org.springframework.boot.web.embedded.tomcat.TomcatWebServer - Tomcat initialized with port 8080 (http)
2026-04-01 20:41:04 [restartedMain] INFO  org.apache.coyote.http11.Http11NioProtocol - Initializing ProtocolHandler ["http-nio-8080"]
2026-04-01 20:41:04 [restartedMain] INFO  org.apache.catalina.core.StandardService - Starting service [Tomcat]
2026-04-01 20:41:04 [restartedMain] INFO  org.apache.catalina.core.StandardEngine - Starting Servlet engine: [Apache Tomcat/10.1.31]
2026-04-01 20:41:04 [restartedMain] INFO  org.apache.catalina.core.ContainerBase.[Tomcat].[localhost].[/] - Initializing Spring embedded WebApplicationContext
2026-04-01 20:41:04 [restartedMain] INFO  org.springframework.boot.web.servlet.context.ServletWebServerApplicationContext - Root WebApplicationContext: initialization completed in 578 ms
2026-04-01 20:41:04 [restartedMain] INFO  org.hibernate.jpa.internal.util.LogHelper - HHH000204: Processing PersistenceUnitInfo [name: default]
2026-04-01 20:41:04 [restartedMain] INFO  org.hibernate.cache.internal.RegionFactoryInitiator - HHH000026: Second-level cache disabled
2026-04-01 20:41:04 [restartedMain] INFO  org.springframework.orm.jpa.persistenceunit.SpringPersistenceUnitInfo - No LoadTimeWeaver setup: ignoring JPA class transformer
2026-04-01 20:41:04 [restartedMain] INFO  com.zaxxer.hikari.HikariDataSource - HikariPool-5 - Starting...
2026-04-01 20:41:05 [restartedMain] WARN  org.hibernate.engine.jdbc.spi.SqlExceptionHelper - SQL Error: 0, SQLState: 28P01
2026-04-01 20:41:05 [restartedMain] ERROR org.hibernate.engine.jdbc.spi.SqlExceptionHelper - FATAL: password authentication failed for user "${DB_USERNAME}"
2026-04-01 20:41:05 [restartedMain] WARN  org.hibernate.engine.jdbc.env.internal.JdbcEnvironmentInitiator - HHH000342: Could not obtain connection to query metadata
org.hibernate.exception.GenericJDBCException: unable to obtain isolated JDBC connection [FATAL: password authentication failed for user "${DB_USERNAME}"] [n/a]
	at org.hibernate.exception.internal.StandardSQLExceptionConverter.convert(StandardSQLExceptionConverter.java:63)
	at org.hibernate.engine.jdbc.spi.SqlExceptionHelper.convert(SqlExceptionHelper.java:108)
	at org.hibernate.engine.jdbc.spi.SqlExceptionHelper.convert(SqlExceptionHelper.java:94)
	at org.hibernate.resource.transaction.backend.jdbc.internal.JdbcIsolationDelegate.delegateWork(JdbcIsolationDelegate.java:116)
	at org.hibernate.engine.jdbc.env.internal.JdbcEnvironmentInitiator.getJdbcEnvironmentUsingJdbcMetadata(JdbcEnvironmentInitiator.java:292)
	at org.hibernate.engine.jdbc.env.internal.JdbcEnvironmentInitiator.initiateService(JdbcEnvironmentInitiator.java:124)
	at org.hibernate.engine.jdbc.env.internal.JdbcEnvironmentInitiator.initiateService(JdbcEnvironmentInitiator.java:78)
	at org.hibernate.boot.registry.internal.StandardServiceRegistryImpl.initiateService(StandardServiceRegistryImpl.java:130)
	at org.hibernate.service.internal.AbstractServiceRegistryImpl.createService(AbstractServiceRegistryImpl.java:263)
	at org.hibernate.service.internal.AbstractServiceRegistryImpl.initializeService(AbstractServiceRegistryImpl.java:238)
	at org.hibernate.service.internal.AbstractServiceRegistryImpl.getService(AbstractServiceRegistryImpl.java:215)
	at org.hibernate.boot.model.relational.Database.<init>(Database.java:45)
	at org.hibernate.boot.internal.InFlightMetadataCollectorImpl.getDatabase(InFlightMetadataCollectorImpl.java:221)
	at org.hibernate.boot.internal.InFlightMetadataCollectorImpl.<init>(InFlightMetadataCollectorImpl.java:189)
	at org.hibernate.boot.model.process.spi.MetadataBuildingProcess.complete(MetadataBuildingProcess.java:171)
	at org.hibernate.jpa.boot.internal.EntityManagerFactoryBuilderImpl.metadata(EntityManagerFactoryBuilderImpl.java:1431)
	at org.hibernate.jpa.boot.internal.EntityManagerFactoryBuilderImpl.build(EntityManagerFactoryBuilderImpl.java:1502)
	at org.springframework.orm.jpa.vendor.SpringHibernateJpaPersistenceProvider.createContainerEntityManagerFactory(SpringHibernateJpaPersistenceProvider.java:75)
	at org.springframework.orm.jpa.LocalContainerEntityManagerFactoryBean.createNativeEntityManagerFactory(LocalContainerEntityManagerFactoryBean.java:390)
	at org.springframework.orm.jpa.AbstractEntityManagerFactoryBean.buildNativeEntityManagerFactory(AbstractEntityManagerFactoryBean.java:409)
	at org.springframework.orm.jpa.AbstractEntityManagerFactoryBean.afterPropertiesSet(AbstractEntityManagerFactoryBean.java:396)
	at org.springframework.orm.jpa.LocalContainerEntityManagerFactoryBean.afterPropertiesSet(LocalContainerEntityManagerFactoryBean.java:366)
	at org.springframework.beans.factory.support.AbstractAutowireCapableBeanFactory.invokeInitMethods(AbstractAutowireCapableBeanFactory.java:1853)
	at org.springframework.beans.factory.support.AbstractAutowireCapableBeanFactory.initializeBean(AbstractAutowireCapableBeanFactory.java:1802)
	at org.springframework.beans.factory.support.AbstractAutowireCapableBeanFactory.doCreateBean(AbstractAutowireCapableBeanFactory.java:600)
	at org.springframework.beans.factory.support.AbstractAutowireCapableBeanFactory.createBean(AbstractAutowireCapableBeanFactory.java:522)
	at org.springframework.beans.factory.support.AbstractBeanFactory.lambda$doGetBean$0(AbstractBeanFactory.java:337)
	at org.springframework.beans.factory.support.DefaultSingletonBeanRegistry.getSingleton(DefaultSingletonBeanRegistry.java:234)
	at org.springframework.beans.factory.support.AbstractBeanFactory.doGetBean(AbstractBeanFactory.java:335)
	at org.springframework.beans.factory.support.AbstractBeanFactory.getBean(AbstractBeanFactory.java:205)
	at org.springframework.context.support.AbstractApplicationContext.finishBeanFactoryInitialization(AbstractApplicationContext.java:954)
	at org.springframework.context.support.AbstractApplicationContext.refresh(AbstractApplicationContext.java:625)
	at org.springframework.boot.web.servlet.context.ServletWebServerApplicationContext.refresh(ServletWebServerApplicationContext.java:146)
	at org.springframework.boot.SpringApplication.refresh(SpringApplication.java:754)
	at org.springframework.boot.SpringApplication.refreshContext(SpringApplication.java:456)
	at org.springframework.boot.SpringApplication.run(SpringApplication.java:335)
	at org.springframework.boot.SpringApplication.run(SpringApplication.java:1363)
	at org.springframework.boot.SpringApplication.run(SpringApplication.java:1352)
	at com.gyan.GyanApplication.main(GyanApplication.java:13)
	at java.base/jdk.internal.reflect.DirectMethodHandleAccessor.invoke(DirectMethodHandleAccessor.java:103)
	at java.base/java.lang.reflect.Method.invoke(Method.java:580)
	at org.springframework.boot.devtools.restart.RestartLauncher.run(RestartLauncher.java:50)
Caused by: org.postgresql.util.PSQLException: FATAL: password authentication failed for user "${DB_USERNAME}"
	at org.postgresql.core.v3.ConnectionFactoryImpl.doAuthentication(ConnectionFactoryImpl.java:711)
	at org.postgresql.core.v3.ConnectionFactoryImpl.tryConnect(ConnectionFactoryImpl.java:213)
	at org.postgresql.core.v3.ConnectionFactoryImpl.openConnectionImpl(ConnectionFactoryImpl.java:268)
	at org.postgresql.core.ConnectionFactory.openConnection(ConnectionFactory.java:54)
	at org.postgresql.jdbc.PgConnection.<init>(PgConnection.java:273)
	at org.postgresql.Driver.makeConnection(Driver.java:446)
	at org.postgresql.Driver.connect(Driver.java:298)
	at com.zaxxer.hikari.util.DriverDataSource.getConnection(DriverDataSource.java:137)
	at com.zaxxer.hikari.pool.PoolBase.newConnection(PoolBase.java:360)
	at com.zaxxer.hikari.pool.PoolBase.newPoolEntry(PoolBase.java:202)
	at com.zaxxer.hikari.pool.HikariPool.createPoolEntry(HikariPool.java:461)
	at com.zaxxer.hikari.pool.HikariPool.checkFailFast(HikariPool.java:550)
	at com.zaxxer.hikari.pool.HikariPool.<init>(HikariPool.java:98)
	at com.zaxxer.hikari.HikariDataSource.getConnection(HikariDataSource.java:111)
	at org.hibernate.engine.jdbc.connections.internal.DatasourceConnectionProviderImpl.getConnection(DatasourceConnectionProviderImpl.java:122)
	at org.hibernate.engine.jdbc.env.internal.JdbcEnvironmentInitiator$ConnectionProviderJdbcConnectionAccess.obtainConnection(JdbcEnvironmentInitiator.java:439)
	at org.hibernate.resource.transaction.backend.jdbc.internal.JdbcIsolationDelegate.delegateWork(JdbcIsolationDelegate.java:61)
	... 38 common frames omitted
2026-04-01 20:41:05 [restartedMain] WARN  org.hibernate.orm.deprecation - HHH90000025: PostgreSQLDialect does not need to be specified explicitly using 'hibernate.dialect' (remove the property setting and it will be selected by default)
2026-04-01 20:41:05 [restartedMain] INFO  org.hibernate.engine.transaction.jta.platform.internal.JtaPlatformInitiator - HHH000489: No JTA platform available (set 'hibernate.transaction.jta.platform' to enable JTA platform integration)
2026-04-01 20:41:05 [restartedMain] INFO  com.zaxxer.hikari.HikariDataSource - HikariPool-5 - Starting...
2026-04-01 20:41:06 [restartedMain] WARN  org.hibernate.engine.jdbc.spi.SqlExceptionHelper - SQL Error: 0, SQLState: 28P01
2026-04-01 20:41:06 [restartedMain] ERROR org.hibernate.engine.jdbc.spi.SqlExceptionHelper - FATAL: password authentication failed for user "${DB_USERNAME}"
2026-04-01 20:41:06 [restartedMain] ERROR org.springframework.orm.jpa.LocalContainerEntityManagerFactoryBean - Failed to initialize JPA EntityManagerFactory: [PersistenceUnit: default] Unable to build Hibernate SessionFactory; nested exception is org.hibernate.exception.GenericJDBCException: Unable to open JDBC Connection for DDL execution [FATAL: password authentication failed for user "${DB_USERNAME}"] [n/a]
2026-04-01 20:41:06 [restartedMain] WARN  org.springframework.boot.web.servlet.context.AnnotationConfigServletWebServerApplicationContext - Exception encountered during context initialization - cancelling refresh attempt: org.springframework.beans.factory.BeanCreationException: Error creating bean with name 'entityManagerFactory' defined in class path resource [org/springframework/boot/autoconfigure/orm/jpa/HibernateJpaConfiguration.class]: [PersistenceUnit: default] Unable to build Hibernate SessionFactory; nested exception is org.hibernate.exception.GenericJDBCException: Unable to open JDBC Connection for DDL execution [FATAL: password authentication failed for user "${DB_USERNAME}"] [n/a]
2026-04-01 20:41:06 [restartedMain] INFO  org.apache.catalina.core.StandardService - Stopping service [Tomcat]
2026-04-01 20:41:06 [restartedMain] INFO  org.springframework.boot.autoconfigure.logging.ConditionEvaluationReportLogger - 

Error starting ApplicationContext. To display the condition evaluation report re-run your application with 'debug' enabled.
2026-04-01 20:41:06 [restartedMain] ERROR org.springframework.boot.SpringApplication - Application run failed
org.springframework.beans.factory.BeanCreationException: Error creating bean with name 'entityManagerFactory' defined in class path resource [org/springframework/boot/autoconfigure/orm/jpa/HibernateJpaConfiguration.class]: [PersistenceUnit: default] Unable to build Hibernate SessionFactory; nested exception is org.hibernate.exception.GenericJDBCException: Unable to open JDBC Connection for DDL execution [FATAL: password authentication failed for user "${DB_USERNAME}"] [n/a]
	at org.springframework.beans.factory.support.AbstractAutowireCapableBeanFactory.initializeBean(AbstractAutowireCapableBeanFactory.java:1806)
	at org.springframework.beans.factory.support.AbstractAutowireCapableBeanFactory.doCreateBean(AbstractAutowireCapableBeanFactory.java:600)
	at org.springframework.beans.factory.support.AbstractAutowireCapableBeanFactory.createBean(AbstractAutowireCapableBeanFactory.java:522)
	at org.springframework.beans.factory.support.AbstractBeanFactory.lambda$doGetBean$0(AbstractBeanFactory.java:337)
	at org.springframework.beans.factory.support.DefaultSingletonBeanRegistry.getSingleton(DefaultSingletonBeanRegistry.java:234)
	at org.springframework.beans.factory.support.AbstractBeanFactory.doGetBean(AbstractBeanFactory.java:335)
	at org.springframework.beans.factory.support.AbstractBeanFactory.getBean(AbstractBeanFactory.java:205)
	at org.springframework.context.support.AbstractApplicationContext.finishBeanFactoryInitialization(AbstractApplicationContext.java:954)
	at org.springframework.context.support.AbstractApplicationContext.refresh(AbstractApplicationContext.java:625)
	at org.springframework.boot.web.servlet.context.ServletWebServerApplicationContext.refresh(ServletWebServerApplicationContext.java:146)
	at org.springframework.boot.SpringApplication.refresh(SpringApplication.java:754)
	at org.springframework.boot.SpringApplication.refreshContext(SpringApplication.java:456)
	at org.springframework.boot.SpringApplication.run(SpringApplication.java:335)
	at org.springframework.boot.SpringApplication.run(SpringApplication.java:1363)
	at org.springframework.boot.SpringApplication.run(SpringApplication.java:1352)
	at com.gyan.GyanApplication.main(GyanApplication.java:13)
	at java.base/jdk.internal.reflect.DirectMethodHandleAccessor.invoke(DirectMethodHandleAccessor.java:103)
	at java.base/java.lang.reflect.Method.invoke(Method.java:580)
	at org.springframework.boot.devtools.restart.RestartLauncher.run(RestartLauncher.java:50)
Caused by: jakarta.persistence.PersistenceException: [PersistenceUnit: default] Unable to build Hibernate SessionFactory; nested exception is org.hibernate.exception.GenericJDBCException: Unable to open JDBC Connection for DDL execution [FATAL: password authentication failed for user "${DB_USERNAME}"] [n/a]
	at org.springframework.orm.jpa.AbstractEntityManagerFactoryBean.buildNativeEntityManagerFactory(AbstractEntityManagerFactoryBean.java:421)
	at org.springframework.orm.jpa.AbstractEntityManagerFactoryBean.afterPropertiesSet(AbstractEntityManagerFactoryBean.java:396)
	at org.springframework.orm.jpa.LocalContainerEntityManagerFactoryBean.afterPropertiesSet(LocalContainerEntityManagerFactoryBean.java:366)
	at org.springframework.beans.factory.support.AbstractAutowireCapableBeanFactory.invokeInitMethods(AbstractAutowireCapableBeanFactory.java:1853)
	at org.springframework.beans.factory.support.AbstractAutowireCapableBeanFactory.initializeBean(AbstractAutowireCapableBeanFactory.java:1802)
	... 18 common frames omitted
Caused by: org.hibernate.exception.GenericJDBCException: Unable to open JDBC Connection for DDL execution [FATAL: password authentication failed for user "${DB_USERNAME}"] [n/a]
	at org.hibernate.exception.internal.StandardSQLExceptionConverter.convert(StandardSQLExceptionConverter.java:63)
	at org.hibernate.engine.jdbc.spi.SqlExceptionHelper.convert(SqlExceptionHelper.java:108)
	at org.hibernate.engine.jdbc.spi.SqlExceptionHelper.convert(SqlExceptionHelper.java:94)
	at org.hibernate.resource.transaction.backend.jdbc.internal.DdlTransactionIsolatorNonJtaImpl.getIsolatedConnection(DdlTransactionIsolatorNonJtaImpl.java:74)
	at org.hibernate.resource.transaction.backend.jdbc.internal.DdlTransactionIsolatorNonJtaImpl.getIsolatedConnection(DdlTransactionIsolatorNonJtaImpl.java:39)
	at org.hibernate.tool.schema.internal.exec.ImprovedExtractionContextImpl.getJdbcConnection(ImprovedExtractionContextImpl.java:63)
	at org.hibernate.tool.schema.extract.spi.ExtractionContext.getQueryResults(ExtractionContext.java:43)
	at org.hibernate.tool.schema.extract.internal.SequenceInformationExtractorLegacyImpl.extractMetadata(SequenceInformationExtractorLegacyImpl.java:39)
	at org.hibernate.tool.schema.extract.internal.DatabaseInformationImpl.initializeSequences(DatabaseInformationImpl.java:66)
	at org.hibernate.tool.schema.extract.internal.DatabaseInformationImpl.<init>(DatabaseInformationImpl.java:60)
	at org.hibernate.tool.schema.internal.Helper.buildDatabaseInformation(Helper.java:185)
	at org.hibernate.tool.schema.internal.AbstractSchemaMigrator.doMigration(AbstractSchemaMigrator.java:100)
	at org.hibernate.tool.schema.spi.SchemaManagementToolCoordinator.performDatabaseAction(SchemaManagementToolCoordinator.java:280)
	at org.hibernate.tool.schema.spi.SchemaManagementToolCoordinator.lambda$process$5(SchemaManagementToolCoordinator.java:144)
	at java.base/java.util.HashMap.forEach(HashMap.java:1429)
	at org.hibernate.tool.schema.spi.SchemaManagementToolCoordinator.process(SchemaManagementToolCoordinator.java:141)
	at org.hibernate.boot.internal.SessionFactoryObserverForSchemaExport.sessionFactoryCreated(SessionFactoryObserverForSchemaExport.java:37)
	at org.hibernate.internal.SessionFactoryObserverChain.sessionFactoryCreated(SessionFactoryObserverChain.java:35)
	at org.hibernate.internal.SessionFactoryImpl.<init>(SessionFactoryImpl.java:322)
	at org.hibernate.boot.internal.SessionFactoryBuilderImpl.build(SessionFactoryBuilderImpl.java:457)
	at org.hibernate.jpa.boot.internal.EntityManagerFactoryBuilderImpl.build(EntityManagerFactoryBuilderImpl.java:1506)
	at org.springframework.orm.jpa.vendor.SpringHibernateJpaPersistenceProvider.createContainerEntityManagerFactory(SpringHibernateJpaPersistenceProvider.java:75)
	at org.springframework.orm.jpa.LocalContainerEntityManagerFactoryBean.createNativeEntityManagerFactory(LocalContainerEntityManagerFactoryBean.java:390)
	at org.springframework.orm.jpa.AbstractEntityManagerFactoryBean.buildNativeEntityManagerFactory(AbstractEntityManagerFactoryBean.java:409)
	... 22 common frames omitted
Caused by: org.postgresql.util.PSQLException: FATAL: password authentication failed for user "${DB_USERNAME}"
	at org.postgresql.core.v3.ConnectionFactoryImpl.doAuthentication(ConnectionFactoryImpl.java:711)
	at org.postgresql.core.v3.ConnectionFactoryImpl.tryConnect(ConnectionFactoryImpl.java:213)
	at org.postgresql.core.v3.ConnectionFactoryImpl.openConnectionImpl(ConnectionFactoryImpl.java:268)
	at org.postgresql.core.ConnectionFactory.openConnection(ConnectionFactory.java:54)
	at org.postgresql.jdbc.PgConnection.<init>(PgConnection.java:273)
	at org.postgresql.Driver.makeConnection(Driver.java:446)
	at org.postgresql.Driver.connect(Driver.java:298)
	at com.zaxxer.hikari.util.DriverDataSource.getConnection(DriverDataSource.java:137)
	at com.zaxxer.hikari.pool.PoolBase.newConnection(PoolBase.java:360)
	at com.zaxxer.hikari.pool.PoolBase.newPoolEntry(PoolBase.java:202)
	at com.zaxxer.hikari.pool.HikariPool.createPoolEntry(HikariPool.java:461)
	at com.zaxxer.hikari.pool.HikariPool.checkFailFast(HikariPool.java:550)
	at com.zaxxer.hikari.pool.HikariPool.<init>(HikariPool.java:98)
	at com.zaxxer.hikari.HikariDataSource.getConnection(HikariDataSource.java:111)
	at org.hibernate.engine.jdbc.connections.internal.DatasourceConnectionProviderImpl.getConnection(DatasourceConnectionProviderImpl.java:122)
	at org.hibernate.engine.jdbc.env.internal.JdbcEnvironmentInitiator$ConnectionProviderJdbcConnectionAccess.obtainConnection(JdbcEnvironmentInitiator.java:439)
	at org.hibernate.resource.transaction.backend.jdbc.internal.DdlTransactionIsolatorNonJtaImpl.getIsolatedConnection(DdlTransactionIsolatorNonJtaImpl.java:46)
	... 42 common frames omitted
